TermID	Name	Value	LogSize	Frequency	Uniqueness	Dispensability	Representative
"GO:0000082"	"G1/S transition of mitotic cell cycle"	-3.290730039024169	4.261786086565754	0.0449713796341061	0.9910233489410974	0.62253737	null
"GO:0044843"	"cell cycle G1/S phase transition"	-3.209011524911184	4.265643141942135	0.04537258016392709	0.991018842894637	0.84068986	82
"GO:0000165"	"MAPK cascade"	-35.170696227168975	4.759176625403369	0.14136534496772205	0.7548185636808783	0.37281208	null
"GO:0019722"	"calcium-mediated signaling"	-7.856985199745905	4.791922117501735	0.1524365105084264	0.7535848932476557	0.73619769	165
"GO:0000278"	"mitotic cell cycle"	-6.665546248849069	5.644649284426092	1.0859809163429945	0.9898226720658712	0.44769534	null
"GO:0000723"	"telomere maintenance"	-4.060480747381382	4.870193145234065	0.1825413183626627	0.9512330027134401	0.662576	null
"GO:0001101"	"response to acid chemical"	-10.158640529545146	4.828292459459625	0.16575242993377337	0.8748722976025853	0.54196644	null
"GO:0001666"	"response to hypoxia"	-6.889410289700751	4.481442628502305	0.07457653284077395	0.8982654371817447	0.6535022	null
"GO:0036293"	"response to decreased oxygen levels"	-7.002176919254275	4.486331281184666	0.0754207769004586	0.9030121630864343	0.97106719	1666
"GO:0036294"	"cellular response to decreased oxygen levels"	-3.1726307269461747	4.018367578387845	0.025674372555599623	0.862123773216201	0.92890782	1666
"GO:0071453"	"cellular response to oxygen levels"	-3.0888423912600236	4.062243441026478	0.028404012970148565	0.8613319001807468	0.90935915	1666
"GO:0001775"	"cell activation"	-9.57186520597121	4.785315595613992	0.150135145506079	0.9085298138965358	0.58391363	null
"GO:0001816"	"cytokine production"	-3.987162775294828	2.8639173769578603	0.001796787648891547	0.915987263005888	0.41631708	null
"GO:0001973"	"G protein-coupled adenosine receptor signaling pathway"	-4.939302159646388	3.6456187382426952	0.01088164136404045	0.7747048573602843	0.4952878	null
"GO:0035588"	"G protein-coupled purinergic receptor signaling pathway"	-3.238072161579471	3.6456187382426952	0.01088164136404045	0.7747048573602843	0.85907654	1973
"GO:0001975"	"response to amphetamine"	-5.892790030352131	2.884795363948981	0.0018853963548642809	0.889194862327636	0.48600913	null
"GO:0002237"	"response to molecule of bacterial origin"	-6.688246138944246	4.403360775765525	0.062304227063550315	0.9041719390069405	0.28014093	null
"GO:0002376"	"immune system process"	-12.649751981665837	5.567019304402755	0.9082220067499159	1	-0	null
"GO:0002474"	"antigen processing and presentation of peptide antigen via MHC class I"	-27.943095148663527	3.7861122837198264	0.01503886648592788	0.9653802286643042	0.66884921	null
"GO:0002478"	"antigen processing and presentation of exogenous peptide antigen"	-16.26121944151563	3.3100557377508912	0.00502362135806527	0.9670621192460538	0.90213138	2474
"GO:0019884"	"antigen processing and presentation of exogenous antigen"	-15.671620396561263	3.5659658174466666	0.009057778832768346	0.966696751893885	0.85907944	2474
"GO:0042590"	"antigen processing and presentation of exogenous peptide antigen via MHC class I"	-30.09366495819491	2.941511432634403	0.002148761119838795	0.968370139321623	0.86294309	2474
"GO:0048002"	"antigen processing and presentation of peptide antigen"	-16.407823242604135	3.944630701856278	0.02166482861033342	0.9650482383892641	0.90253622	2474
"GO:0002479"	"antigen processing and presentation of exogenous peptide antigen via MHC class I, TAP-dependent"	-31.15614457737684	0.6020599913279624	7.384058831061151E-06	0.9753579098921226	-0	null
"GO:0002521"	"leukocyte differentiation"	-6.709965388637482	4.472068637583486	0.07298403748620842	0.9653101112224187	0.58947325	null
"GO:0002244"	"hematopoietic progenitor cell differentiation"	-3.3798639450262424	3.8985057855343586	0.019481608549283005	0.9681275428915931	0.83311542	2521
"GO:0002682"	"regulation of immune system process"	-13.54821356447571	5.28814410553558	0.47787659672272825	0.834569544364406	0.20761263	null
"GO:0002825"	"regulation of T-helper 1 type immune response"	-3.3169529617611504	3.2390490931401916	0.0042655246514096586	0.8094194755364034	0.64742992	null
"GO:0002821"	"positive regulation of adaptive immune response"	-3.0920514783877278	4.0042783722001625	0.024854742025351834	0.7446584799519221	0.93916102	2825
"GO:0002824"	"positive regulation of adaptive immune response based on somatic recombination of immune receptors built from immunoglobulin superfamily domains"	-3.290730039024169	3.9754777631658746	0.02325978531784263	0.7455401919076162	0.85599453	2825
"GO:0002827"	"positive regulation of T-helper 1 type immune response"	-3.1197582241045194	2.8048206787211623	0.0015678818251286513	0.7797943233495312	0.74671376	2825
"GO:0003008"	"system process"	-45.09636748391576	5.658049574713654	1.1200115821424117	0.9007633917044988	-0	null
"GO:0003376"	"sphingosine-1-phosphate receptor signaling pathway"	-4.185086818724926	3.682686478249768	0.011851414423853148	0.7848038541265805	0.49781652	null
"GO:0006091"	"generation of precursor metabolites and energy"	-15.231361898752386	5.994197012048046	2.4286809447125486	0.979141494250767	0.09984142	null
"GO:0006120"	"mitochondrial electron transport, NADH to ubiquinone"	-45.835647144215564	4.364532234927959	0.056975397940467847	0.9798055085836587	0.01392745	null
"GO:0022904"	"respiratory electron transport chain"	-28.767003889607846	5.426678765880336	0.6574322939646986	0.9760261433464923	0.76439447	6120
"GO:0042773"	"ATP synthesis coupled electron transport"	-4.653647025549361	5.152022181008303	0.3492955189445167	0.9769360145857757	0.89415749	6120
"GO:0042775"	"mitochondrial ATP synthesis coupled electron transport"	-5.276544327964814	4.895129602382658	0.1933294283148431	0.9778922575433259	0.84723927	6120
"GO:0006265"	"DNA topological change"	-3.552841968657781	4.868685573948292	0.18190875065613515	0.9516899576747608	0.65606815	null
"GO:0006269"	"DNA replication, synthesis of primer"	-4.8996294548824375	4.615950051656401	0.10165141522133152	0.9635902255937383	0.48456186	null
"GO:0006270"	"DNA replication initiation"	-3.6345120151091	4.893201199386462	0.19247287749043998	0.9697778449937204	0.71423042	6269
"GO:0006271"	"DNA strand elongation involved in DNA replication"	-3.364516253185088	4.758995111589785	0.14130627249707356	0.969997922078057	0.73258812	6269
"GO:0006272"	"leading strand elongation"	-3.596879478824182	4.1039404850830214	0.03126656644365661	0.973092261884215	0.89511577	6269
"GO:0006289"	"nucleotide-excision repair"	-4.041436116778033	5.093498730574553	0.3052594534290117	0.8685644764464585	0.49403851	null
"GO:0006352"	"DNA-templated transcription initiation"	-4.360513510731414	5.498863065954816	0.7763107184388958	0.9612176252272627	0.68600726	null
"GO:0006357"	"regulation of transcription by RNA polymerase II"	-31.99567862621736	6.230801833816229	4.1876991326832185	0.777235491705654	0.29151992	null
"GO:0006367"	"transcription initiation at RNA polymerase II promoter"	-5.73754891026957	4.892250475298266	0.1920519861370695	0.9656163455830427	0.11200648	null
"GO:0006468"	"protein phosphorylation"	-35.35359627377693	6.183647586752504	3.756826993126081	0.9460354624147694	0.40652725	null
"GO:0036211"	"protein modification process"	-5.935542010773082	6.5265191621302225	8.273569632733158	0.965712425268791	0.70996449	6468
"GO:0006476"	"protein deacetylation"	-5.52432881167557	3.832508912706236	0.016734738664128255	0.9774041772812263	0.27442128	null
"GO:0034983"	"peptidyl-lysine deacetylation"	-3.795880017344075	2.2810333672477277	0.00046765705930053964	0.9808222291600479	0.72685983	6476
"GO:0035601"	"protein deacylation"	-4.701146923590294	4.297672987019454	0.04884554916746951	0.9757891354882755	0.90517616	6476
"GO:0006521"	"regulation of cellular amino acid metabolic process"	-37.29413628771608	4.036149629745853	0.02674752243904718	0.8427029470058545	0.15655915	null
"GO:0010565"	"regulation of cellular ketone metabolic process"	-24.835647144215564	4.4752497618479286	0.0735206124279322	0.8355746670947941	0.82216222	6521
"GO:0042053"	"regulation of dopamine metabolic process"	-4.815308569182402	2.6334684555795866	0.0010559204128417446	0.8746817337528807	0.83107235	6521
"GO:0042069"	"regulation of catecholamine metabolic process"	-4.815308569182402	2.6464037262230695	0.0010879180011096764	0.8744931665608338	0.83233462	6521
"GO:0062013"	"positive regulation of small molecule metabolic process"	-3.2806687130162735	3.9484618700612835	0.02185681413994101	0.7947121832531189	0.76228035	6521
"GO:0006730"	"one-carbon metabolic process"	-3.224025668870631	5.140313163880555	0.3400039115820981	0.9741794909879213	0.11881126	null
"GO:0006753"	"nucleoside phosphate metabolic process"	-4.095284454721319	6.262731985027961	4.507187667479684	0.944650744905997	0.69087025	null
"GO:0006163"	"purine nucleotide metabolic process"	-3.853871964321762	5.9883979616328205	2.3964667573855727	0.9447460055032456	0.83128153	6753
"GO:0009117"	"nucleotide metabolic process"	-4.270025714300444	6.13588096544101	3.36553833160932	0.9457302098762992	0.87477152	6753
"GO:0009150"	"purine ribonucleotide metabolic process"	-3.876148359032914	5.818828076029202	1.6218149908307218	0.9453733442829757	0.83928719	6753
"GO:0009259"	"ribonucleotide metabolic process"	-3.8728952016351923	5.903150783963722	1.9693555651263899	0.9459182653634653	0.94250575	6753
"GO:0019693"	"ribose phosphate metabolic process"	-3.517126416391246	5.9265178785086015	2.078218744472724	0.9624379459776937	0.71983707	6753
"GO:0006793"	"phosphorus metabolic process"	-21.767003889607846	6.713141707407333	12.714975181439863	0.9745228257348865	0.19325219	null
"GO:0006811"	"monoatomic ion transport"	-84.80410034759076	6.300613307421874	4.917982551075166	0.966893204001819	0.43782681	null
"GO:0006816"	"calcium ion transport"	-31.958607314841775	5.250861391984317	0.4385638675061586	0.9595258565567096	0.66791706	null
"GO:0006820"	"monoatomic anion transport"	-5.8297382846050425	5.3205201586614885	0.5148633474075136	0.9621070193470499	0.68064668	null
"GO:0006836"	"neurotransmitter transport"	-3.7825160557860937	4.765579153897841	0.14346487902868713	0.9764902719882017	0.28011999	null
"GO:0006883"	"intracellular sodium ion homeostasis"	-7.769551078621726	4.129818743848935	0.033186421739732505	0.974113833268805	0.66350717	null
"GO:0006935"	"chemotaxis"	-5.4723700991286615	5.29857800889311	0.48949664396987486	0.8515344360553867	0.643113	null
"GO:0030595"	"leukocyte chemotaxis"	-4.293282217663242	4.0851478121269045	0.029942358559952968	0.8357775613920176	0.78747946	6935
"GO:0042330"	"taxis"	-5.412289034981089	5.30041720832783	0.49157402585434673	0.8923631985678477	0.99170397	6935
"GO:0043207"	"response to external biotic stimulus"	-4.199282921717615	5.58325206532196	0.9428113996675499	0.8869040094831288	0.81812321	6935
"GO:0060326"	"cell chemotaxis"	-5.889410289700751	4.670282970674412	0.11519870182338504	0.8479411225380731	0.87527143	6935
"GO:0097529"	"myeloid leukocyte migration"	-3.1726307269461747	4.067033639842262	0.028719066146940506	0.9593691777430233	0.92951021	6935
"GO:0006950"	"response to stress"	-21.11294562194904	6.428160883324095	6.596819705552286	0.8838139792884848	0.6276778	null
"GO:0006952"	"defense response"	-7.288192770958809	5.6598135537959715	1.1245700077941203	0.8951464083618474	0.38631323	null
"GO:0006954"	"inflammatory response"	-7.42712839779952	4.819649206293057	0.16248621457750065	0.9077742857020549	0.46548467	null
"GO:0006979"	"response to oxidative stress"	-5.142667503568732	5.493504057283511	0.7667902052527142	0.8983510672650765	0.54266122	null
"GO:0007154"	"cell communication"	-43.59006687666871	6.574350790896292	9.236864411598072	0.9914670871578168	0.02647525	null
"GO:0007166"	"cell surface receptor signaling pathway"	-36.54515513999149	5.8500516596084555	1.7427092633657988	0.7097062566782184	0.47548795	null
"GO:0007169"	"cell surface receptor protein tyrosine kinase signaling pathway"	-17.076755981369722	5.168016959978657	0.36239976201670654	0.7280372350872679	0.60316833	null
"GO:0007167"	"enzyme-linked receptor protein signaling pathway"	-11.79860287567955	5.316071039749486	0.5096157429315727	0.722774689706821	0.73015715	7169
"GO:0038084"	"vascular endothelial growth factor signaling pathway"	-5.889410289700751	3.794766797940821	0.015341612898001386	0.7614816124987037	0.72936672	7169
"GO:0038086"	"VEGF-activated platelet-derived growth factor receptor signaling pathway"	-4.186419011431808	2.1367205671564067	0.0003347440003414389	0.8039077116473112	0.79436016	7169
"GO:0038091"	"positive regulation of cell proliferation by VEGF-activated platelet derived growth factor receptor signaling pathway"	-4.186419011431808	2.1367205671564067	0.0003347440003414389	0.7494371784287097	0.79436016	7169
"GO:0048008"	"platelet-derived growth factor receptor signaling pathway"	-3.54515513999149	3.712144414214886	0.012683351718819371	0.7795791198599514	0.71985635	7169
"GO:0048013"	"ephrin receptor signaling pathway"	-10.85078088734462	4.279758172802473	0.0468715441066325	0.761949408258761	0.79067984	7169
"GO:0007186"	"G protein-coupled receptor signaling pathway"	-25.567030709125593	5.774433748393295	1.464221945905271	0.713750864896905	0.53421354	null
"GO:0007187"	"G protein-coupled receptor signaling pathway, coupled to cyclic nucleotide second messenger"	-39.24184537803261	4.273232834043045	0.046172519870625386	0.7668395486415184	0.3400966	null
"GO:0007188"	"adenylate cyclase-modulating G protein-coupled receptor signaling pathway"	-33.9100948885606	5.149249912590282	0.34707291723636735	0.733741350729293	0.62380413	null
"GO:0007189"	"adenylate cyclase-activating G protein-coupled receptor signaling pathway"	-20.46344155742847	4.974050902792877	0.23185698594237647	0.7390162129389739	0.70962155	7188
"GO:0007193"	"adenylate cyclase-inhibiting G protein-coupled receptor signaling pathway"	-16.49349496759513	4.458063445325183	0.07066790436619891	0.758579495175342	0.84729698	7188
"GO:0007198"	"adenylate cyclase-inhibiting serotonin receptor signaling pathway"	-5.688246138944246	3.4367985102318035	0.006726877595096709	0.7890656608594397	0.72015716	7188
"GO:0071880"	"adenylate cyclase-activating adrenergic receptor signaling pathway"	-15.605548319173783	4.282712723035266	0.04719151998931182	0.7644830432309567	0.82237119	7188
"GO:0007190"	"activation of adenylate cyclase activity"	-7.91721462968355	3.8125122842899826	0.015981564663360016	0.8342884372545168	0.66585707	null
"GO:0045761"	"regulation of adenylate cyclase activity"	-3.9208187539523753	4.186956335465412	0.03785314692096315	0.8283363163811673	0.9351671	7190
"GO:0007200"	"phospholipase C-activating G protein-coupled receptor signaling pathway"	-18.166215625343522	4.558828524817011	0.08912312873796441	0.7570093814693436	0.65614098	null
"GO:0007204"	"positive regulation of cytosolic calcium ion concentration"	-26.369572124974976	4.557483140603017	0.08884745720827146	0.8131274142428663	0.53924517	null
"GO:0007215"	"glutamate receptor signaling pathway"	-13.027797161620935	4.421899935843169	0.06502156071338082	0.7586933179840534	0.61414358	null
"GO:0007267"	"cell-cell signaling"	-44.49620931694282	5.406652571520464	0.6278049885815375	0.7949542556911932	0.21422493	null
"GO:0007268"	"chemical synaptic transmission"	-46.37059040089728	5.28154694070609	0.47067221665655623	0.7831162930198917	0.41580796	null
"GO:0001963"	"synaptic transmission, dopaminergic"	-6.5003129173815966	3.934649922900711	0.021172558021596007	0.8229120007562255	0.77191517	7268
"GO:0007197"	"adenylate cyclase-inhibiting G protein-coupled acetylcholine receptor signaling pathway"	-3.795880017344075	3.746478509930031	0.01372696536694268	0.718120165909179	0.98054837	7268
"GO:0007214"	"gamma-aminobutyric acid signaling pathway"	-17.625251653989896	4.090610707828406	0.030321406913280776	0.8199657801246576	0.74872564	7268
"GO:0007271"	"synaptic transmission, cholinergic"	-7.769551078621726	4.152624639447619	0.03497582532979299	0.8175082686732027	0.80101052	7268
"GO:0007274"	"neuromuscular synaptic transmission"	-3.7471469690201067	3.894260664446988	0.019292084372619103	0.8238778174214706	0.7667544	7268
"GO:0035249"	"synaptic transmission, glutamatergic"	-4.5003129173815966	4.315235409617727	0.05086139722834921	0.8132536321972564	0.82418488	7268
"GO:0051932"	"synaptic transmission, GABAergic"	-12.309803919971486	3.86975959478241	0.01823370260683367	0.8244585145059291	0.76365721	7268
"GO:0060079"	"excitatory postsynaptic potential"	-18.1180450286604	4.602439832843189	0.09853780374756739	0.6287990592758469	0.86856662	7268
"GO:0095500"	"acetylcholine receptor signaling pathway"	-4.13608262304214	3.88280904139244	0.018789968372106947	0.7213717092857361	0.75758627	7268
"GO:0098916"	"anterograde trans-synaptic signaling"	-46.37059040089728	5.28154694070609	0.47067221665655623	0.7831412547565008	0.99321708	7268
"GO:0099536"	"synaptic signaling"	-48.04720755695591	5.3044258958093975	0.4961324515060551	0.7833113800835997	0.94494787	7268
"GO:0099537"	"trans-synaptic signaling"	-48.43651891460559	5.286281279455001	0.47583121242652426	0.783089256180488	0.9862598	7268
"GO:0007411"	"axon guidance"	-5.022276394711152	5.0124786783820925	0.2533076768466091	0.8750646977963507	0.68262039	null
"GO:0000902"	"cell morphogenesis"	-3.0920514783877278	5.360402160724579	0.5643833072815533	0.9698166136925906	0.74565053	7411
"GO:0007409"	"axonogenesis"	-3.7351821769904636	5.112802667766988	0.31913409997257564	0.8730628608364067	0.96367851	7411
"GO:0021952"	"central nervous system projection neuron axonogenesis"	-3.630784142589857	3.4068806700491248	0.006278911359345666	0.8997947657824696	0.73194766	7411
"GO:0097485"	"neuron projection guidance"	-4.991399828238082	5.0127908412642554	0.253489816964442	0.8752187818119109	0.92797073	7411
"GO:0007413"	"axonal fasciculation"	-3.1197582241045194	3.144885418287142	0.003433587356443435	0.9039062486931784	0.69168796	null
"GO:0007507"	"heart development"	-3.089375595110799	4.8837522584889	0.18833042048621468	0.8988994038952071	0.65538815	null
"GO:0007584"	"response to nutrient"	-4.527243550682788	4.507734468072263	0.07923095125728616	0.8809260293324679	0.50820138	null
"GO:0007589"	"body fluid secretion"	-5.809668301829708	3.6568644915489172	0.011167158305508148	0.8163725741028257	0.46291364	null
"GO:0007595"	"lactation"	-5.220403508742176	3.106870544478654	0.0031456090620320502	0.8071785664332605	0.70316002	7589
"GO:0033598"	"mammary gland epithelial cell proliferation"	-3.3458234581220396	2.7535830588929064	0.0013931257661268705	0.9724270946121326	0.8315763	7589
"GO:0046541"	"saliva secretion"	-3.2132485778544386	2.9410142437055695	0.002146299766895108	0.7734906143192252	0.86180051	7589
"GO:0060749"	"mammary gland alveolus development"	-5.022276394711152	2.9370161074648142	0.0021266089433456116	0.9773083954436363	0.84822642	7589
"GO:0007610"	"behavior"	-18.712198270069774	4.6345377245814365	0.1060966186376303	0.9154516618832622	0.56603716	null
"GO:0007611"	"learning or memory"	-9.03574036980315	4.084325995016827	0.02988574744224817	0.8924535908656488	0.50915369	null
"GO:0002209"	"behavioral defense response"	-5.4089353929735005	3.1261314072619846	0.0032883675327659	0.8564542964312172	0.74208485	7611
"GO:0007612"	"learning"	-7.015472686656207	3.7014816356209272	0.012375682600858489	0.8974498595939393	0.9269792	7611
"GO:0007613"	"memory"	-4.3851027839668655	3.830396176483469	0.016653514016986583	0.8957829570797087	0.94334523	7611
"GO:0007617"	"mating behavior"	-5.088309841246139	3.6960941599952233	0.012223078718349894	0.9120793185273229	0.79897832	7611
"GO:0007626"	"locomotory behavior"	-7.823908740944319	4.047780924741197	0.027473621557434862	0.9088154827609086	0.83864019	7611
"GO:0007632"	"visual behavior"	-5.91721462968355	3.340047317661393	0.00538297888784358	0.8459445331386123	0.76246559	7611
"GO:0008306"	"associative learning"	-7.39577394691553	3.468495024507069	0.007236377654439928	0.9001591918214992	0.89879522	7611
"GO:0008542"	"visual learning"	-6.480172006224281	3.2038484637462346	0.003933242004011907	0.8354325516906047	0.91436264	7611
"GO:0019098"	"reproductive behavior"	-4.372634143407267	3.7810369386211318	0.014864110426926098	0.911878793710601	0.80821067	7611
"GO:0030534"	"adult behavior"	-8.623423042943488	3.9639294220265584	0.022649369787808238	0.9098010027772764	0.8288308	7611
"GO:0045924"	"regulation of female receptivity"	-3.795880017344075	2.4409090820652177	0.0006768720595139389	0.802241525443349	0.84280121	7611
"GO:0060180"	"female mating behavior"	-3.795880017344075	2.505149978319906	0.0007851715890361692	0.9233656597653165	0.8488254	7611
"GO:0007623"	"circadian rhythm"	-5.906578314837765	4.511495663673566	0.07992013008151853	1	-0	null
"GO:0008150"	"biological_process"	-14.686132779630846	7.608826117220222	100	1	-0	null
"GO:0008152"	"metabolic process"	-7.277366077466188	7.372900851027942	58.08643542977757	1	-0	null
"GO:0008277"	"regulation of G protein-coupled receptor signaling pathway"	-5.146301788223826	4.441852175773292	0.06807856106944013	0.7803156231490564	0.62537634	null
"GO:0008284"	"positive regulation of cell population proliferation"	-16.262807357295262	4.967150002647506	0.22820187682100118	0.7526858169079449	0.57182424	null
"GO:0001936"	"regulation of endothelial cell proliferation"	-4.293282217663242	4.100405011565889	0.031013047090456835	0.8417966053411134	0.77608914	8284
"GO:0001937"	"negative regulation of endothelial cell proliferation"	-3.0114410431213843	3.593728998707911	0.0096558875980843	0.8294100991420836	0.85603792	8284
"GO:0008285"	"negative regulation of cell population proliferation"	-8.152427340857887	4.705906455700312	0.12504657495107693	0.8010108176310244	0.86084593	8284
"GO:0030888"	"regulation of B cell proliferation"	-3.832682665251824	3.9392695863387313	0.021399002492415217	0.7484331175616902	0.89839487	8284
"GO:0032944"	"regulation of mononuclear cell proliferation"	-4.265200170411153	4.43448906315119	0.06693403195062565	0.8322554686542709	0.99580733	8284
"GO:0032946"	"positive regulation of mononuclear cell proliferation"	-4.694648630553377	4.225283430094444	0.041345806748055075	0.7760095199614868	0.99527928	8284
"GO:0048660"	"regulation of smooth muscle cell proliferation"	-4.336299074610352	3.659250468772661	0.011228692129100324	0.8514037777133932	0.72413889	8284
"GO:0050670"	"regulation of lymphocyte proliferation"	-4.326979092871104	4.432151213896942	0.06657467442084734	0.7312045797064678	0.9660363	8284
"GO:0050671"	"positive regulation of lymphocyte proliferation"	-4.73754891026957	4.22318432089504	0.041146437159616425	0.6944033555450683	0.96679515	8284
"GO:0050678"	"regulation of epithelial cell proliferation"	-4.026410376572743	4.386641626135628	0.059951173649385486	0.8356000036733954	0.81397497	8284
"GO:0070663"	"regulation of leukocyte proliferation"	-4.243363891754152	4.444466388020193	0.06848960701103586	0.8341962285500554	0.82208197	8284
"GO:0070665"	"positive regulation of leukocyte proliferation"	-5.419075024324381	4.238773501720696	0.04265032380820921	0.7757066008528662	0.79395307	8284
"GO:0009058"	"biosynthetic process"	-5.089375595110798	7.06378821024573	28.507692540195496	0.9865890404182099	0.20885996	null
"GO:0009112"	"nucleobase metabolic process"	-4.423658649794207	5.385488301050675	0.5979438546687262	0.966121792677506	0.5125172	null
"GO:0009187"	"cyclic nucleotide metabolic process"	-13.45842075605342	4.815438273573759	0.160918332752372	0.958195385136458	0.44016377	null
"GO:0009214"	"cyclic nucleotide catabolic process"	-17.05601112492623	3.9348013417465366	0.021179942080427068	0.951423817581686	0.28815013	null
"GO:0006195"	"purine nucleotide catabolic process"	-10.616184634019568	5.329513811358952	0.5256366892420318	0.9394582881827185	0.938966	9214
"GO:0006198"	"cAMP catabolic process"	-12.578396073130168	3.6637951222194074	0.011346837070397303	0.952106106077649	0.73501018	9214
"GO:0009154"	"purine ribonucleotide catabolic process"	-11.442492798094342	5.26259583043562	0.4505752698713515	0.9395453503101526	0.7214301	9214
"GO:0009166"	"nucleotide catabolic process"	-4.97061622231479	5.4229639007171535	0.6518327160178106	0.9392266462518657	0.95641087	9214
"GO:0009261"	"ribonucleotide catabolic process"	-10.5654310959658	5.2856833036363104	0.4751764925435035	0.9399896666352647	0.94367619	9214
"GO:0046058"	"cAMP metabolic process"	-8.607303046740334	4.426234656211552	0.06567381924345789	0.9557989691758134	0.81639268	9214
"GO:0046068"	"cGMP metabolic process"	-6.931814138253839	4.361859992489294	0.056625885822464285	0.9562787867253553	0.9050385	9214
"GO:0046069"	"cGMP catabolic process"	-6.978810700930062	3.494432898726399	0.007681882537247285	0.9532924502505918	0.91152684	9214
"GO:1901292"	"nucleoside phosphate catabolic process"	-4.465973893943865	5.4583477189522105	0.7071639301918955	0.9399239899035435	0.90869614	9214
"GO:0009410"	"response to xenobiotic stimulus"	-26.03574036980315	4.82675488069819	0.16516662793317585	0.8749028357933596	0.54179378	null
"GO:0009582"	"detection of abiotic stimulus"	-8.224753740259764	4.57992072059266	0.09355848674248848	0.9015553111217295	0.29139496	null
"GO:0009266"	"response to temperature stimulus"	-3.749579997691106	5.205074381062382	0.3946804058731623	0.893197737448884	0.80483705	9582
"GO:0009314"	"response to radiation"	-3.55129368009492	5.117069019829141	0.322284631740495	0.8947731116630833	0.82180635	9582
"GO:0009416"	"response to light stimulus"	-4.950781977329818	5.013852202500837	0.2541100779062511	0.8960392584296198	0.7153699	9582
"GO:0009581"	"detection of external stimulus"	-7.752026733638194	4.580320418404609	0.09364463409551753	0.9026998281965974	0.75570565	9582
"GO:0009605"	"response to external stimulus"	-13.829738284605043	5.806780784629541	1.5774441813148754	0.8980790237367293	0.40423315	null
"GO:0009607"	"response to biotic stimulus"	-3.8477116556169433	5.596143873584628	0.9712178739906423	0.90213021891135	0.37903385	null
"GO:0009611"	"response to wounding"	-5.847711655616943	4.806064599188238	0.15748228404298487	0.9097149941728874	0.4641539	null
"GO:0009612"	"response to mechanical stimulus"	-6.924453038607469	4.2433357485598755	0.04310075139690395	0.9002869205520694	0.62916694	null
"GO:0009628"	"response to abiotic stimulus"	-13.287350298372788	5.578317093840565	0.9321586641272724	0.9024578741115107	0.3770446	null
"GO:0009712"	"catechol-containing compound metabolic process"	-7.6252516539898965	4.465427468452574	0.07187642866154925	0.9817117198237296	0.59368657	null
"GO:0006584"	"catecholamine metabolic process"	-7.6252516539898965	4.086644520610805	0.030045735383587825	0.9820527180723526	0.82988619	9712
"GO:0019336"	"phenol-containing compound catabolic process"	-3.1630432629404495	4.2422680448276875	0.0429949132203254	0.9711875222356962	0.84972624	9712
"GO:0019614"	"catechol-containing compound catabolic process"	-3.795880017344075	3.9967742708613048	0.02442892796609398	0.9715065131359867	0.88057652	9712
"GO:0042417"	"dopamine metabolic process"	-8.321481620959887	3.7964355588101744	0.015400685368649875	0.9825451781502809	0.85652145	9712
"GO:0042424"	"catecholamine catabolic process"	-3.795880017344075	3.6225248624035684	0.010317991539936117	0.9727894992478842	0.90299267	9712
"GO:0042428"	"serotonin metabolic process"	-4.653647025549361	3.536179532137225	0.008457208714508706	0.9839051917934443	0.76657038	9712
"GO:0009719"	"response to endogenous stimulus"	-25.057991946977687	5.524614188342792	0.8237336056049143	0.903431376974552	0.37117626	null
"GO:0009820"	"alkaloid metabolic process"	-5.688246138944246	3.8721562727482928	0.01833461807752484	0.9938334218221851	0.0283295	null
"GO:0009894"	"regulation of catabolic process"	-5.8696662315049934	5.522579847844276	0.8198840496009876	0.814832401408177	0.39030171	null
"GO:0009987"	"cellular process"	-28.407823242604135	7.481258236372406	74.54733381080298	1	-0	null
"GO:0010038"	"response to metal ion"	-3.853871964321762	5.011895936734436	0.25296801014038034	0.871112790561605	0.56340637	null
"GO:0010248"	"establishment or maintenance of transmembrane electrochemical gradient"	-9.787812395596042	3.9674543681827408	0.022833971258584766	0.9647090531729882	0.30540295	null
"GO:0010257"	"NADH dehydrogenase complex assembly"	-41.835647144215564	4.6187695770752395	0.1023135191631833	0.9758127613441284	0.52287968	null
"GO:0010469"	"regulation of signaling receptor activity"	-13.978810700930062	4.335176972770027	0.05325137093666934	0.7528885389056	0.61316882	null
"GO:0010499"	"proteasomal ubiquitin-independent protein catabolic process"	-23.481486060122112	3.727703883685354	0.013146086072232539	0.9709601389999631	0.60298943	null
"GO:0010517"	"regulation of phospholipase activity"	-11.769551078621726	3.501333178645566	0.007804950184431637	0.8421014276777914	0.14167473	null
"GO:0010518"	"positive regulation of phospholipase activity"	-11.98296666070122	3.0729847446279304	0.0029093191794380938	0.8481022819621878	0.9128453	10517
"GO:0060193"	"positive regulation of lipase activity"	-11.512861624522813	3.3126004392612596	0.005053157593389515	0.843555731702841	0.93888915	10517
"GO:0010522"	"regulation of calcium ion transport into cytosol"	-5.221848749616356	2.60959440922522	0.0009993092951369425	0.7601168303694744	0.56085467	null
"GO:0010573"	"vascular endothelial growth factor production"	-4.435333935747911	2.571708831808688	0.0009156232950515827	0.918805451475635	0.39887707	null
"GO:0010608"	"post-transcriptional regulation of gene expression"	-7.050122295963125	5.821740114671324	1.6327261684300864	0.7958346596958837	0.46774987	null
"GO:0010644"	"cell communication by electrical coupling"	-5.088309841246139	3.3498600821923312	0.005506046535027932	0.9508960921549299	0.29062795	null
"GO:0010646"	"regulation of cell communication"	-31.022733787572708	5.899918945937375	1.9547548194644382	0.8067692181943183	0.29486732	null
"GO:0010647"	"positive regulation of cell communication"	-32.28650945690606	5.4174351544632025	0.643587183656459	0.7142557547838565	0.21484752	null
"GO:0009966"	"regulation of signal transduction"	-17.705533773838408	5.841146025478373	1.7073371602120722	0.7252968975829365	0.84641158	10647
"GO:0009967"	"positive regulation of signal transduction"	-27.304518323509804	5.367374559874197	0.573517388055576	0.6859101283861921	0.755949	10647
"GO:0009968"	"negative regulation of signal transduction"	-9.083546051450075	5.411111047994698	0.6342832695293219	0.7195635564313057	0.78280416	10647
"GO:0010648"	"negative regulation of cell communication"	-14.560667306169737	5.421641761483437	0.6498513268981425	0.7546484770249423	0.84731187	10647
"GO:0023057"	"negative regulation of signaling"	-14.488116639021126	5.422364920152503	0.6509343221933648	0.7607909668211453	0.84671346	10647
"GO:0030177"	"positive regulation of Wnt signaling pathway"	-19.829738284605043	4.432664697179406	0.06665343771504534	0.7255188515022636	0.84356618	10647
"GO:0030178"	"negative regulation of Wnt signaling pathway"	-15.437707135543524	4.631808909894799	0.1054320533428348	0.749974663360109	0.89047241	10647
"GO:0031347"	"regulation of defense response"	-13.497572880015568	5.000620597487598	0.24648480648670862	0.7788788151580491	0.83920667	10647
"GO:0031349"	"positive regulation of defense response"	-17.029188389127484	4.664030524947218	0.11355205670405838	0.7349934115593517	0.7905397	10647
"GO:0032102"	"negative regulation of response to external stimulus"	-4.6439741428068775	4.660030223038667	0.11251090440887877	0.7644951001089708	0.85305369	10647
"GO:0032103"	"positive regulation of response to external stimulus"	-7.31695296176115	4.755165691252543	0.1400657506134553	0.7318304873818745	0.80468016	10647
"GO:0043408"	"regulation of MAPK cascade"	-16.098541678603887	5.083459618247788	0.2982839791866026	0.7560475433804312	0.71044607	10647
"GO:0043410"	"positive regulation of MAPK cascade"	-18.2580609222708	4.796851749049887	0.15417668703961315	0.7109914030005288	0.86191921	10647
"GO:0045088"	"regulation of innate immune response"	-14.866461091629782	4.751625477375546	0.13892860555347186	0.759080518810348	0.89685454	10647
"GO:0050727"	"regulation of inflammatory response"	-5.062482107982653	4.480438147177817	0.07440423813471585	0.7915420148217036	0.85680625	10647
"GO:0050920"	"regulation of chemotaxis"	-3.3809066693732572	4.5081659713033675	0.07930971455148415	0.7821528221667368	0.83129616	10647
"GO:0060828"	"regulation of canonical Wnt signaling pathway"	-13.414539270491499	4.743838888510262	0.13645986855095377	0.7678765087812149	0.93278815	10647
"GO:0070374"	"positive regulation of ERK1 and ERK2 cascade"	-8.785156151952302	4.3364797469579965	0.053411358878009005	0.7294760944381014	0.78995191	10647
"GO:0090090"	"negative regulation of canonical Wnt signaling pathway"	-18.2298847052129	4.4662297917058345	0.07200934172050835	0.7558759922246759	0.89042278	10647
"GO:0090263"	"positive regulation of canonical Wnt signaling pathway"	-22.4907974776689	4.325104982971408	0.052030539876600564	0.7295700630609994	0.78832555	10647
"GO:1902531"	"regulation of intracellular signal transduction"	-9.876148359032914	5.597205780630544	0.9735955409342439	0.7357644253815376	0.88667309	10647
"GO:1902533"	"positive regulation of intracellular signal transduction"	-16.349692476868064	5.224481265303632	0.412717200244501	0.691982223760693	0.94159965	10647
"GO:0010700"	"negative regulation of norepinephrine secretion"	-3.795880017344075	1.3010299956639813	4.676570593005396E-05	0.8089137876445681	0.47758587	null
"GO:0010749"	"regulation of nitric oxide mediated signal transduction"	-3.552841968657781	2.484299839346786	0.0007482512948808633	0.8276954368581642	0.45795373	null
"GO:0010750"	"positive regulation of nitric oxide mediated signal transduction"	-3.2132485778544386	2.12057393120585	0.00032243723562300366	0.7939109635930589	0.43616145	null
"GO:0010817"	"regulation of hormone levels"	-18.543633966870956	5.059059541001648	0.28198736134645064	0.7981923988195851	0.59376874	null
"GO:0010888"	"negative regulation of lipid storage"	-3.869666231504994	3.5548524343720547	0.00882887300900545	0.7800949324813583	0.60606481	null
"GO:0010972"	"negative regulation of G2/M transition of mitotic cell cycle"	-26.714442690992225	4.549518221241424	0.08723280967721277	0.8086334156066721	0.17411604	null
"GO:0007346"	"regulation of mitotic cell cycle"	-9.96657624451305	5.251499516029417	0.43920874197740467	0.8148286692026961	0.73468861	10972
"GO:0010389"	"regulation of G2/M transition of mitotic cell cycle"	-21.0301183562535	4.69477186584108	0.12188127506549537	0.8282664807081802	0.96675563	10972
"GO:0010564"	"regulation of cell cycle process"	-8.98296666070122	5.4196137927680255	0.6468238627774074	0.8093358545290105	0.8752915	10972
"GO:0010948"	"negative regulation of cell cycle process"	-12.669586226650809	5.132963726130726	0.3342984954586315	0.7913387414564342	0.96886938	10972
"GO:0045786"	"negative regulation of cell cycle"	-8.430626090384955	5.185403317076684	0.37720233862004054	0.791503297735566	0.83241051	10972
"GO:0045930"	"negative regulation of mitotic cell cycle"	-14.123205023799299	5.017250432271011	0.2561062351435813	0.7952820919887675	0.94688418	10972
"GO:1901987"	"regulation of cell cycle phase transition"	-11.987162775294827	5.252996154736951	0.4407249353907159	0.8137222615771407	0.89440623	10972
"GO:1901988"	"negative regulation of cell cycle phase transition"	-15.539102157243452	5.100980197353255	0.3105636690226573	0.7919824094518283	0.88647878	10972
"GO:1901990"	"regulation of mitotic cell cycle phase transition"	-12.66354026615147	5.050159265878768	0.27626717710532195	0.8190193842604453	0.92586217	10972
"GO:1901991"	"negative regulation of mitotic cell cycle phase transition"	-16.573488738635426	4.836577274840649	0.16894480470173548	0.8004235680348295	0.93467423	10972
"GO:1902749"	"regulation of cell cycle G2/M phase transition"	-20.512861624522813	4.737359646929792	0.1344390977841867	0.8281479268169019	0.79093943	10972
"GO:1902750"	"negative regulation of cell cycle G2/M phase transition"	-24.68402965454308	4.5904517081755385	0.0958549290389485	0.8075032576623496	0.94365018	10972
"GO:0014061"	"regulation of norepinephrine secretion"	-4.815308569182402	2.278753600952829	0.0004651957063568525	0.8058544998563635	0.68662509	null
"GO:0014062"	"regulation of serotonin secretion"	-5.276544327964814	2.509202522331103	0.0007925556478672304	0.7969128069783229	0.55354817	null
"GO:0014063"	"negative regulation of serotonin secretion"	-3.2132485778544386	2.4471580313422194	0.0006867174712886871	0.781016972658247	0.61130075	null
"GO:0014070"	"response to organic cyclic compound"	-26.374687549038327	4.89256205278148	0.19218982190191597	0.8735820542988413	0.54928328	null
"GO:0014075"	"response to amine"	-6.361510743045363	2.9380190974762104	0.002131531649232986	0.8884940001463598	0.51194205	null
"GO:0014824"	"artery smooth muscle contraction"	-3.795880017344075	2.509202522331103	0.0007925556478672304	0.7879306180436374	0.58451864	null
"GO:0014820"	"tonic smooth muscle contraction"	-3.552841968657781	2.5634810853944106	0.0008983938244457735	0.9173516751375723	0.73323974	14824
"GO:0015698"	"inorganic anion transport"	-11.67778070526608	5.557585391933979	0.8887059392594212	0.9723877872030051	0.3440639	null
"GO:0015842"	"aminergic neurotransmitter loading into synaptic vesicle"	-4.186419011431808	3.2826221128780624	0.004715952240104389	0.9706945945746699	0.39971866	null
"GO:0016043"	"cellular component organization"	-5.87942606879415	6.699986972694328	12.335614236288208	0.9713758929900579	0.59063993	null
"GO:0016048"	"detection of temperature stimulus"	-5.260427655549908	2.888179493918325	0.0019001644725264032	0.9141603714995066	0.62042654	null
"GO:0016055"	"Wnt signaling pathway"	-11.476253533188435	4.89116935003362	0.19157448366599422	0.7411149001560078	0.67001388	null
"GO:0016310"	"phosphorylation"	-26.593459819566046	6.404965865659897	6.253736641437635	0.9629691114703828	0.59655615	null
"GO:0006796"	"phosphate-containing compound metabolic process"	-22.411168274405792	6.711039325075964	12.653571809553702	0.9595677878400766	0.74398633	16310
"GO:0016477"	"cell migration"	-6.580044251510242	5.292579456000397	0.48278207313949656	0.9878318739933191	0.01738849	null
"GO:0050900"	"leukocyte migration"	-5.958607314841775	4.323396497131876	0.05182624758227454	0.9584286832761162	0.73532215	16477
"GO:0016579"	"protein deubiquitination"	-14.14086170270547	5.122877468323503	0.32662399698021527	0.9732799228712131	0.50765966	null
"GO:0000209"	"protein polyubiquitination"	-9.54515513999149	5.256708126945561	0.4445080348651629	0.9725620954216403	0.71988643	16579
"GO:0070646"	"protein modification by small protein removal"	-13.125518182300533	5.201091098399462	0.39107698516360445	0.9728650133760773	0.70019914	16579
"GO:0018108"	"peptidyl-tyrosine phosphorylation"	-43.10679324694015	3.9444826721501687	0.02165744455150236	0.9639163953096589	0.44726651	null
"GO:0038083"	"peptidyl-tyrosine autophosphorylation"	-6.092588639225414	3.04688519083771	0.0027394858263236873	0.9683205115462419	0.84060866	18108
"GO:0018193"	"peptidyl-amino acid modification"	-10.756961951313706	5.977677887673994	2.338036699855386	0.9691888867761393	0.6496435	null
"GO:0018212"	"peptidyl-tyrosine modification"	-43.10679324694015	4.14992695911359	0.03475922627074853	0.9776948970416435	0.02950354	null
"GO:0018958"	"phenol-containing compound metabolic process"	-9.26841123481326	4.838275947525585	0.1696069086435873	0.9843750638867316	0.03288008	null
"GO:0019216"	"regulation of lipid metabolic process"	-6.844663962534939	4.630366845751405	0.10508254122483125	0.8392806010664107	0.33128465	null
"GO:0019222"	"regulation of metabolic process"	-3.002613615602687	6.806314448734751	15.757534779778567	0.7744430136536675	0.57915128	null
"GO:0019233"	"sensory perception of pain"	-7.712198270069774	3.619823500457278	0.010253996363400252	0.910322068327906	0.54047805	null
"GO:0019538"	"protein metabolic process"	-4.251811972993799	6.885479051662408	18.90831760569825	0.9746546752668322	0.3709377	null
"GO:0019882"	"antigen processing and presentation"	-14.1944991418416	4.228785200980649	0.041680550748396515	0.9670365800685405	0.60672931	null
"GO:0019933"	"cAMP-mediated signaling"	-23.657577319177793	3.9228810912082936	0.020606446844547988	0.7825560826672904	0.63830098	null
"GO:0019934"	"cGMP-mediated signaling"	-5.088309841246139	3.9460590603851236	0.021736207845700344	0.7818734787876173	0.64057296	null
"GO:0022600"	"digestive system process"	-4.226945306635737	3.9660947794461707	0.022762592023217842	0.9070568948537265	0.53825701	null
"GO:0022900"	"electron transport chain"	-28.779891911959943	5.5178896866418805	0.8110773287684753	0.976805048595875	0.59056847	null
"GO:0023051"	"regulation of signaling"	-34.7825160557861	5.9013275229365645	1.9611051100591508	0.8147890928720768	0.2470716	null
"GO:0023052"	"signaling"	-61.77989191195994	6.571894386105714	9.184767415191992	0.7865753143042847	0.35535048	null
"GO:0023056"	"positive regulation of signaling"	-32.05453141486818	5.416911648736081	0.6428118574791976	0.7222794155651974	0.59082699	null
"GO:0030007"	"intracellular potassium ion homeostasis"	-11.570247719997592	4.246498580795801	0.043415804573695885	0.9736423024664624	0.67810153	null
"GO:0030111"	"regulation of Wnt signaling pathway"	-10.935542010773082	4.879061455851939	0.18630718836650392	0.7653755189725098	0.68093772	null
"GO:0030155"	"regulation of cell adhesion"	-5.049635145623877	4.8665944864062345	0.18103497036112626	0.8390205048149039	0.18707289	null
"GO:0030163"	"protein catabolic process"	-6.7447274948966935	5.896636981524518	1.9400383902141334	0.9592608249673166	0.60739189	null
"GO:0043632"	"modification-dependent macromolecule catabolic process"	-6.071604147743286	5.7192367927904035	1.2894658869034905	0.9652948469302918	0.77959856	30163
"GO:0030335"	"positive regulation of cell migration"	-8.723538195826755	4.785621639804695	0.15024098368265756	0.7611301392753091	0.55112396	null
"GO:0010594"	"regulation of endothelial cell migration"	-3.1290111862394245	4.068927611682072	0.028844595147068545	0.8449930111606274	0.80317953	30335
"GO:0010595"	"positive regulation of endothelial cell migration"	-3.130181792020672	3.943890048248473	0.021627908316178113	0.7869921615848413	0.89128276	30335
"GO:0030334"	"regulation of cell migration"	-6.795880017344075	5.046436630136641	0.2739092009852698	0.8207582778412346	0.95769969	30335
"GO:0040017"	"positive regulation of locomotion"	-9.281498311132726	4.836387419326411	0.16887096411342487	0.7686301856245121	0.85052753	30335
"GO:0043535"	"regulation of blood vessel endothelial cell migration"	-3.058488567365597	3.788380515319563	0.015117629780125865	0.8494529094910106	0.94553834	30335
"GO:0050921"	"positive regulation of chemotaxis"	-3.5214335044061564	4.080590414453501	0.029629766736104717	0.7462799907884059	0.87153284	30335
"GO:0090049"	"regulation of cell migration involved in sprouting angiogenesis"	-3.224025668870631	3.452246574520437	0.0069705515365217265	0.8558250700998137	0.90595888	30335
"GO:0090050"	"positive regulation of cell migration involved in sprouting angiogenesis"	-4.001304841688344	3.3328422669943514	0.005294370181870846	0.803026633839444	0.78347734	30335
"GO:2000145"	"regulation of cell motility"	-7.480172006224281	5.201752062778252	0.3916726325759767	0.8161670272683811	0.91886089	30335
"GO:2000147"	"positive regulation of cell motility"	-8.703334809738468	4.823161111289468	0.1638054997553169	0.7600219583792989	0.98692132	30335
"GO:0030431"	"sleep"	-3.3458234581220396	3.6578204560156973	0.011191771834945019	0.925914017263484	0.47235401	null
"GO:0030522"	"intracellular receptor signaling pathway"	-6.028724151261895	4.787814567063023	0.15100154174225688	0.7558694540524475	0.45795022	null
"GO:0030592"	"DNA ADP-ribosylation"	-4.186419011431808	2.2174839442139063	0.00040366188276467634	0.9771079693862761	0.2010893	null
"GO:0030900"	"forebrain development"	-3.5590909179347823	4.3483243377003875	0.05488817064422123	0.9047252084635444	0.57410428	null
"GO:0031146"	"SCF-dependent proteasomal ubiquitin-dependent protein catabolic process"	-29.47237009912866	4.698074434949801	0.12281166647820907	0.9655528201766502	0.18417672	null
"GO:0006511"	"ubiquitin-dependent protein catabolic process"	-6.443697499232713	5.690849688613356	1.2078769595261523	0.9586277771269245	0.91236802	31146
"GO:0010498"	"proteasomal protein catabolic process"	-9.692503962086787	5.5433229006469125	0.8599942571713117	0.9604616528812263	0.81003691	31146
"GO:0019941"	"modification-dependent protein catabolic process"	-6.317854923626168	5.716693490243442	1.2819366082487518	0.9583972749623092	0.97909202	31146
"GO:0031145"	"anaphase-promoting complex-dependent catabolic process"	-28.27327279097343	4.512430894876464	0.08009242478757662	0.9666686118375848	0.71983964	31146
"GO:0043161"	"proteasome-mediated ubiquitin-dependent protein catabolic process"	-10.559090917934782	5.432234696253359	0.6658968867380383	0.9603730793316851	0.80503204	31146
"GO:0051603"	"proteolysis involved in protein catabolic process"	-4.966576244513051	5.85954056916535	1.7812048234050641	0.9577968722879228	0.91565417	31146
"GO:0031295"	"T cell costimulation"	-7.2343314452409855	3.8257505813480277	0.016476296605041116	0.6984464448521797	0.69889174	null
"GO:0002694"	"regulation of leukocyte activation"	-3.3585258894959003	4.717146037938382	0.12832509707206807	0.7344722020570867	0.98366424	31295
"GO:0002696"	"positive regulation of leukocyte activation"	-4.23210238398191	4.508112056839824	0.07929986913970939	0.6937539255691624	0.99163183	31295
"GO:0022407"	"regulation of cell-cell adhesion"	-5.142064735280571	4.600046720062274	0.09799630609995623	0.8363205674150939	0.90486228	31295
"GO:0022409"	"positive regulation of cell-cell adhesion"	-5.1487416512809245	4.383617914519015	0.05953520500190238	0.778008832314905	0.93109081	31295
"GO:0031294"	"lymphocyte costimulation"	-7.013676222949234	3.834865579900038	0.016825808723044677	0.7039428820824563	0.82929822	31295
"GO:0033628"	"regulation of cell adhesion mediated by integrin"	-4.195860567664649	3.6952189189051508	0.012198465188913023	0.8560443855467533	0.71127237	31295
"GO:0045785"	"positive regulation of cell adhesion"	-6.121478204498794	4.56748513419138	0.09091745503391227	0.7726425818399115	0.80219089	31295
"GO:0050863"	"regulation of T cell activation"	-3.079876673709276	4.503994848765824	0.07855161784482853	0.7421624788224203	0.95621901	31295
"GO:0050864"	"regulation of B cell activation"	-3.089375595110799	4.2071764070951625	0.03965731862868576	0.7525321124358387	0.89702234	31295
"GO:0050867"	"positive regulation of cell activation"	-4.7594507517174005	4.514149134475438	0.08040993931731226	0.7118547980650501	0.91999205	31295
"GO:0050870"	"positive regulation of T cell activation"	-5.08196966321512	4.292344693840592	0.04824990175509725	0.6962964122430239	0.97407053	31295
"GO:0051249"	"regulation of lymphocyte activation"	-4.280668713016273	4.673269794418788	0.11599371882419596	0.7360381798710298	0.95133351	31295
"GO:0051251"	"positive regulation of lymphocyte activation"	-4.801342913045577	4.472975734594228	0.07313664136871703	0.6951407339008373	0.89676365	31295
"GO:1903037"	"regulation of leukocyte cell-cell adhesion"	-4.356547323513813	4.47745408625333	0.07389473807537263	0.838696854909095	0.94573697	31295
"GO:1903039"	"positive regulation of leukocyte cell-cell adhesion"	-5.943095148663527	4.30713219065578	0.049921160403860756	0.7802229013750066	0.90991437	31295
"GO:0031401"	"positive regulation of protein modification process"	-12.756961951313706	5.059582349244611	0.28232702805267945	0.7477977910533686	0.56741632	null
"GO:0033135"	"regulation of peptidyl-serine phosphorylation"	-3.0560111249262283	3.9387198147823823	0.02137192761003466	0.8250811123366043	0.71794494	31401
"GO:0050730"	"regulation of peptidyl-tyrosine phosphorylation"	-8.326058001365912	4.362463624755212	0.05670464911666227	0.8142420935502378	0.7704409	31401
"GO:0031622"	"positive regulation of fever generation"	-7.549750891680639	2.2764618041732443	0.00046273435341316556	0.7485003580563867	0.50208739	null
"GO:0002675"	"positive regulation of acute inflammatory response"	-6.350665141287858	2.739572344450092	0.0013488214131405038	0.7891673566077879	0.89259405	31622
"GO:0031620"	"regulation of fever generation"	-8.252588192113576	2.3729120029701067	0.0005784179417664569	0.7798398057850134	0.88834446	31622
"GO:0031652"	"positive regulation of heat generation"	-6.117475462045119	2.8603380065709936	0.0017820195312294247	0.7734717226848578	0.94043272	31622
"GO:0031623"	"receptor internalization"	-8.494850021680094	4.202951245040243	0.039273347569470575	0.9667884455192609	0.2474498	null
"GO:0099590"	"neurotransmitter receptor internalization"	-6.092588639225414	3.6348801407665263	0.010615815246122248	0.9648510636756462	0.75594991	31623
"GO:0031650"	"regulation of heat generation"	-6.636388020107856	2.9132839017604186	0.0020133867079360074	0.81907364257397	0.54473424	null
"GO:0031667"	"response to nutrient levels"	-4.002176919254275	5.293537121475543	0.48384783896411304	0.9074012172600212	0.34787873	null
"GO:0032200"	"telomere organization"	-3.7351821769904636	4.900241465533459	0.19561848655247202	0.97671028637328	0.43970338	null
"GO:0032201"	"telomere maintenance via semi-conservative replication"	-8.954677021213342	2.1903316981702914	0.0003790483533278058	0.962984340969318	0.26205848	null
"GO:0032225"	"regulation of synaptic transmission, dopaminergic"	-4.815308569182402	2.2695129442179165	0.0004553502945821044	0.8513958428429909	0.44484065	null
"GO:0032409"	"regulation of transporter activity"	-18.77728352885242	4.787184081777398	0.15078248133026873	0.8145197546608595	0.65325992	null
"GO:0032501"	"multicellular organismal process"	-44.643974142806876	6.163132142633867	3.5834862120669206	1	-0	null
"GO:0032502"	"developmental process"	-7.204815410317576	6.192100572841233	3.830665120083749	1	-0	null
"GO:0032594"	"protein transport within lipid bilayer"	-4.5003129173815966	2.3324384599156054	0.0005267295299490289	0.9667254627052954	0.19204753	null
"GO:0032645"	"regulation of granulocyte macrophage colony-stimulating factor production"	-3.812479279163537	2.6875289612146345	0.0011962175306319065	0.8020347803956458	0.64924711	null
"GO:0032649"	"regulation of type II interferon production"	-5.465973893943865	3.8009231818132183	0.015560673309989535	0.7822817959607745	0.61770052	null
"GO:0001819"	"positive regulation of cytokine production"	-3.2247537402597635	4.54119220000948	0.08557631914611137	0.7043291180521526	0.82436693	32649
"GO:0032663"	"regulation of interleukin-2 production"	-3.318758762624413	3.540079088804173	0.008533510655763004	0.7893643688209064	0.71958163	32649
"GO:0032729"	"positive regulation of type II interferon production"	-5.101823516502323	3.665393350279712	0.011388680070439982	0.736546168614076	0.73121763	32649
"GO:0032743"	"positive regulation of interleukin-2 production"	-3.8210230527068307	3.2979792441593623	0.004885785593218795	0.7481082710839474	0.74262208	32649
"GO:0032725"	"positive regulation of granulocyte macrophage colony-stimulating factor production"	-4.185086818724926	2.6190933306267428	0.001021461471630126	0.7614108816369527	0.64418609	null
"GO:0032847"	"regulation of cellular pH reduction"	-4.081445469449727	2.287801729930226	0.0004750411181316008	0.8368697294003573	0.49509607	null
"GO:0032849"	"positive regulation of cellular pH reduction"	-3.2132485778544386	1.9867717342662448	0.00023628988259395684	0.7965836369373158	0.51408942	null
"GO:0032879"	"regulation of localization"	-51.0395292224657	5.565863160327171	0.9058074195121588	0.8261809381858242	0.2238009	null
"GO:0032890"	"regulation of organic acid transport"	-4.958607314841775	3.4690852991231202	0.007246223066214677	0.7917240547013784	0.632172	null
"GO:0032892"	"positive regulation of organic acid transport"	-3.300162274132754	3.351409751925439	0.005525737358577428	0.7455443496890144	0.63234707	null
"GO:0032981"	"mitochondrial respiratory chain complex I assembly"	-41.835647144215564	4.590050069147028	0.09576632033297576	0.974712208368957	0.01463534	null
"GO:0033108"	"mitochondrial respiratory chain complex assembly"	-33.709965388637485	4.9829131523248655	0.23663693335901673	0.9729978919544509	0.76761132	32981
"GO:0032989"	"cellular anatomical entity morphogenesis"	-3.0096611452123985	4.509565403222792	0.07956569525762759	0.9804466467713467	0.26045124	null
"GO:0033209"	"tumor necrosis factor-mediated signaling pathway"	-26.373659632624957	4.119816545937216	0.03243078638602058	0.7374103877879431	0.67180951	null
"GO:0019221"	"cytokine-mediated signaling pathway"	-23.291579099865288	4.96721557632752	0.22823633576221283	0.7033209525399192	0.83586127	33209
"GO:0033238"	"regulation of amine metabolic process"	-41.12205304837081	4.055416559840489	0.027960969440284898	0.8534518092289847	0.18973901	null
"GO:0033554"	"cellular response to stress"	-5.991399828238082	6.254747656865193	4.425081855984172	0.8689077972169751	0.66772524	null
"GO:0033555"	"multicellular organismal response to stress"	-9.493494967595128	3.5390760987927767	0.008513819832213507	0.8619777620227815	0.46303549	null
"GO:0033674"	"positive regulation of kinase activity"	-24.667561540084396	4.885191540606848	0.1889556041339112	0.7112324436724698	0.56228892	null
"GO:0001932"	"regulation of protein phosphorylation"	-12.154901959985743	5.283142863303242	0.4724050091289119	0.7859625274881541	0.94657571	33674
"GO:0001934"	"positive regulation of protein phosphorylation"	-15.832682665251824	4.957070671419109	0.22296657910977885	0.7350919504603808	0.96410001	33674
"GO:0010562"	"positive regulation of phosphorus metabolic process"	-21.35457773065091	5.115397472098318	0.32104657120982044	0.7338736916196038	0.82926085	33674
"GO:0019220"	"regulation of phosphate metabolic process"	-11.84163750790475	5.431119203604928	0.6641887077951196	0.7851475174370839	0.980076	33674
"GO:0032147"	"activation of protein kinase activity"	-8.028260409112221	4.098366796439331	0.0308678272667793	0.7393738638169455	0.85329307	33674
"GO:0033138"	"positive regulation of peptidyl-serine phosphorylation"	-3.130181792020672	3.8258154449852038	0.016478757957984803	0.7744826945716466	0.7673147	33674
"GO:0042325"	"regulation of phosphorylation"	-13.338187314462738	5.372272972952656	0.5800227438857408	0.7873321997705174	0.94832547	33674
"GO:0042327"	"positive regulation of phosphorylation"	-21.025488307262673	5.104637312986588	0.3131899326135714	0.7315698764824089	0.95084413	33674
"GO:0042509"	"regulation of tyrosine phosphorylation of STAT protein"	-8.18775530319963	3.829753918924975	0.016628900487549714	0.8263090812194842	0.89924075	33674
"GO:0042531"	"positive regulation of tyrosine phosphorylation of STAT protein"	-9.319664486585436	3.823474229170301	0.01639014925201207	0.7734676639083434	0.89845877	33674
"GO:0043085"	"positive regulation of catalytic activity"	-16.312471038785365	5.423855097552538	0.6531716920191764	0.7898167598031567	0.8509162	33674
"GO:0043405"	"regulation of MAP kinase activity"	-10.51999305704285	4.285152078525091	0.04745734610723002	0.7872438184469779	0.78130668	33674
"GO:0043406"	"positive regulation of MAP kinase activity"	-12.131355561605174	4.0463000196529695	0.02738009014557475	0.6911985048351934	0.84622489	33674
"GO:0043549"	"regulation of kinase activity"	-16.143271109617118	5.236353327548778	0.42415510737381473	0.7584971503519495	0.92510939	33674
"GO:0044093"	"positive regulation of molecular function"	-20.341035157335565	5.5038873334560945	0.7853438837422273	0.7911458335260174	0.75022367	33674
"GO:0045859"	"regulation of protein kinase activity"	-8.735182176990463	5.125848715277235	0.3288662895119142	0.7587244660169323	0.9598904	33674
"GO:0045860"	"positive regulation of protein kinase activity"	-11.161780778092375	4.618382845341753	0.1022224491042669	0.719929505003941	0.93095135	33674
"GO:0045937"	"positive regulation of phosphate metabolic process"	-21.35457773065091	5.115397472098318	0.32104657120982044	0.7314421592240639	0.99464338	33674
"GO:0050731"	"positive regulation of peptidyl-tyrosine phosphorylation"	-10.30803489723264	4.171814181051147	0.03655601391964007	0.7626295492042826	0.81041338	33674
"GO:0050790"	"regulation of catalytic activity"	-9.640164517660113	5.6698039099679605	1.150739112291401	0.784852160683091	0.89578343	33674
"GO:0051091"	"positive regulation of DNA-binding transcription factor activity"	-4.3325470471100465	4.503082164576042	0.0783867071976015	0.7975691428962727	0.71650938	33674
"GO:0051336"	"regulation of hydrolase activity"	-3.423658649794207	5.332151528795684	0.5288389094217687	0.7957739908250184	0.85919351	33674
"GO:0051338"	"regulation of transferase activity"	-14.126098402135538	5.267800413255474	0.45600747581806883	0.7979925856918774	0.8147866	33674
"GO:0051345"	"positive regulation of hydrolase activity"	-3.9172146296835497	5.117887490167946	0.32289258591758574	0.7993555828868606	0.89326231	33674
"GO:0051347"	"positive regulation of transferase activity"	-21.011887159731646	4.943301563199376	0.2160083343379756	0.8034437278541684	0.86482813	33674
"GO:0061098"	"positive regulation of protein tyrosine kinase activity"	-3.496209316942819	3.3716219271760215	0.005789102123551943	0.7617641959467646	0.84554566	33674
"GO:0071900"	"regulation of protein serine/threonine kinase activity"	-7.841637507904751	4.946776391042226	0.2177435881632749	0.7651865034414123	0.92574791	33674
"GO:0071902"	"positive regulation of protein serine/threonine kinase activity"	-10.476253533188435	4.290479813330673	0.04804314810782754	0.7322857563094515	0.88042631	33674
"GO:0033993"	"response to lipid"	-19.029653123769908	5.0331462008952395	0.26565382321214337	0.870662696824602	0.56599786	null
"GO:0034103"	"regulation of tissue remodeling"	-5.3585258894959	3.881213416255019	0.018721050489683706	0.7961902031170471	0.62527356	null
"GO:0034220"	"monoatomic ion transmembrane transport"	-88.79588001734407	6.242153421106761	4.298600312266925	0.9451912603591319	0.55485039	null
"GO:0006812"	"monoatomic cation transport"	-75.45099673797421	6.218204275344302	4.067971541443448	0.9534484891311206	0.90224319	34220
"GO:0006813"	"potassium ion transport"	-55.48017200622428	5.424811425456997	0.6546115834912332	0.958057502989233	0.7006388	34220
"GO:0006814"	"sodium ion transport"	-19.619788758288394	5.397333310001031	0.6144767623914722	0.958296595408881	0.70594866	34220
"GO:0030001"	"metal ion transport"	-79.5654310959658	6.016606351619008	2.557289097373141	0.9545105297463681	0.84077071	34220
"GO:0098655"	"monoatomic cation transmembrane transport"	-73.77989191195995	6.165101516833915	3.5997729844952984	0.9448242950000723	0.8851952	34220
"GO:0034404"	"nucleobase-containing small molecule biosynthetic process"	-4.79317412396815	5.020593286421175	0.2580851629103057	0.9669358748278839	0.45822828	null
"GO:0034446"	"substrate adhesion-dependent cell spreading"	-3.6861327796308467	4.053654558290748	0.02784774720487529	0.9948728358850315	0.01305685	null
"GO:0034650"	"cortisol metabolic process"	-3.596879478824182	3.6280822609906793	0.010450904598895217	0.9665691995157866	0.52004669	null
"GO:0006694"	"steroid biosynthetic process"	-3.1726307269461747	4.957947119978726	0.22341700669847356	0.9827272293122573	0.7142786	34650
"GO:0006704"	"glucocorticoid biosynthetic process"	-3.3458234581220396	3.6310376965367404	0.01052228383426214	0.9844305841615851	0.97913941	34650
"GO:0034654"	"nucleobase-containing compound biosynthetic process"	-4.684029654543083	6.617847437707689	10.209893841355267	0.9673213841423169	0.32371217	null
"GO:0034776"	"response to histamine"	-9.555955204081924	2.494154594018443	0.0007654807654866728	0.8849661067181718	0.68216463	null
"GO:0035094"	"response to nicotine"	-7.6252516539898965	3.5363058723510337	0.008459670067452392	0.8961035961680459	0.42748508	null
"GO:0035095"	"behavioral response to nicotine"	-6.217527375833714	2.515873843711679	0.0008048624125856654	0.8396931245909615	0.68945513	null
"GO:0008344"	"adult locomotory behavior"	-3.262012673666569	3.6923180442592787	0.01211724054177135	0.9119718918882671	0.83509227	35095
"GO:0048149"	"behavioral response to ethanol"	-4.081445469449727	2.798650645445269	0.0015457296486354678	0.8257879125878053	0.73580314	35095
"GO:0071316"	"cellular response to nicotine"	-3.552841968657781	2.376576957056512	0.000583340647653831	0.8982594323588861	0.78856732	35095
"GO:0035150"	"regulation of tube size"	-20.66958622665081	4.484925911049592	0.07517710295903358	0.8107019650095852	0.53217594	null
"GO:0035235"	"ionotropic glutamate receptor signaling pathway"	-15.46470587995723	4.110589710299249	0.03174899162061927	0.7690729617774134	0.50919937	null
"GO:0035265"	"organ growth"	-4.372634143407267	3.786041210242554	0.015036405132984194	0.9166474325632422	0.51329119	null
"GO:0035556"	"intracellular signal transduction"	-32.18976748200492	6.25082994866753	4.385343312708344	0.6861201400810947	0.61586777	null
"GO:0007165"	"signal transduction"	-51	6.555859777363872	8.851839893322994	0.6662326722642944	0.78117509	35556
"GO:0035567"	"non-canonical Wnt signaling pathway"	-22.89279003035213	4.1505415413740865	0.03480845332962227	0.7673461279733134	0.69204153	null
"GO:0035813"	"regulation of renal sodium excretion"	-5.444905551421681	2.1335389083702174	0.0003322826473977518	0.7505328845068848	0.5277647	null
"GO:0035815"	"positive regulation of renal sodium excretion"	-3.987162775294828	1.9731278535996986	0.00022890582376289568	0.7197942737927615	0.92100231	35813
"GO:0036005"	"response to macrophage colony-stimulating factor"	-3.2132485778544386	2.9854264740830017	0.0023776669436016908	0.8988787501682539	0.56302523	null
"GO:0036006"	"cellular response to macrophage colony-stimulating factor stimulus"	-3.2132485778544386	2.9800033715837464	0.002348130708277446	0.8988553300262345	0.57023301	null
"GO:0036270"	"response to diuretic"	-5.856985199745905	4.74170298395774	0.13579084205394779	0.8765686496970747	0.53241151	null
"GO:0038003"	"G protein-coupled opioid receptor signaling pathway"	-3.552841968657781	3.4599952560473914	0.0070960805366497666	0.7908704939199058	0.48300083	null
"GO:0038061"	"non-canonical NF-kappaB signal transduction"	-34.94309514866353	3.518908573691414	0.00812738742005464	0.793794129021903	0.60113703	null
"GO:0038110"	"interleukin-2-mediated signaling pathway"	-4.404503778174426	2.8494194137968996	0.0017377151782430578	0.775991035382124	0.57815632	null
"GO:0038155"	"interleukin-23-mediated signaling pathway"	-3.552841968657781	2.3010299956639813	0.0004898092357937231	0.789350029647425	0.54526579	null
"GO:0038169"	"somatostatin receptor signaling pathway"	-6.978810700930062	3.5549734583332397	0.008831334361949137	0.7883259232392814	0.48921076	null
"GO:0038170"	"somatostatin signaling pathway"	-6.978810700930062	3.5549734583332397	0.008831334361949137	0.7467813964894408	0.665553	null
"GO:0040011"	"locomotion"	-6.311580177997289	5.307164307090027	0.4992706765092561	1	-0	null
"GO:0040012"	"regulation of locomotion"	-8.655607726314889	5.219450916891037	0.4079643277102412	0.8365170817557683	0.20396341	null
"GO:0042127"	"regulation of cell population proliferation"	-17.882728704344235	5.212677574440172	0.401650957409684	0.8295282833964064	0.20361052	null
"GO:0042221"	"response to chemical"	-35.35163998901907	6.242583414694064	4.302858452859503	0.888487787675385	-0	null
"GO:0042391"	"regulation of membrane potential"	-73.85387196432177	5.197861985482968	0.3881799727488847	0.7936191472070183	0.20284288	null
"GO:0042446"	"hormone biosynthetic process"	-5.005682847330363	4.616139291308727	0.10169571957431786	0.7992290788633353	0.54509876	null
"GO:0006702"	"androgen biosynthetic process"	-3.552841968657781	3.0038911662369103	0.002481043767236547	0.832899465236836	0.7130185	42446
"GO:0008209"	"androgen metabolic process"	-4.026410376572743	3.5089335260500327	0.007942785949278114	0.8238524100863666	0.76381924	42446
"GO:0042445"	"hormone metabolic process"	-4.0101054362812265	4.894808795929415	0.19318666984410923	0.7926208559393453	0.89108288	42446
"GO:0042592"	"homeostatic process"	-32.494850021680094	5.894315508737042	1.9296957851447603	1	-0	null
"GO:0042596"	"fear response"	-7.147520006363144	3.1649473726218416	0.0035960366507267806	0.866018681432373	0.43593375	null
"GO:0001662"	"behavioral fear response"	-5.560667306169737	3.1000257301078626	0.00309638200315831	0.854658499787245	0.90905461	42596
"GO:0048265"	"response to pain"	-3.6497519816658373	3.1812717715594614	0.003733872415573256	0.8657539395277872	0.91738537	42596
"GO:0042752"	"regulation of circadian rhythm"	-4.419075024324381	4.27214341759105	0.04605683628227209	0.8592592513945697	0.16416904	null
"GO:0042981"	"regulation of apoptotic process"	-5.478861916295964	5.3014770887669	0.49277516609086597	0.8219485924004236	0.2083361	null
"GO:0043066"	"negative regulation of apoptotic process"	-4.1979107421182675	4.969196845946869	0.22927994941033614	0.8039147504560541	0.92274968	42981
"GO:0043069"	"negative regulation of programmed cell death"	-4.790484985457369	4.980998152783538	0.2355957810638371	0.8035584113997741	0.92495624	42981
"GO:0043523"	"regulation of neuron apoptotic process"	-3.332547047110046	4.192623200012946	0.03835034021558793	0.8503230241890952	0.79754758	42981
"GO:0070228"	"regulation of lymphocyte apoptotic process"	-3.158640529545145	3.564784384503987	0.009033165303331476	0.8626748709029279	0.71869966	42981
"GO:0043067"	"regulation of programmed cell death"	-6.59176003468815	5.314758085477364	0.5080773973417684	0.8265039719629487	0.20906179	null
"GO:0043112"	"receptor metabolic process"	-5.82102305270683	4.091526272631091	0.03038540208981664	0.9878465565580046	0.09116776	null
"GO:0043248"	"proteasome assembly"	-3.001304841688344	4.325925955771466	0.05212899399434805	0.9769283547397071	0.49858036	null
"GO:0043269"	"regulation of monoatomic ion transport"	-75.46092390120722	4.9822576611249465	0.2362800371821821	0.7432974539984123	0.19229267	null
"GO:0002028"	"regulation of sodium ion transport"	-3.657577319177794	4.329438560779451	0.052552346700662216	0.7558440838339416	0.87523828	43269
"GO:0002791"	"regulation of peptide secretion"	-15.655607726314889	4.175221800343053	0.036843992214051456	0.7634832505612389	0.85895407	43269
"GO:0002792"	"negative regulation of peptide secretion"	-5.029188389127482	3.564073978977147	0.009018397185669354	0.761472639464532	0.9177348	43269
"GO:0002793"	"positive regulation of peptide secretion"	-3.058488567365597	3.8637985386805003	0.01798510595952128	0.7211966956290509	0.95605944	43269
"GO:0010959"	"regulation of metal ion transport"	-19.5016894462104	4.850787097711307	0.174564073472173	0.7383816833821006	0.95871465	43269
"GO:0014059"	"regulation of dopamine secretion"	-4.528708288941061	4.186164961727415	0.03778422903853992	0.7558027088710074	0.96704559	43269
"GO:0017158"	"regulation of calcium ion-dependent exocytosis"	-4.6439741428068775	4.250639533911599	0.043831773221178996	0.7571416574855272	0.86976525	43269
"GO:0022898"	"regulation of transmembrane transporter activity"	-18.99567862621736	4.780835563373373	0.14859433856333093	0.7113838595304516	0.99580224	43269
"GO:0032411"	"positive regulation of transporter activity"	-6.536107011014093	4.32436477820229	0.051941931170627835	0.6857185095446502	0.7236555	43269
"GO:0032412"	"regulation of monoatomic ion transmembrane transporter activity"	-18.991399828238084	4.778288755199132	0.1477254809742094	0.7114435900960935	0.9386532	43269
"GO:0032413"	"negative regulation of ion transmembrane transporter activity"	-3.2069083998234196	4.133123575402619	0.03343994109293227	0.7126086418953123	0.94621084	43269
"GO:0032414"	"positive regulation of ion transmembrane transporter activity"	-7.178486471595227	4.308500385085034	0.050078686992256725	0.6735126480487231	0.97791549	43269
"GO:0032811"	"negative regulation of epinephrine secretion"	-3.596879478824182	2.876217840591642	0.0018484760607089751	0.7741836649265312	0.9205574	43269
"GO:0032880"	"regulation of protein localization"	-7.080398976215889	4.947016873694681	0.21786419445751556	0.7430761290641269	0.9202676	43269
"GO:0033604"	"negative regulation of catecholamine secretion"	-5.250263684430939	3.166726055580052	0.003610804768388903	0.7665145756719269	0.87026679	43269
"GO:0034762"	"regulation of transmembrane transport"	-64.04383156952464	5.002813779224673	0.24773271242915798	0.7371984943351781	0.81748573	43269
"GO:0034763"	"negative regulation of transmembrane transport"	-3.0540392964224314	4.225438516805497	0.0413605748657172	0.7371865019469278	0.876423	43269
"GO:0034764"	"positive regulation of transmembrane transport"	-10.30803489723264	4.484499141895491	0.07510326237072297	0.6937106146234218	0.89137277	43269
"GO:0034765"	"regulation of monoatomic ion transmembrane transport"	-65.63078414258986	4.900459986731022	0.19571694067021952	0.7296859529100799	0.80180165	43269
"GO:0034767"	"positive regulation of monoatomic ion transmembrane transport"	-10.943095148663527	4.400002345927956	0.06182426323953134	0.6918423163538341	0.97876123	43269
"GO:0043266"	"regulation of potassium ion transport"	-11.449771646944907	4.4068466330976666	0.06280634306406248	0.7531957132139836	0.88670177	43269
"GO:0043268"	"positive regulation of potassium ion transport"	-7.486782399932061	3.935356092945573	0.021207016962807627	0.716321029230259	0.91314844	43269
"GO:0043270"	"positive regulation of monoatomic ion transport"	-16.522878745280337	4.441836474315132	0.06807609971649645	0.7005099131038746	0.89198257	43269
"GO:0043271"	"negative regulation of monoatomic ion transport"	-5.382999658879101	4.30425349686627	0.04959133910940669	0.7378047659598254	0.8715722	43269
"GO:0046883"	"regulation of hormone secretion"	-16.79860287567955	4.305630775996965	0.04974886569780267	0.6834677766140533	0.87782137	43269
"GO:0046888"	"negative regulation of hormone secretion"	-4.021819483062586	3.66228551572213	0.01130745542329831	0.6907416866778412	0.92809617	43269
"GO:0050433"	"regulation of catecholamine secretion"	-8.078833949362261	4.24659704910637	0.04342564998547063	0.7539222658509955	0.86917886	43269
"GO:0050708"	"regulation of protein secretion"	-14.498940737782249	4.319439203046049	0.05135612917003031	0.7533825369395054	0.87986776	43269
"GO:0050709"	"negative regulation of protein secretion"	-5.489454989793388	3.59659709562646	0.009719882774620164	0.7555098455725882	0.91999403	43269
"GO:0050796"	"regulation of insulin secretion"	-11.958607314841775	4.045557669136548	0.027333324439644698	0.6903030608156479	0.98089772	43269
"GO:0051046"	"regulation of secretion"	-23.779891911959943	4.996485403548352	0.2441489825431496	0.742733636361424	0.81971461	43269
"GO:0051047"	"positive regulation of secretion"	-6.619788758288394	4.331022171041829	0.0527443322302698	0.7058493525262928	0.88159172	43269
"GO:0051048"	"negative regulation of secretion"	-8.002176919254275	4.145569297792989	0.034412175505688654	0.7461191407223766	0.85477658	43269
"GO:0051049"	"regulation of transport"	-55.20065945054642	5.454931710220159	0.7016234247156559	0.7293338677663092	0.85062857	43269
"GO:0051050"	"positive regulation of transport"	-12.224025668870631	4.916648679381189	0.20315022656015438	0.6922623085450905	0.80424213	43269
"GO:0051051"	"negative regulation of transport"	-5.617982957425132	4.67465909631365	0.1163653831186927	0.7383753187371944	0.769243	43269
"GO:0051223"	"regulation of protein transport"	-8.913640169325252	4.551157116440878	0.08756263097166682	0.7518383108885639	0.92201397	43269
"GO:0051282"	"regulation of sequestering of calcium ion"	-6.931814138253839	4.560253443542344	0.08941602973826317	0.7595029343410219	0.71344585	43269
"GO:0051588"	"regulation of neurotransmitter transport"	-10.210419287835574	4.224248100962593	0.04124735263030759	0.7701038592520261	0.71160231	43269
"GO:0051924"	"regulation of calcium ion transport"	-13.590066876668706	4.4785376378588975	0.07407933954614916	0.7506907122480421	0.89758965	43269
"GO:0051926"	"negative regulation of calcium ion transport"	-3.8239087409443187	3.819214799882384	0.01623016131067241	0.7503288295169894	0.88579524	43269
"GO:0051928"	"positive regulation of calcium ion transport"	-4.099086932262331	3.966751664051378	0.022797050964429463	0.7137907852688268	0.91730361	43269
"GO:0051952"	"regulation of amine transport"	-11.557520230935552	4.326458757071222	0.05219298917088391	0.7668240601971642	0.72391195	43269
"GO:0051955"	"regulation of amino acid transport"	-3.54515513999149	3.5521813388393357	0.008774723244244336	0.7847901351185633	0.88439566	43269
"GO:0060341"	"regulation of cellular localization"	-3.7471469690201067	5.029286354912474	0.26330323115092225	0.74196739822129	0.8553859	43269
"GO:0070201"	"regulation of establishment of protein localization"	-8.507239610973162	4.679337030520794	0.11762559582586046	0.7529627148283308	0.72873754	43269
"GO:0090087"	"regulation of peptide transport"	-10.388276691992658	4.175946470095546	0.03690552603764364	0.7716215646274784	0.70592959	43269
"GO:0090276"	"regulation of peptide hormone secretion"	-12.928117992693874	4.172515363010772	0.03661508639028856	0.6871650589468947	0.99902621	43269
"GO:1901016"	"regulation of potassium ion transmembrane transporter activity"	-6.209714835966758	4.079108857601436	0.029528851265413544	0.7329954910340455	0.94066539	43269
"GO:1901018"	"positive regulation of potassium ion transmembrane transporter activity"	-4.001304841688344	3.722880610686939	0.013000866248555001	0.696095553401474	0.9706902	43269
"GO:1901019"	"regulation of calcium ion transmembrane transporter activity"	-6.860120913598763	4.17376882313665	0.03672092456686711	0.7279249376054491	0.93261948	43269
"GO:1901020"	"negative regulation of calcium ion transmembrane transporter activity"	-4.026410376572743	3.7587605439099794	0.014120781837932611	0.7231058141825001	0.91549142	43269
"GO:1901379"	"regulation of potassium ion transmembrane transport"	-6.692503962086787	4.334936032690669	0.053221834701345096	0.7474744953599434	0.92119969	43269
"GO:1901381"	"positive regulation of potassium ion transmembrane transport"	-5.369572124974976	3.927626962444954	0.020832891315367197	0.7087182474795661	0.92423821	43269
"GO:1901385"	"regulation of voltage-gated calcium channel activity"	-5.752026733638194	3.957415714722669	0.02231216443452311	0.7352021854296881	0.9034769	43269
"GO:1901386"	"negative regulation of voltage-gated calcium channel activity"	-3.1630432629404495	3.643847310299714	0.010837337011054084	0.7267809760555485	0.97666197	43269
"GO:1903169"	"regulation of calcium ion transmembrane transport"	-11.505845405981557	4.335979142340353	0.05334982505441682	0.7462827351748499	0.87619541	43269
"GO:1903170"	"negative regulation of calcium ion transmembrane transport"	-3.6345120151091	3.791901080009571	0.015240697427310216	0.7440100602287529	0.98839042	43269
"GO:1903305"	"regulation of regulated secretory pathway"	-4.3979400086720375	4.474886134650251	0.07345907860434002	0.7497218988963913	0.90358068	43269
"GO:1903530"	"regulation of secretion by cell"	-20.609064892896622	4.974695871909683	0.23220157535449268	0.7312145216532906	0.81311632	43269
"GO:1903531"	"negative regulation of secretion by cell"	-6.954677021213342	4.0948552900836805	0.030619230619466913	0.7414943899889755	0.84772527	43269
"GO:1903532"	"positive regulation of secretion by cell"	-4.749579997691106	4.300399811671333	0.0491532182854304	0.7000782332397673	0.87704862	43269
"GO:1904062"	"regulation of monoatomic cation transmembrane transport"	-23.43533393574791	4.786105176895488	0.1504083556828283	0.7331606150196124	0.94750306	43269
"GO:1904063"	"negative regulation of cation transmembrane transport"	-3.0414361167780326	4.1709947020363005	0.03648709603721684	0.7336084542646407	0.99208595	43269
"GO:1904064"	"positive regulation of cation transmembrane transport"	-10.452225294612177	4.350635608258955	0.055181071644519984	0.6929514607623982	0.87834782	43269
"GO:1904427"	"positive regulation of calcium ion transmembrane transport"	-3.769551078621726	3.87742894078822	0.01855860119540036	0.7089766889421489	0.91759974	43269
"GO:1905477"	"positive regulation of protein localization to membrane"	-3.4762535331884354	4.020444155366574	0.02579744020278398	0.7257558082943886	0.81498833	43269
"GO:2001257"	"regulation of cation channel activity"	-17.041436116778033	4.505177120876829	0.07876575555092931	0.7182462155982811	0.95170102	43269
"GO:2001259"	"positive regulation of cation channel activity"	-4.85078088734462	4.150848506669523	0.03483306685905914	0.679447269370535	0.95495921	43269
"GO:0043412"	"macromolecule modification"	-4.696803942579511	6.61757147177754	10.203408176348653	0.9786388709368176	0.17153145	null
"GO:0043488"	"regulation of mRNA stability"	-16.749579997691107	4.982655594477174	0.23649663624122655	0.7715274154732984	0.5847623	null
"GO:0031329"	"regulation of cellular catabolic process"	-3.4775557664936803	4.961459063508849	0.22523102381797094	0.8206692022284344	0.78472528	43488
"GO:0043487"	"regulation of RNA stability"	-15.913640169325252	5.010461090711631	0.25213361149247043	0.7707271987413808	0.79208545	43488
"GO:0061013"	"regulation of mRNA catabolic process"	-14.98296666070122	5.010147248141154	0.2519514713746375	0.817851328651253	0.90379174	43488
"GO:0043550"	"regulation of lipid kinase activity"	-6.54515513999149	2.484299839346786	0.0007482512948808633	0.8339803101933767	0.60191972	null
"GO:0043627"	"response to estrogen"	-3.3288271572849166	3.6615287401319825	0.011287764599748814	0.8822138358751266	0.67717242	null
"GO:0043687"	"post-translational protein modification"	-9.950781977329818	5.884384090011739	1.8860683042179072	0.9698693416784633	0.63040062	null
"GO:0043933"	"protein-containing complex organization"	-8.422508200162774	6.062812042956448	2.844366536607136	0.9737222929773731	0.34907467	null
"GO:0043949"	"regulation of cAMP-mediated signaling"	-3.350665141287858	3.4523998459114416	0.006973012889465414	0.8065783435459092	0.52788598	null
"GO:0043951"	"negative regulation of cAMP-mediated signaling"	-4.634512015109101	3.4424797690644486	0.006815486301069443	0.787775708542452	0.52706204	null
"GO:0044057"	"regulation of system process"	-51.26760624017703	4.786630768031185	0.15059049580066114	0.7687578998286644	0.18362682	null
"GO:0001817"	"regulation of cytokine production"	-3.96657624451305	4.770697404733859	0.14516567391277488	0.7534160064797887	0.72353657	44057
"GO:0022603"	"regulation of anatomical structure morphogenesis"	-13.431798275933005	5.568935882496253	0.9122389347540132	0.7980845992591509	0.82083686	44057
"GO:0050865"	"regulation of cell activation"	-4.036212172654444	4.738931108940746	0.13492644566703674	0.7645798836925776	0.71949862	44057
"GO:0051240"	"positive regulation of multicellular organismal process"	-16.55284196865778	5.195669996526704	0.38622565851159724	0.6982380419358654	0.85249753	44057
"GO:0051241"	"negative regulation of multicellular organismal process"	-7.33161408331	4.98910259929672	0.24003360042130487	0.7368956028790689	0.81735242	44057
"GO:2000026"	"regulation of multicellular organismal development"	-17.991399828238084	5.217912762744763	0.40652197488524067	0.7397468114686617	0.78560693	44057
"GO:0044062"	"regulation of excretion"	-5.088309841246139	2.4899584794248346	0.0007580967066556116	0.7417849829474978	0.55216872	null
"GO:0044070"	"regulation of monoatomic anion transport"	-4.91721462968355	3.2773799746672547	0.004659341122399587	0.7882144505052927	0.61474772	null
"GO:0044237"	"cellular metabolic process"	-8.563837352959244	7.206964612305403	39.640441131550894	0.9775723205028063	0.10508356	null
"GO:0044419"	"biological process involved in interspecies interaction between organisms"	-3.1778319206319825	5.636486893362641	1.0657609019106056	1	-0	null
"GO:0045124"	"regulation of bone resorption"	-4.536107011014093	3.785756799962643	0.015026559721209443	0.797901331365116	0.61629054	null
"GO:0046850"	"regulation of bone remodeling"	-3.96657624451305	3.851135995011574	0.017468221841346998	0.7961876912294689	0.98325423	45124
"GO:0045187"	"regulation of circadian sleep/wake cycle, sleep"	-8.318758762624412	2.780317312140151	0.0014817344720996044	0.8192556003682886	0.5352543	null
"GO:0042321"	"negative regulation of circadian sleep/wake cycle, sleep"	-3.2132485778544386	1.8808135922807914	0.0001846014707765288	0.8180960254353585	0.89793723	45187
"GO:0042749"	"regulation of circadian sleep/wake cycle"	-7.29929628285498	2.866877814337499	0.001809094413609982	0.8181167144253947	0.79741654	45187
"GO:0045188"	"regulation of circadian sleep/wake cycle, non-REM sleep"	-4.435333935747911	2.0293837776852097	0.00026090341203082736	0.8334161308860568	0.91089348	45187
"GO:0045321"	"leukocyte activation"	-7.114638779968488	4.662493398030702	0.1131508561742374	0.8764565712786649	0.64893048	null
"GO:0006955"	"immune response"	-4.124360062995832	5.410414467099877	0.6332667307635791	0.871825332133508	0.7865345	45321
"GO:0030098"	"lymphocyte differentiation"	-4.562249437179612	4.277196495795956	0.046595872576939555	0.8698134520957157	0.8981462	45321
"GO:0030168"	"platelet activation"	-3.1694113313148558	4.025264892154508	0.026085418497195364	0.713295052298279	0.86349236	45321
"GO:0030183"	"B cell differentiation"	-4.435333935747911	3.866818802926048	0.01811063495964932	0.8768336488727548	0.92036687	45321
"GO:0042110"	"T cell activation"	-3.166852888087215	4.315340476627288	0.05087370399306765	0.881923872017487	0.92034514	45321
"GO:0042113"	"B cell activation"	-5.73754891026957	4.131458260106525	0.03331195073986054	0.8848467823184487	0.87776828	45321
"GO:0046649"	"lymphocyte activation"	-6.099086932262331	4.5574109486956225	0.08883268909060935	0.8780235943507129	0.94010902	45321
"GO:0048143"	"astrocyte activation"	-3.238072161579471	2.9111576087399764	0.0020035412961612593	0.8522097975653065	0.9432697	45321
"GO:0061900"	"glial cell activation"	-3.300162274132754	3.1908917169221698	0.003817558415658615	0.858762345556533	0.76563431	45321
"GO:0045471"	"response to ethanol"	-7.262807357295263	3.302330928684399	0.004935012652092536	0.8881842897740532	0.61793214	null
"GO:0045595"	"regulation of cell differentiation"	-17.438898616350944	5.19929157277753	0.38945987627960205	0.8038323606262305	0.56809034	null
"GO:0051093"	"negative regulation of developmental process"	-3.9469215565165805	4.8752465228514374	0.1846777727177831	0.793351371246068	0.7071521	45595
"GO:0051094"	"positive regulation of developmental process"	-7.033389013318065	5.12076142698027	0.3250364243315372	0.7476843126106711	0.74260171	45595
"GO:0045744"	"negative regulation of G protein-coupled receptor signaling pathway"	-3.4609239012072233	3.910464315995614	0.020025567549837843	0.775920088759058	0.56894989	null
"GO:0045899"	"positive regulation of RNA polymerase II transcription preinitiation complex assembly"	-6.117475462045119	3.672005445022952	0.011563436129441764	0.7928891946153148	0.4509678	null
"GO:0045898"	"regulation of RNA polymerase II transcription preinitiation complex assembly"	-6.636388020107856	3.6856521841155243	0.011932639070994821	0.8504238400575689	0.90810354	45899
"GO:0060261"	"positive regulation of transcription initiation by RNA polymerase II"	-3.133122185662501	4.014016229258364	0.02541839184945617	0.7832833131952102	0.95097861	45899
"GO:0045956"	"positive regulation of calcium ion-dependent exocytosis"	-3.415668775632469	3.3690302218091532	0.0057546431823403245	0.7331517840324624	0.62295687	null
"GO:0046112"	"nucleobase biosynthetic process"	-3.238072161579471	5.195800057542198	0.3863413420999505	0.9664524652548298	0.5318852	null
"GO:0046427"	"positive regulation of receptor signaling pathway via JAK-STAT"	-8.493494967595128	3.765221366304981	0.014332458191089695	0.749478077090377	0.59657407	null
"GO:0046425"	"regulation of receptor signaling pathway via JAK-STAT"	-6.896196279044043	3.933892035764211	0.021135637727440704	0.7935720444414572	0.97532625	46427
"GO:1904894"	"positive regulation of receptor signaling pathway via STAT"	-8.40340290437354	3.784902449886655	0.014997023485885198	0.7488399998807184	0.95386833	46427
"GO:0046677"	"response to antibiotic"	-8.153044674980176	5.115703683637	0.32127301568063965	0.8688831493780174	0.57629611	null
"GO:0046683"	"response to organophosphorus"	-5.061480274823508	3.9587071910872846	0.022378620964002664	0.890016035493835	0.45920066	null
"GO:0046777"	"protein autophosphorylation"	-17.505845405981557	4.959513609718711	0.22422433046400295	0.9587565217019068	0.55396993	null
"GO:0046903"	"secretion"	-4.4179366370882915	5.504394735350103	0.7862619683902224	0.9727095742316207	0.33886883	null
"GO:0048015"	"phosphatidylinositol-mediated signaling"	-3.657577319177794	4.51813211935716	0.08115080655336206	0.7656040497454164	0.43715959	null
"GO:0048384"	"retinoic acid receptor signaling pathway"	-5.642065152999546	3.7570162347313008	0.014064170720227807	0.7450941536490933	0.68793454	null
"GO:0048511"	"rhythmic process"	-7.58838029403677	4.754172441415161	0.13974577473077598	1	-0	null
"GO:0048518"	"positive regulation of biological process"	-13.67778070526608	6.254081146921754	4.418295905918426	0.8009951699016216	0.30793062	null
"GO:0048519"	"negative regulation of biological process"	-6.5638373529592435	6.277663755515925	4.664847168934615	0.7999957048229849	0.31330319	null
"GO:0048523"	"negative regulation of cellular process"	-6.22767829327708	6.242988908587792	4.3068778422165455	0.7591155580622627	0.57356867	null
"GO:0048565"	"digestive tract development"	-3.350665141287858	3.9463048549934747	0.021748514610418778	0.9125771704299898	0.52927147	null
"GO:0048583"	"regulation of response to stimulus"	-19.039529222465703	5.966331372378243	2.2777433981468276	0.8123991422104188	0.25215206	null
"GO:0048584"	"positive regulation of response to stimulus"	-24.01772876696043	5.541162220926623	0.8557262711669584	0.7110129934794623	0.60806339	null
"GO:0009893"	"positive regulation of metabolic process"	-4.534617148551582	6.06847677870949	2.881710183468756	0.7178785065064173	0.87053528	48584
"GO:0031325"	"positive regulation of cellular metabolic process"	-4.782516055786093	5.9756385661812965	2.327083679255978	0.7104862845917422	0.84419067	48584
"GO:0032101"	"regulation of response to external stimulus"	-8.954677021213342	5.1257544437096305	0.3287949102765473	0.7809823418440006	0.70541642	48584
"GO:0048522"	"positive regulation of cellular process"	-13.474955192963154	6.174251169289501	3.6764170538087693	0.7143549954465168	0.73946298	48584
"GO:0048585"	"negative regulation of response to stimulus"	-11.804100347590767	5.495058433016688	0.7695395364908127	0.7411141761937424	0.76771907	48584
"GO:0080134"	"regulation of response to stress"	-11.605548319173783	5.2680839618417785	0.45630529952425497	0.775759739939155	0.72819158	48584
"GO:0048638"	"regulation of developmental growth"	-3.113509274827518	4.6391875599357535	0.10723868640350111	0.8259035325227188	0.67611905	null
"GO:0040014"	"regulation of multicellular organism growth"	-3.2069083998234196	3.6377898293622293	0.010687194481489174	0.7910798010204475	0.78140286	48638
"GO:0040018"	"positive regulation of multicellular organism growth"	-3.047207556955908	3.318272080211627	0.005119614122869065	0.7526891860089175	0.74700301	48638
"GO:0048661"	"positive regulation of smooth muscle cell proliferation"	-3.364516253185088	3.298853076409707	0.004895631004993544	0.8033683955939687	0.68658542	null
"GO:0048678"	"response to axon injury"	-3.350665141287858	3.6093809442507068	0.010010322421975235	0.9225161813222549	0.23868363	null
"GO:0042060"	"wound healing"	-3.2291479883578558	4.688428721388616	0.12011402365192808	0.9094488255530412	0.80877784	48678
"GO:0048755"	"branching morphogenesis of a nerve"	-3.2132485778544386	2.2810333672477277	0.00046765705930053964	0.9273339935071485	0.39978622	null
"GO:0048856"	"anatomical structure development"	-9.732828271596986	6.122977274352911	3.2670128346264704	0.9681323070146416	-0	null
"GO:0007275"	"multicellular organism development"	-6.647817481888637	5.950369236249014	2.195546516592399	0.882622759853055	0.86661767	48856
"GO:0030154"	"cell differentiation"	-4.528708288941061	5.923255938243652	2.06266791657451	0.9602728923107797	0.85920872	48856
"GO:0048513"	"animal organ development"	-5.114073660198569	5.626726235442988	1.042075302533505	0.9698842720790172	0.7857413	48856
"GO:0048731"	"system development"	-3.285670240254767	5.901913628675514	1.963753525826558	0.8819640745404179	0.85346525	48856
"GO:0048869"	"cellular developmental process"	-5.6595558851598815	5.933789366689749	2.113307792037927	0.9625420904151172	0.86207197	48856
"GO:0048870"	"cell motility"	-6.18111458540599	5.531902785916386	0.8376747086779577	0.9933309189335203	0.0185791	null
"GO:0050729"	"positive regulation of inflammatory response"	-5.192464971931146	3.6980135039391815	0.012277228483111009	0.7643271622341737	0.67623205	null
"GO:0002673"	"regulation of acute inflammatory response"	-3.058488567365597	3.09795107099415	0.0030816138854961876	0.8254707580710163	0.74234851	50729
"GO:0002861"	"regulation of inflammatory response to antigenic stimulus"	-3.3169529617611504	2.9703468762300935	0.002296442296460018	0.8094837191588778	0.73125887	50729
"GO:0050789"	"regulation of biological process"	-16.815308569182402	7.03498324614998	26.67823535368239	0.7715633731238875	0.49486593	null
"GO:0050793"	"regulation of developmental process"	-17.202040356262803	5.763972018350213	1.4293716495756061	0.8196362967062581	0.23698226	null
"GO:0050794"	"regulation of cellular process"	-7.679853713888946	7.003509775209796	24.81324853742716	0.7630672712194784	0.67600498	null
"GO:0050795"	"regulation of behavior"	-7.58838029403677	3.791971201020768	0.015243158780253906	0.7985417083910005	0.6168675	null
"GO:0050801"	"monoatomic ion homeostasis"	-32.235077015350114	5.666189327431937	1.1412013696346135	0.9678118054433965	-0	null
"GO:0006873"	"intracellular monoatomic ion homeostasis"	-24.321481620959887	5.596974053521058	0.9730761954631258	0.9670550024535315	0.9690419	50801
"GO:0006874"	"intracellular calcium ion homeostasis"	-28.630784142589857	5.034492091614136	0.26647837644827854	0.9695756941932142	0.7964005	50801
"GO:0019725"	"cellular homeostasis"	-31.454692883534175	5.779076036136566	1.4799573752742623	0.9686704693631857	0.89143857	50801
"GO:0030003"	"intracellular monoatomic cation homeostasis"	-27.452225294612177	5.594628972065761	0.9678359750460162	0.9668035105312568	0.90914099	50801
"GO:0033500"	"carbohydrate homeostasis"	-4.694648630553377	4.505678952441556	0.07885682560984572	0.97387764825609	0.7129341	50801
"GO:0042593"	"glucose homeostasis"	-4.735182176990463	4.502986698753511	0.07836947772699569	0.9738891291187991	0.71255389	50801
"GO:0048878"	"chemical homeostasis"	-31.373659632624957	5.782903837869686	1.4930591569935086	0.9686462695202485	0.91989953	50801
"GO:0051480"	"regulation of cytosolic calcium ion concentration"	-29.24488773360493	4.3310019048442046	0.05274187087732612	0.9729105331110046	0.87155688	50801
"GO:0055074"	"calcium ion homeostasis"	-28.593459819566046	5.051488247049932	0.27711388251795027	0.9700934086685938	0.79940849	50801
"GO:0055075"	"potassium ion homeostasis"	-12.498940737782249	4.46217330470679	0.07133985371982547	0.972934533432148	0.70683942	50801
"GO:0055080"	"monoatomic cation homeostasis"	-28.46980030179692	5.657036720520181	1.1174025480221035	0.9668192617667907	0.9684689	50801
"GO:0055082"	"intracellular chemical homeostasis"	-25.485452247339715	5.653591632098624	1.1085736750130981	0.9677855308615196	0.92289349	50801
"GO:0098771"	"inorganic ion homeostasis"	-29.34582345812204	5.605056036739983	0.9913542024229459	0.9681967688209919	0.91154309	50801
"GO:0050804"	"modulation of chemical synaptic transmission"	-22.787812395596042	5.00094573149735	0.24666940795748515	0.7868732171135893	0.69823127	null
"GO:0032228"	"regulation of synaptic transmission, GABAergic"	-3.9208187539523753	3.4574276929464847	0.007054237536607087	0.8288998252896432	0.76969224	50804
"GO:0046928"	"regulation of neurotransmitter secretion"	-3.832682665251824	4.200275799111851	0.03903213498098925	0.7209971065473942	0.86474144	50804
"GO:0048167"	"regulation of synaptic plasticity"	-5.248720896016658	4.398963736125521	0.061676582062910115	0.7640734884918375	0.89427554	50804
"GO:0050805"	"negative regulation of synaptic transmission"	-8.692503962086787	3.4892551683692603	0.007590812478330863	0.8080723828084745	0.77333479	50804
"GO:0050806"	"positive regulation of synaptic transmission"	-12.306273051076353	4.315676520348013	0.05091308564016664	0.7495780398622618	0.88165322	50804
"GO:0051966"	"regulation of synaptic transmission, glutamatergic"	-13.079354998593212	4.2820326856053805	0.047117679401001214	0.8087816390673387	0.87665487	50804
"GO:0051967"	"negative regulation of synaptic transmission, glutamatergic"	-8.252588192113576	3.3481100684802376	0.005483894358534749	0.8111311513641304	0.75743764	50804
"GO:0051968"	"positive regulation of synaptic transmission, glutamatergic"	-6.818156412055227	3.691258358133111	0.012087704306447105	0.7694340995565059	0.81316166	50804
"GO:0099550"	"trans-synaptic signaling, modulating synaptic transmission"	-3.3458234581220396	3.323870606540509	0.005186070652348615	0.7940789020085339	0.75477288	50804
"GO:2000300"	"regulation of synaptic vesicle exocytosis"	-3.712198270069774	3.9148189804474733	0.02022739849122018	0.7307289818376952	0.95266238	50804
"GO:0050808"	"synapse organization"	-3.598599459218456	4.850094594386701	0.17428594058953636	0.9763051999850563	0.67764048	null
"GO:0007528"	"neuromuscular junction development"	-3.378823718224965	4.0655797147284485	0.02862307338213671	0.9786969488873588	0.78634316	50808
"GO:0097061"	"dendritic spine organization"	-3.6345120151091	3.5765716840652906	0.009281761950643867	0.9756339967162763	0.72971185	50808
"GO:0050852"	"T cell receptor signaling pathway"	-27.99567862621736	4.319501639056495	0.05136351322886137	0.6365621207299359	0.47252344	null
"GO:0002218"	"activation of innate immune response"	-17.847711655616944	4.445277191869633	0.0686175973641076	0.7049824343649821	0.94581674	50852
"GO:0002220"	"innate immune response activating cell surface receptor signaling pathway"	-27.199970640755865	3.869055618701908	0.018204166371509425	0.651354476986292	0.85466195	50852
"GO:0002223"	"stimulatory C-type lectin receptor signaling pathway"	-27.718966632752274	2.9822712330395684	0.0023604374729958816	0.6846582591064668	0.75888078	50852
"GO:0002253"	"activation of immune response"	-15.573488738635424	4.862679866500335	0.1794104774182928	0.6943035683507038	0.88734394	50852
"GO:0002429"	"immune response-activating cell surface receptor signaling pathway"	-21.480172006224283	4.602092562192713	0.0984590404533694	0.6223357621305441	0.95851761	50852
"GO:0002684"	"positive regulation of immune system process"	-13.374687549038326	5.129161200385081	0.33138425357330603	0.7383800091613776	0.92993494	50852
"GO:0002757"	"immune response-activating signaling pathway"	-17.97881070093006	4.746735366871247	0.13737303049306165	0.62304382794332	0.97266052	50852
"GO:0002758"	"innate immune response-activating signaling pathway"	-19.732828271596986	4.367877506637881	0.05741598011738783	0.6359962520133658	0.91336595	50852
"GO:0002764"	"immune response-regulating signaling pathway"	-17.643974142806876	4.766502076537479	0.14377008679370432	0.6854608801995354	0.86665898	50852
"GO:0002768"	"immune response-regulating cell surface receptor signaling pathway"	-20.23657200643706	4.634890207744932	0.10618276599065936	0.6811816085052572	0.90631105	50852
"GO:0010720"	"positive regulation of cell development"	-3.692503962086787	4.670913484999461	0.11536607382355575	0.750494233556502	0.87567634	50852
"GO:0014013"	"regulation of gliogenesis"	-4.145086977692144	3.710709565724337	0.01264150871877669	0.7801806630375586	0.73760142	50852
"GO:0038093"	"Fc receptor signaling pathway"	-21.148741651280925	3.2826221128780624	0.004715952240104389	0.7329156162861267	0.7801669	50852
"GO:0038095"	"Fc-epsilon receptor signaling pathway"	-20.146301788223827	2.9459607035775686	0.0021709132963319785	0.7433464880304606	0.74711409	50852
"GO:0045089"	"positive regulation of innate immune response"	-14.089909454405932	4.577261953585815	0.0929874528595531	0.7174454997111085	0.96830206	50852
"GO:0045596"	"negative regulation of cell differentiation"	-3.549750891680639	4.688837896131475	0.12022724588733767	0.789124247796252	0.8501798	50852
"GO:0045597"	"positive regulation of cell differentiation"	-3.9913998282380825	4.882604217705935	0.1878332271915899	0.7431138016436951	0.80936936	50852
"GO:0045765"	"regulation of angiogenesis"	-4.705533773838407	4.419790586106362	0.06470650753658887	0.765091748000984	0.74730747	50852
"GO:0045766"	"positive regulation of angiogenesis"	-3.7986028756795487	4.111564935454498	0.03182037085598619	0.7244457242537047	0.95166994	50852
"GO:0050767"	"regulation of neurogenesis"	-3.157390760389438	4.797641413381151	0.15445728127519348	0.7448667824658228	0.93349872	50852
"GO:0050769"	"positive regulation of neurogenesis"	-3.4225082001627745	4.47872517886946	0.0741113371344171	0.7030930663102526	0.89686556	50852
"GO:0050776"	"regulation of immune response"	-17.23657200643706	5.121280729337815	0.3254253180966397	0.7554355058651494	0.81148833	50852
"GO:0050778"	"positive regulation of immune response"	-15.735182176990463	4.982216942836122	0.23625788500568892	0.7084267222992817	0.922971	50852
"GO:0050851"	"antigen receptor-mediated signaling pathway"	-28.61261017366127	4.416873399776797	0.06427330941849994	0.6318209046046139	0.92690578	50852
"GO:0050853"	"B cell receptor signaling pathway"	-5.578396073130169	3.884512159190394	0.018863808960417557	0.6566595723465181	0.90962275	50852
"GO:0051962"	"positive regulation of nervous system development"	-3.3205721033878812	4.603955885435382	0.09888239315968357	0.7066034003351754	0.86544542	50852
"GO:0060284"	"regulation of cell development"	-3.6345120151091	4.983062194978853	0.23671815800615842	0.8065649122647551	0.89691887	50852
"GO:1901342"	"regulation of vasculature development"	-5.542118103266008	4.425159104599705	0.06551136994917453	0.7667937037751924	0.74547769	50852
"GO:1903670"	"regulation of sprouting angiogenesis"	-4.688246138944246	3.3298045221640695	0.00525744988771554	0.7961797238614597	0.85202991	50852
"GO:1903672"	"positive regulation of sprouting angiogenesis"	-3.869666231504994	2.9370161074648142	0.0021266089433456116	0.7615038406211311	0.80942632	50852
"GO:1903706"	"regulation of hemopoiesis"	-18.109578981199085	4.404149249209695	0.06241744929895991	0.7336320154664804	0.71129666	50852
"GO:1904018"	"positive regulation of vasculature development"	-4.146301788223826	4.116076171728611	0.03215265350338394	0.7246827685636172	0.95231251	50852
"GO:0050877"	"nervous system process"	-27.54060751224077	5.560037013445795	0.8937369446763176	0.8835365961643337	0.69701932	null
"GO:0001990"	"regulation of systemic arterial blood pressure by hormone"	-3.7471469690201067	3.864748335629659	0.01802448760662027	0.7546020595200827	0.94122022	50877
"GO:0001992"	"regulation of systemic arterial blood pressure by vasopressin"	-4.8996294548824375	3.4628470358316736	0.007142846242579821	0.7665775822903849	0.7774172	50877
"GO:0003012"	"muscle system process"	-12.322393047279506	4.706265334409592	0.12514995177471178	0.8979145141788987	0.77915106	50877
"GO:0003013"	"circulatory system process"	-23.037630664329978	4.796213427493061	0.15395024256879394	0.8965679120592073	0.79356754	50877
"GO:0003018"	"vascular process in circulatory system"	-24.500312917381596	4.530302174485271	0.08345709426159682	0.8899448178835728	0.75241097	50877
"GO:0003044"	"regulation of systemic arterial blood pressure mediated by a chemical signal"	-3.630784142589857	4.026328938722349	0.026149413673731227	0.7497096975142081	0.9158296	50877
"GO:0003073"	"regulation of systemic arterial blood pressure"	-3.4609239012072233	4.191283300818515	0.038232195274290955	0.7447785027106145	0.8681075	50877
"GO:0006936"	"muscle contraction"	-9.892790030352131	4.679173423631723	0.11758129147287409	0.8937566200608695	0.77491097	50877
"GO:0006939"	"smooth muscle contraction"	-7.096367483915762	3.887898488096872	0.01901149013703878	0.9044422303213614	0.87177604	50877
"GO:0007600"	"sensory perception"	-6.095825631715837	5.383102322645107	0.5946677939006788	0.8856120806444846	0.90252492	50877
"GO:0008217"	"regulation of blood pressure"	-12.790484985457368	4.401400540781544	0.062023632827969986	0.7390533341062723	0.89350898	50877
"GO:0014821"	"phasic smooth muscle contraction"	-3.364516253185088	3.473632926873841	0.007322525007468976	0.9082306523770389	0.88658553	50877
"GO:0014829"	"vascular associated smooth muscle contraction"	-3.6497519816658373	3.351989455435632	0.00553312141740849	0.7665484531869455	0.8067514	50877
"GO:0019226"	"transmission of nerve impulse"	-8.033389013318066	4.182414652434554	0.037459330449973224	0.8544438056549687	0.7046018	50877
"GO:0019229"	"regulation of vasoconstriction"	-15.688246138944246	4.095308861385381	0.03065122820773484	0.6661857500138689	0.94236892	50877
"GO:0035296"	"regulation of tube diameter"	-20.806875401645538	4.472639451880648	0.07308003025101222	0.8080750561219888	0.99511494	50877
"GO:0042310"	"vasoconstriction"	-8.130181792020672	3.9429995933660407	0.02158360396319175	0.7520814429965591	0.92127003	50877
"GO:0042311"	"vasodilation"	-5.892790030352131	3.6892200372638357	0.012031093188742303	0.7599536807744818	0.8025712	50877
"GO:0043114"	"regulation of vascular permeability"	-6.518557371497695	3.6327608884794387	0.010564126834304821	0.7631066213889613	0.79614678	50877
"GO:0045776"	"negative regulation of blood pressure"	-5.138465589140962	3.630834517828051	0.010517361128374769	0.7625434472577884	0.79592939	50877
"GO:0045777"	"positive regulation of blood pressure"	-4.372634143407267	3.6415732531781755	0.010780725893349281	0.7622264846363476	0.80686566	50877
"GO:0050890"	"cognition"	-9.886056647693163	4.162982370585433	0.03582006938947765	0.9043106329617836	0.70210976	50877
"GO:0090075"	"relaxation of muscle"	-3.869666231504994	3.3378584290410944	0.005355904005463022	0.9108229735818639	0.8051675	50877
"GO:0097746"	"blood vessel diameter maintenance"	-20.806875401645538	4.471262365845785	0.07284866307430564	0.7339052712918946	0.90355134	50877
"GO:0050878"	"regulation of body fluid levels"	-8.342944147142896	4.633306827560638	0.10579633357850049	0.8110156443022236	0.54683611	null
"GO:0050886"	"endocrine process"	-3.7471469690201067	3.8949249773595436	0.01932162060794335	0.9086436958858572	0.53296418	null
"GO:0050896"	"response to stimulus"	-39.81247927916354	6.83782868559364	16.94347616187058	1	-0	null
"GO:0050905"	"neuromuscular process"	-3.3767507096020997	4.138365863678996	0.03384606432864063	0.9046253455087867	0.69897806	null
"GO:0050951"	"sensory perception of temperature stimulus"	-3.2132485778544386	2.9020028913507296	0.0019616982961185793	0.9176914810552246	0.41870159	null
"GO:0050961"	"detection of temperature stimulus involved in sensory perception"	-4.452225294612178	2.824776462475546	0.0016417224134392628	0.844016165518851	0.63667409	null
"GO:0050955"	"thermoception"	-4.186419011431808	2.4983105537896004	0.0007728648243177339	0.9193839845252043	0.95129176	50961
"GO:0050965"	"detection of temperature stimulus involved in sensory perception of pain"	-3.6497519816658373	2.6884198220027105	0.0011986788835755937	0.8457831101439627	0.97282513	50961
"GO:0050966"	"detection of mechanical stimulus involved in sensory perception of pain"	-8.146301788223825	2.576341350205793	0.0009254687068263311	0.8483430929362936	0.56776505	null
"GO:0050974"	"detection of mechanical stimulus involved in sensory perception"	-6.886056647693163	3.482873583608754	0.0074800515958649465	0.8319189024661202	0.78272283	50966
"GO:0050982"	"detection of mechanical stimulus"	-5.029188389127482	4.023170121121397	0.025959889497067325	0.8995694447351804	0.87244686	50966
"GO:0071260"	"cellular response to mechanical stimulus"	-3.279014255846261	3.551327988003846	0.008757493773638526	0.8995819706616454	0.88026297	50966
"GO:0050995"	"negative regulation of lipid catabolic process"	-4.777283528852417	3.0707764628434346	0.0028945510617759715	0.8407835512721058	0.33406409	null
"GO:0051174"	"regulation of phosphorus metabolic process"	-11.84163750790475	5.431204493647577	0.664319159501135	0.8104910702618305	0.3990904	null
"GO:0051179"	"localization"	-34.410050398674294	6.901755360044326	19.630402257434774	1	-0	null
"GO:0051239"	"regulation of multicellular organismal process"	-50.53165266958784	5.543332844310566	0.8600139479948613	0.8268941938430467	0.2223941	null
"GO:0051246"	"regulation of protein metabolic process"	-5.958607314841775	6.002777101043048	2.477140061467859	0.795597552896389	0.48364739	null
"GO:0051247"	"positive regulation of protein metabolic process"	-11.322393047279506	5.446585315795559	0.68826812364321	0.7382405606542642	0.66487051	null
"GO:0031399"	"regulation of protein modification process"	-7.812479279163537	5.3634709522948985	0.5683854671679884	0.8074047492385469	0.7107113	51247
"GO:0051260"	"protein homooligomerization"	-13.659555885159882	4.721975401585953	0.12976006583823763	0.9747243289507583	0.53461756	null
"GO:0051262"	"protein tetramerization"	-3.4584207560534193	4.211894423300987	0.04009051674677468	0.976665572824375	0.83442507	51260
"GO:0051481"	"negative regulation of cytosolic calcium ion concentration"	-5.790484985457369	3.380211241711606	0.0059047857119052345	0.8406921811232965	0.44361987	null
"GO:0051580"	"regulation of neurotransmitter uptake"	-4.928117992693875	2.9777236052888476	0.002335823943559011	0.8012185991068431	0.58934818	null
"GO:0051590"	"positive regulation of neurotransmitter transport"	-4.22548303427145	2.9556877503135057	0.0022201403552057197	0.7547248021325248	0.7287329	51580
"GO:0051584"	"regulation of dopamine uptake involved in synaptic transmission"	-3.795880017344075	2.3344537511509307	0.0005291908828927159	0.8107906058172387	0.69067089	null
"GO:0051940"	"regulation of catecholamine uptake involved in synaptic transmission"	-3.795880017344075	2.3344537511509307	0.0005291908828927159	0.8107906058172388	0.87776942	51584
"GO:0051668"	"localization within membrane"	-3.4400933749638876	5.596704831273038	0.9724731639919225	0.9636232741683756	0.33130821	null
"GO:0051701"	"biological process involved in interaction with host"	-3.607303046740334	4.475540444554744	0.07356983948680594	0.9956537312151958	0.61567651	null
"GO:0044409"	"symbiont entry into host"	-3.416801226031377	4.066735795350929	0.02869937532339101	0.9958037612022713	0.91934197	51701
"GO:0051716"	"cellular response to stimulus"	-28.661543506395397	6.749069834706852	13.811589142499587	0.8695230787871794	0.57534943	null
"GO:0051726"	"regulation of cell cycle"	-5.444905551421681	5.5993895729336165	0.9785034787039558	0.8174536933657491	0.22592755	null
"GO:0051896"	"regulation of phosphatidylinositol 3-kinase/protein kinase B signal transduction"	-13.455931955649724	4.334212409393176	0.05313322599537236	0.7822275157802259	0.61306061	null
"GO:0051897"	"positive regulation of phosphatidylinositol 3-kinase/protein kinase B signal transduction"	-12.935542010773082	3.9812294874200007	0.023569915788747196	0.7428442120740429	0.59273539	null
"GO:0051953"	"negative regulation of amine transport"	-4.995678626217358	3.3854275148051305	0.005976164947272159	0.7703259879038944	0.62444868	null
"GO:0051954"	"positive regulation of amine transport"	-3.54515513999149	3.402433346219312	0.006214916182809803	0.7394194747292685	0.77832013	51953
"GO:0051970"	"negative regulation of transmission of nerve impulse"	-3.2132485778544386	1.9344984512435677	0.00020921500021339932	0.7798524234788715	0.48172783	null
"GO:0055078"	"sodium ion homeostasis"	-12.03526907894637	4.23809630768141	0.04258386727872966	0.9738803707276981	0.67702916	null
"GO:0055085"	"transmembrane transport"	-104.09528445472132	6.721216453410256	12.953593503918547	0.955121894870286	0.54364926	null
"GO:0006810"	"transport"	-43.06248210798265	6.876331770196184	18.51422792453157	0.9615811679481038	0.72016737	55085
"GO:0051234"	"establishment of localization"	-41.24336389175415	6.888323017729411	19.032544550119077	0.9623244453518375	0.78220361	55085
"GO:0055086"	"nucleobase-containing small molecule metabolic process"	-3.586700235918748	6.310497039098203	5.031190018367107	0.9679340374236466	0.52425547	null
"GO:0060004"	"reflex"	-4.404503778174426	3.2757719001649312	0.004642111651793778	0.921123957143935	0.47053311	null
"GO:0060071"	"Wnt signaling pathway, planar cell polarity pathway"	-25.316052869248487	3.228400358703005	0.004162147827774802	0.7936550782522385	0.28610433	null
"GO:0060078"	"regulation of postsynaptic membrane potential"	-42.180456064458134	4.801389988015998	0.15579625727655924	0.7921872207553268	0.56444985	null
"GO:0001508"	"action potential"	-23.66354026615147	4.398599635095352	0.06162489365109269	0.8040692931813955	0.79818311	60078
"GO:0003254"	"regulation of membrane depolarization"	-3.869666231504994	3.9969929818907057	0.02444123473081241	0.8033989239939824	0.74824375	60078
"GO:0019228"	"neuronal action potential"	-18.688246138944244	4.003072595967675	0.0247858241429286	0.7198067191061625	0.90180381	60078
"GO:0030322"	"stabilization of membrane potential"	-5.250263684430939	4.298809426529585	0.048973539520541245	0.8068033933696561	0.78516232	60078
"GO:0051899"	"membrane depolarization"	-32.88941028970075	4.124178055474675	0.032758146327530956	0.811406630703817	0.76336961	60078
"GO:0060306"	"regulation of membrane repolarization"	-4.752026733638194	3.8049567998574916	0.01570589313366707	0.8138039127236415	0.72650728	60078
"GO:0086001"	"cardiac muscle cell action potential"	-9.752026733638193	3.765668554759014	0.014347226308751817	0.8159525174317319	0.87268233	60078
"GO:0086002"	"cardiac muscle cell action potential involved in contraction"	-8.130181792020672	3.735918116531297	0.013397144072488617	0.740092266047045	0.89348333	60078
"GO:0086009"	"membrane repolarization"	-9.995678626217357	3.77952434332479	0.01481242201510867	0.8198700931379338	0.72372284	60078
"GO:0086010"	"membrane depolarization during action potential"	-23.47755576649368	4.099438915553507	0.0309441292080336	0.8072088266474737	0.76037974	60078
"GO:0086012"	"membrane depolarization during cardiac muscle cell action potential"	-8.97469413473523	2.8808135922807914	0.0018681668842584712	0.8327295524875182	0.84572387	60078
"GO:0086013"	"membrane repolarization during cardiac muscle cell action potential"	-6.692503962086787	3.461198288622493	0.0071157713601992635	0.8190420787970724	0.95818299	60078
"GO:0086015"	"SA node cell action potential"	-3.596879478824182	2.3096301674258988	0.0004996546475684713	0.7431591653916203	0.97792254	60078
"GO:0086016"	"AV node cell action potential"	-3.596879478824182	2.330413773349191	0.0005242681770053417	0.7426070125433296	0.98009419	60078
"GO:0086045"	"membrane depolarization during AV node cell action potential"	-4.8996294548824375	2.1172712956557644	0.0003199758826793166	0.7479808298353822	0.85695911	60078
"GO:0086046"	"membrane depolarization during SA node cell action potential"	-4.8996294548824375	2.0718820073061255	0.0002879782944113849	0.7491416626775701	0.76983764	60078
"GO:0098912"	"membrane depolarization during atrial cardiac muscle cell action potential"	-4.186419011431808	1.9912260756924949	0.00023875123553764393	0.6974503501077938	0.84719616	60078
"GO:0098915"	"membrane repolarization during ventricular cardiac muscle cell action potential"	-3.1630432629404495	3.4345689040341987	0.0066924186538850905	0.7477322565277368	0.99672813	60078
"GO:0099625"	"ventricular cardiac muscle cell membrane repolarization"	-3.1630432629404495	3.4345689040341987	0.0066924186538850905	0.8247763429155549	0.99672813	60078
"GO:0060080"	"inhibitory postsynaptic potential"	-4.081445469449727	3.2095150145426308	0.003984930415829335	0.6886393822903757	0.68868011	null
"GO:0060081"	"membrane hyperpolarization"	-3.3458234581220396	2.9656719712201065	0.0022718287670231477	0.8371085423069746	0.64463462	null
"GO:0060084"	"synaptic transmission involved in micturition"	-4.186419011431808	1.954242509439325	0.00021906041198814752	0.7996459966930515	0.58004495	null
"GO:0060134"	"prepulse inhibition"	-5.504455662453552	2.48572142648158	0.0007507126478245505	0.712539043720681	0.42583862	null
"GO:0001964"	"startle response"	-4.939302159646388	3.0429690733931802	0.002714872296886817	0.8505249199525884	0.71600394	60134
"GO:0060191"	"regulation of lipase activity"	-10.931814138253838	3.663229634532868	0.011332068952735181	0.8402327064707873	0.57478329	null
"GO:0060249"	"anatomical structure homeostasis"	-6.070581074285707	4.248488225577443	0.043615174162134535	0.8971667899205894	0.63414153	null
"GO:0001659"	"temperature homeostasis"	-3.2225731776106885	3.326335860928751	0.00521560688767286	0.9089314046506157	0.77427549	60249
"GO:0031649"	"heat generation"	-3.596879478824182	2.90687353472207	0.0019838504726117628	0.9134336630588498	0.73396251	60249
"GO:0060260"	"regulation of transcription initiation by RNA polymerase II"	-3.4609239012072233	4.038977622332692	0.026922278498048957	0.8443385183688107	0.61214626	null
"GO:0060359"	"response to ammonium ion"	-15.698970004336019	2.437750562820388	0.0006719493536265648	0.8947531652259139	0.19586263	null
"GO:0060371"	"regulation of atrial cardiac muscle cell membrane depolarization"	-3.2132485778544386	2.754348335711019	0.0013955871190705577	0.8313989302464504	0.62683189	null
"GO:0060372"	"regulation of atrial cardiac muscle cell membrane repolarization"	-4.081445469449727	2.2600713879850747	0.0004455048828073562	0.8444573808374592	0.5887311	null
"GO:0099623"	"regulation of cardiac muscle cell membrane repolarization"	-3.630784142589857	3.787176992470554	0.015075786780083185	0.8136762169528196	0.82925866	60372
"GO:0060402"	"calcium ion transport into cytosol"	-11.41793663708829	2.2278867046136734	0.00041350729453942445	0.8327440657647109	0.37789939	null
"GO:0061041"	"regulation of wound healing"	-3.2479515521805613	4.047158001128309	0.027434239910335865	0.8079385100446914	0.52382312	null
"GO:0061577"	"calcium ion transmembrane transport via high voltage-gated calcium channel"	-4.186419011431808	1.6127838567197355	9.845411774748203E-05	0.9697430117541924	0.41746676	null
"GO:0062012"	"regulation of small molecule metabolic process"	-17.33818731446274	4.847214712241026	0.17313402741189082	0.8349220104669052	0.32662517	null
"GO:0065003"	"protein-containing complex assembly"	-12.314258261397736	5.99838141208376	2.452194249383591	0.9690628544353791	0.66797357	null
"GO:0022607"	"cellular component assembly"	-7.649751981665837	6.24662486236018	4.343086805371125	0.9701805214176826	0.72869911	65003
"GO:0051259"	"protein complex oligomerization"	-13.2580609222708	4.980952778597704	0.23557116753440024	0.9742748905529734	0.70878983	65003
"GO:0065007"	"biological regulation"	-27.661543506395397	7.055508065118343	27.969320810822822	1	-0	null
"GO:0065008"	"regulation of biological quality"	-92.93181413825384	6.0900643235623235	3.028571729559731	0.8161914281566235	0	null
"GO:0065009"	"regulation of molecular function"	-15.954677021213342	5.770877038060686	1.4522794614225014	0.8274326371138924	0.23746975	null
"GO:0070050"	"neuron cellular homeostasis"	-3.72584215073632	3.625312450961674	0.010384448069415667	0.9776560985661908	0.56744993	null
"GO:0070102"	"interleukin-6-mediated signaling pathway"	-3.364516253185088	3.0236639181977933	0.0025967273555898385	0.7713882385552712	0.5894345	null
"GO:0070305"	"response to cGMP"	-5.688246138944246	2.444044795918076	0.0006817947654013131	0.88150379006289	0.67787645	null
"GO:0071321"	"cellular response to cGMP"	-4.435333935747911	2.361727836017593	0.0005636498241043346	0.8739297100715933	0.70136395	70305
"GO:0070371"	"ERK1 and ERK2 cascade"	-3.2225731776106885	3.229425847920695	0.004171993239549551	0.8011506895791078	0.57705539	null
"GO:0070372"	"regulation of ERK1 and ERK2 cascade"	-9.323306390375134	4.481858091100589	0.07464791207614087	0.7766386505309905	0.63008072	null
"GO:0070482"	"response to oxygen levels"	-8.143875555757699	4.571510850866108	0.09176416044654062	0.9035789816979269	0.66320533	null
"GO:0070498"	"interleukin-1-mediated signaling pathway"	-29.1890957193313	3.2518814545525276	0.0043935150044813855	0.7650650373048437	0.40848375	null
"GO:0070661"	"leukocyte proliferation"	-3.785156151952302	3.7893691535914815	0.015152088721337482	0.9936896000572844	0.01239796	null
"GO:0070920"	"regulation of regulatory ncRNA processing"	-3.415668775632469	3.5634810853944106	0.009006090420950918	0.8540364904307126	0.18944677	null
"GO:1903798"	"regulation of miRNA processing"	-3.415668775632469	3.2860071220794747	0.004752872534259695	0.8589883590887304	0.89188175	70920
"GO:1903800"	"positive regulation of miRNA processing"	-3.001304841688344	2.8356905714924254	0.0016835654134819424	0.8125801156509217	0.84630018	70920
"GO:0071229"	"cellular response to acid chemical"	-6.329754146925876	4.228220648868423	0.0416264009836354	0.8725159482641363	0.48201579	null
"GO:0071242"	"cellular response to ammonium ion"	-7.35261702988538	2.225309281725863	0.0004110459415957375	0.886699644347989	0.45556042	null
"GO:1903831"	"signal transduction involved in cellular response to ammonium ion"	-4.13608262304214	0.47712125471966244	4.922705887374102E-06	0.820671999081271	0.81497827	71242
"GO:0071396"	"cellular response to lipid"	-12.052076380168273	4.900798477444064	0.19586954455272812	0.8497397255501511	0.65601041	null
"GO:0032496"	"response to lipopolysaccharide"	-6.7447274948966935	4.367374559874197	0.05734952358790828	0.8501933853884369	0.86354824	71396
"GO:0032526"	"response to retinoic acid"	-5.882728704344236	3.8737854608182007	0.018403535959948078	0.8732754907086211	0.7973891	71396
"GO:0071300"	"cellular response to retinoic acid"	-3.8927900303521317	3.5972562829251418	0.009734650892282285	0.8672425409989639	0.76456886	71396
"GO:0071407"	"cellular response to organic cyclic compound"	-13.63264407897398	4.776526850213981	0.14712737220889346	0.8434073852222925	0.6399701	null
"GO:0007191"	"adenylate cyclase-activating dopamine receptor signaling pathway"	-3.3458234581220396	3.3820170425748683	0.005929399241342105	0.7336999702251509	0.88879627	71407
"GO:0007195"	"adenylate cyclase-inhibiting dopamine receptor signaling pathway"	-3.2132485778544386	3.3527611917238307	0.005542966829183238	0.7342274868515298	0.79661278	71407
"GO:0007210"	"serotonin receptor signaling pathway"	-9.995678626217357	3.370698092575577	0.0057767953588335075	0.7414834770328621	0.76684913	71407
"GO:0014072"	"response to isoquinoline alkaloid"	-3.047207556955908	3.0008677215312267	0.0024638142966307377	0.8749032370137144	0.93352015	71407
"GO:0014074"	"response to purine-containing compound"	-7.61261017366127	3.9555915504057246	0.022218633022663005	0.8623949945398974	0.83602249	71407
"GO:0030518"	"nuclear receptor-mediated steroid hormone signaling pathway"	-3.350665141287858	3.966751664051378	0.022797050964429463	0.7218553631569429	0.92288888	71407
"GO:0031000"	"response to caffeine"	-5.856985199745905	2.5728716022004803	0.00091808464799527	0.8802156095211007	0.86383346	71407
"GO:0031960"	"response to corticosteroid"	-9.7594507517174	3.8361341494653747	0.01687503578191842	0.860659652408108	0.82090048	71407
"GO:0032355"	"response to estradiol"	-5.790484985457369	3.8687619582120503	0.01819185960679099	0.8648521484458328	0.82497629	71407
"GO:0042220"	"response to cocaine"	-9.559090917934782	2.9552065375419416	0.0022176790022620328	0.8719704795968177	0.72425903	71407
"GO:0043278"	"response to morphine"	-3.047207556955908	2.998695158311656	0.0024515075319123023	0.8749352743524329	0.93329383	71407
"GO:0043401"	"steroid hormone receptor signaling pathway"	-4.958607314841775	4.333265860726174	0.053017542407019065	0.709616230171635	0.97528062	71407
"GO:0048148"	"behavioral response to cocaine"	-4.404503778174426	2.6434526764861874	0.0010805339422786152	0.8093795324673587	0.8701867	71407
"GO:0048545"	"response to steroid hormone"	-11.6903698325741	4.458078570949283	0.0706703657191426	0.8496954027970649	0.90624031	71407
"GO:0051384"	"response to glucocorticoid"	-7.2247537402597635	3.8107700112343634	0.015917569486824157	0.8602906037073325	0.83174918	71407
"GO:0051385"	"response to mineralocorticoid"	-6.665546248849069	2.7403626894942437	0.0013512827660841907	0.8775697893422875	0.87041758	71407
"GO:0060158"	"phospholipase C-activating dopamine receptor signaling pathway"	-3.795880017344075	3.707910665713106	0.012560284071635019	0.7240841881443738	0.92857043	71407
"GO:0071312"	"cellular response to alkaloid"	-4.752026733638194	3.2496874278053016	0.004371362827988202	0.8695365816886801	0.92878608	71407
"GO:0071383"	"cellular response to steroid hormone stimulus"	-6.860120913598763	4.427745699349721	0.06590272506722078	0.8380713039602874	0.90555164	71407
"GO:0071384"	"cellular response to corticosteroid stimulus"	-4.021819483062586	3.745777217889759	0.013704813190449496	0.8517210305779895	0.98472667	71407
"GO:0071392"	"cellular response to estradiol stimulus"	-4.323306390375134	3.5703093854358796	0.009148848891684767	0.8600748802496628	0.78913488	71407
"GO:0071868"	"cellular response to monoamine stimulus"	-3.54515513999149	4.22533513181854	0.04135072945394245	0.8534965749445969	0.99904365	71407
"GO:0071869"	"response to catecholamine"	-3.224025668870631	4.22665145045481	0.04147625845407049	0.8507308134783574	0.99924567	71407
"GO:0071870"	"cellular response to catecholamine stimulus"	-3.54515513999149	4.225283430094444	0.041345806748055075	0.8402423662822591	0.8874758	71407
"GO:1904044"	"response to aldosterone"	-3.2132485778544386	2.404833716619938	0.0006227222947528239	0.876970550698819	0.83789213	71407
"GO:0071420"	"cellular response to histamine"	-5.688246138944246	2.187520720836463	0.00037658700038411874	0.8800494008589986	0.65671133	null
"GO:0071466"	"cellular response to xenobiotic stimulus"	-9.469800301796917	4.792216535439859	0.15253988733206128	0.8604595549730285	0.64195185	null
"GO:0006805"	"xenobiotic metabolic process"	-3.1824346304402193	4.777216512043379	0.14736120073854372	0.8512754452550687	0.9834872	71466
"GO:0071495"	"cellular response to endogenous stimulus"	-24.79317412396815	5.451290473578162	0.6957654047096807	0.8823452957839004	0.36345271	null
"GO:0009725"	"response to hormone"	-16.96657624451305	5.403883727818924	0.6238151354598208	0.8480317535802929	0.94764641	71495
"GO:0009755"	"hormone-mediated signaling pathway"	-10.454692883534175	5.13002160770718	0.3320414348092705	0.692163276866279	0.89167001	71495
"GO:0032870"	"cellular response to hormone stimulus"	-14.94692155651658	5.304944834393971	0.4967256375654837	0.8357556278737027	0.92663079	71495
"GO:0070848"	"response to growth factor"	-5.557520230935552	4.9209108146244525	0.20515376785631567	0.8925092497053178	0.85318869	71495
"GO:0071363"	"cellular response to growth factor stimulus"	-4.649751981665837	4.917090447138433	0.2033569802074241	0.8911492744098738	0.85251653	71495
"GO:0071496"	"cellular response to external stimulus"	-3.1343039400839294	3.552911450216509	0.008789491361906458	0.9182318963598269	0.48849829	null
"GO:0071840"	"cellular component organization or biogenesis"	-5.527243550682788	6.763201727108629	14.26840886478907	0.9909996482970606	0.03454011	null
"GO:0071875"	"adrenergic receptor signaling pathway"	-15.099086932262331	4.32608996426356	0.05214868481789754	0.7650817271267273	0.62954642	null
"GO:0072347"	"response to anesthetic"	-8.22112552799726	1.9344984512435677	0.00020921500021339932	0.9141131075501613	0.24095963	null
"GO:0072521"	"purine-containing compound metabolic process"	-3.625251653989896	6.128667711565982	3.3101012792586566	0.9901073919619717	0.06057302	null
"GO:0072523"	"purine-containing compound catabolic process"	-9.790484985457368	5.450412323089719	0.6943599721788354	0.9703240948414402	0.37430567	null
"GO:0090066"	"regulation of anatomical structure size"	-9.139661993429007	5.195708742179063	0.38626011745280886	0.7936917065366729	0.61058821	null
"GO:0090175"	"regulation of establishment of planar polarity"	-23.694648630553377	2.550228353055094	0.0008713189420652158	0.868086769953893	0.37151543	null
"GO:0090218"	"positive regulation of lipid kinase activity"	-10.367542707815275	1.9084850188786497	0.00019690823549496406	0.7982327732679578	0.63107201	null
"GO:0090520"	"sphingolipid mediated signaling pathway"	-3.987162775294828	3.6886867242841235	0.012016325071080181	0.7926401791599483	0.30762169	null
"GO:0097164"	"ammonium ion metabolic process"	-3.2211255279972604	4.194264516025517	0.03849556003926547	0.9934886732014601	0.0297	null
"GO:0097366"	"response to bronchodilator"	-6.518557371497695	4.74170298395774	0.13579084205394779	0.8765686496970747	0.53241151	null
"GO:0097623"	"potassium ion export across plasma membrane"	-3.987162775294828	3.550839605065785	0.008747648361863777	0.9611109964167084	0.59171161	null
"GO:0097646"	"calcitonin family receptor signaling pathway"	-4.081445469449727	2.9916690073799486	0.0024121258848133096	0.8025656428185463	0.45454151	null
"GO:0097647"	"amylin receptor signaling pathway"	-4.435333935747911	2.0453229787866576	0.0002707488238055756	0.822629424137277	0.40604816	null
"GO:0098657"	"import into cell"	-8.185086818724926	5.7162362968393845	1.2805877868356113	0.9713792210705987	0.36055056	null
"GO:0098659"	"inorganic cation import across plasma membrane"	-15.254925208417943	4.932539715606996	0.2107213482149358	0.9559458443291884	0.65592633	null
"GO:0098739"	"import across plasma membrane"	-10.39469495385889	5.284613437501947	0.4740073498952522	0.9596985139501057	0.74726606	98659
"GO:0099587"	"inorganic ion import across plasma membrane"	-15.254925208417943	4.9329960244977835	0.2109428699798676	0.9566108434682705	0.86440331	98659
"GO:1990573"	"potassium ion import across plasma membrane"	-16.667561540084396	4.580514424693191	0.0936864770955602	0.9505122486976872	0.93615112	98659
"GO:0098660"	"inorganic ion transmembrane transport"	-91.4202164033832	6.190487735959	3.8164655749516183	0.9576667728268471	-0	null
"GO:0098662"	"inorganic cation transmembrane transport"	-78.94309514866353	6.125479313810896	3.285888950351606	0.9510380012846191	0.53254035	null
"GO:0035725"	"sodium ion transmembrane transport"	-23.33068311943389	5.326604139262278	0.5221267999443341	0.9496128020642336	0.7245691	98662
"GO:0036376"	"sodium ion export across plasma membrane"	-11.042392712939904	4.271934493817765	0.046034684105778906	0.9569451536436607	0.78229262	98662
"GO:0051209"	"release of sequestered calcium ion into cytosol"	-4.447331783887806	4.467563712055963	0.07223086348544018	0.7096839564403515	0.84926673	98662
"GO:0051283"	"negative regulation of sequestering of calcium ion"	-4.361510743045363	4.477208104931312	0.07385289507532995	0.7456939531320572	0.97111511	98662
"GO:0070509"	"calcium ion import"	-10.79860287567955	4.414103889258189	0.0638647248298479	0.963041268939939	0.84113293	98662
"GO:0070588"	"calcium ion transmembrane transport"	-27.23210238398191	5.221510737005474	0.40990387382986665	0.9486085267242959	0.70489604	98662
"GO:0071805"	"potassium ion transmembrane transport"	-55.48017200622428	5.353237054922488	0.5551483110368395	0.9489454897791569	0.72973032	98662
"GO:0097553"	"calcium ion transmembrane import into cytosol"	-10.080921907623926	4.717429161244508	0.12840878307215342	0.9531583757981836	0.88946734	98662
"GO:0098664"	"G protein-coupled serotonin receptor signaling pathway"	-9.752026733638193	4.327930804554236	0.05237020658282938	0.7650200217060718	0.62974831	null
"GO:0098732"	"macromolecule deacylation"	-4.557520230935552	4.399119686027934	0.0616987342394033	0.9813972656405568	0.26695433	null
"GO:0098810"	"neurotransmitter reuptake"	-3.6497519816658373	3.7456212213069384	0.013699890484562124	0.965405118344857	0.69335156	null
"GO:0001504"	"neurotransmitter uptake"	-3.6345120151091	3.7666358863102674	0.01437922389701975	0.9722661020904158	0.73691723	98810
"GO:0098700"	"neurotransmitter loading into synaptic vesicle"	-3.2132485778544386	3.655234507034294	0.011125315305465469	0.9691778667913116	0.72641321	98810
"GO:0098900"	"regulation of action potential"	-5.431798275933005	3.523226041965701	0.008208612067196313	0.8204047943875941	0.69680767	null
"GO:0098943"	"neurotransmitter receptor transport, postsynaptic endosome to lysosome"	-7.549750891680639	3.7193312869837265	0.012895028071976459	0.9676746070967086	0.42365379	null
"GO:0098953"	"receptor diffusion trapping"	-6.962573502059376	3.7649229846498886	0.014322612779314948	0.9697274959718134	0.66787432	null
"GO:0099637"	"neurotransmitter receptor transport"	-4.141462802430361	4.186334663252949	0.03779899715620204	0.9666909839462112	0.70662486	98953
"GO:0098970"	"postsynaptic neurotransmitter receptor diffusion trapping"	-6.962573502059376	3.7647737169110402	0.014317690073427572	0.8071839016682171	0.66393636	null
"GO:0099628"	"neurotransmitter receptor diffusion trapping"	-6.962573502059376	3.7647737169110402	0.014317690073427572	0.9690658602535008	0.99981794	98970
"GO:0098976"	"excitatory chemical synaptic transmission"	-5.688246138944246	2.322219294733919	0.0005144227652305936	0.8546755263921342	0.60828239	null
"GO:0099072"	"regulation of postsynaptic membrane neurotransmitter receptor levels"	-3.224025668870631	4.271748699384171	0.04601499328222941	0.8206720089041538	0.51243843	null
"GO:0099177"	"regulation of trans-synaptic signaling"	-22.723538195826755	5.00105405543172	0.24673094178107735	0.7925414028516883	0.69824703	null
"GO:0099505"	"regulation of presynaptic membrane potential"	-4.8996294548824375	2.9542425094393248	0.0022127562963746585	0.8373270687828427	0.64364622	null
"GO:0099622"	"cardiac muscle cell membrane repolarization"	-6.692503962086787	3.461198288622493	0.0071157713601992635	0.8244792138111685	0.69059142	null
"GO:0086011"	"membrane repolarization during action potential"	-6.692503962086787	3.755951041004132	0.014029711779016187	0.8143130920194794	0.95711443	99622
"GO:0099632"	"protein transport within plasma membrane"	-4.141462802430361	1.6434526764861874	0.00010682271775601799	0.9692936866145075	0.33836131	null
"GO:0106027"	"neuron projection organization"	-3.632644078973981	3.7011360660925265	0.012365837189083743	0.978202268699713	0.2300501	null
"GO:0106030"	"neuron projection fasciculation"	-3.1197582241045194	3.1473671077937864	0.003453278179992932	0.9041163523455052	0.47387223	null
"GO:0140115"	"export across plasma membrane"	-11.381951903287908	4.80455511972865	0.15693586368948637	0.9671001859680997	0.36594959	null
"GO:1900449"	"regulation of glutamate receptor signaling pathway"	-10.049635145623878	3.0707764628434346	0.0028945510617759715	0.8167759088034922	0.49793453	null
"GO:1900451"	"positive regulation of glutamate receptor signaling pathway"	-3.6497519816658373	2.0293837776852097	0.00026090341203082736	0.79674290183298	0.43100232	null
"GO:1901160"	"primary amino compound metabolic process"	-3.987162775294828	4.170906808930748	0.03647971197838578	0.9935150035513862	0.02959618	null
"GO:1901532"	"regulation of hematopoietic progenitor cell differentiation"	-27.96657624451305	3.2227164711475833	0.004107998063013687	0.849057870545882	0.52657454	null
"GO:1901615"	"organic hydroxy compound metabolic process"	-4.661543506395395	5.82401057106121	1.6412842926152864	0.9908686232762403	0.04341453	null
"GO:1901652"	"response to peptide"	-6.366531544420414	5.073641379946688	0.29161617406215434	0.8697960250949621	0.57100285	null
"GO:1901653"	"cellular response to peptide"	-7.154901959985743	2.2430380486862944	0.00042827541220154676	0.8968829930551637	0.51983025	null
"GO:1901654"	"response to ketone"	-5.806875401645538	4.0050088206723675	0.02489658502539452	0.8783653351095523	0.69212269	null
"GO:1901655"	"cellular response to ketone"	-3.785156151952302	3.7424894645817752	0.013601436366814641	0.870529187675027	0.66241331	null
"GO:1901698"	"response to nitrogen compound"	-24.950781977329818	5.194450511165822	0.3851426632163749	0.8671384386612223	0.58647438	null
"GO:1901699"	"cellular response to nitrogen compound"	-16.69680394257951	4.935814488495356	0.212316304922445	0.8418935711558283	0.66067631	null
"GO:0032869"	"cellular response to insulin stimulus"	-3.416801226031377	4.378615902031224	0.05885341023650107	0.8369042125517283	0.93070099	1901699
"GO:0043279"	"response to alkaloid"	-14.083546051450075	3.422917980767662	0.006515201241939623	0.8816732648059146	0.70128253	1901699
"GO:0043434"	"response to peptide hormone"	-3.4190750243243806	4.731693498907015	0.13269645990005627	0.8401122947684928	0.86667077	1901699
"GO:0071375"	"cellular response to peptide hormone stimulus"	-4.694648630553377	4.664529157142216	0.11368250841007381	0.8299398343669679	0.85630809	1901699
"GO:0071867"	"response to monoamine"	-3.224025668870631	4.227140825423186	0.041523024160000546	0.8682874851504555	0.79444682	1901699
"GO:1901700"	"response to oxygen-containing compound"	-29.372634143407268	5.564509832144328	0.9029891703916372	0.8582597438414188	0.37551818	null
"GO:0009636"	"response to toxic substance"	-15.790484985457368	5.620163132442645	1.0264457113410923	0.8568183593570106	0.7161887	1901700
"GO:0070887"	"cellular response to chemical stimulus"	-23.27327279097343	5.946342695005116	2.1752846591599666	0.8391825995120035	0.70543593	1901700
"GO:1901701"	"cellular response to oxygen-containing compound"	-17.838631997765024	5.358646658683822	0.5621065558086429	0.8373794619860042	0.6088978	null
"GO:0000302"	"response to reactive oxygen species"	-3.173277479831008	5.018317618326985	0.2567363414971652	0.85346165792649	0.83701118	1901701
"GO:0097237"	"cellular response to toxic substance"	-4.008330992620052	5.550580539260246	0.8744867033037411	0.8423739589562935	0.75494825	1901701
"GO:0097305"	"response to alcohol"	-9.136082623042139	4.451279718904047	0.06957260230625817	0.8703697230292994	0.74924324	1901701
"GO:1901843"	"positive regulation of high voltage-gated calcium channel activity"	-3.596879478824182	1.0791812460476249	2.707488238055756E-05	0.7705995218552742	0.56555953	null
"GO:1902036"	"regulation of hematopoietic stem cell differentiation"	-31.43533393574791	2.8796692056320534	0.0018632441783710974	0.8552387155628128	0.12756958	null
"GO:1902476"	"chloride transmembrane transport"	-13.7594507517174	5.072771766971064	0.29103283341450054	0.9526465868673274	0.67881102	null
"GO:0006821"	"chloride transport"	-13.104025267640935	5.0822322798435655	0.2974421964798616	0.9610225852790799	0.89934083	1902476
"GO:0098656"	"monoatomic anion transmembrane transport"	-4.55129368009492	5.277178143644761	0.4659611871223392	0.9537544205468693	0.93718004	1902476
"GO:0098661"	"inorganic anion transmembrane transport"	-12.051098239029786	5.39502569079866	0.6112203924469742	0.9566265147330528	0.85603042	1902476
"GO:1902514"	"regulation of calcium ion transmembrane transport via high voltage-gated calcium channel"	-4.185086818724926	3.1473671077937864	0.003453278179992932	0.7814525703990632	0.69141772	null
"GO:1901841"	"regulation of high voltage-gated calcium channel activity"	-3.001304841688344	3.238297067875394	0.004258140592578598	0.7577478365160123	0.74069697	1902514
"GO:1902803"	"regulation of synaptic vesicle transport"	-3.3798639450262424	3.0211892990699383	0.002581959237927716	0.7986256083150609	0.59290236	null
"GO:1903034"	"regulation of response to wounding"	-3.289036881004724	4.111766433052562	0.031835138973648314	0.8062158821687168	0.66018684	null
"GO:1903115"	"regulation of actin filament-based movement"	-4.528708288941061	3.27207378750001	0.004602730004694785	0.8708475743379058	0.13612569	null
"GO:1903140"	"regulation of establishment of endothelial barrier"	-3.364516253185088	3.1228709228644354	0.0032637540033290287	0.7951366907146241	0.56037085	null
"GO:1901550"	"regulation of endothelial cell development"	-3.364516253185088	3.1228709228644354	0.0032637540033290287	0.7951366907146241	0.94007877	1903140
"GO:1903276"	"regulation of sodium ion export across plasma membrane"	-3.596879478824182	2.2041199826559246	0.000391355118046241	0.8053659209085949	0.63611212	null
"GO:1903278"	"positive regulation of sodium ion export across plasma membrane"	-3.596879478824182	2.1986570869544226	0.00038643241215886696	0.7620728463631989	0.53206887	null
"GO:1903311"	"regulation of mRNA metabolic process"	-8.829738284605043	5.237649283003336	0.42542270413981353	0.8218405877878626	0.44205184	null
"GO:1903416"	"response to glycoside"	-3.2132485778544386	1.845098040014257	0.0001698333531144065	0.9062880911673447	0.23896526	null
"GO:1903426"	"regulation of reactive oxygen species biosynthetic process"	-3.5575202309355514	3.3191060593097763	0.005129459534643814	0.860251291760696	0.18047679	null
"GO:2000379"	"positive regulation of reactive oxygen species metabolic process"	-3.5044556624535517	3.3242824552976926	0.00519099335823599	0.8044282212119604	0.86657335	1903426
"GO:1903522"	"regulation of blood circulation"	-49.7281583934635	4.515357149738369	0.08063392243518777	0.7640831736834187	0.69230565	null
"GO:0001996"	"positive regulation of heart rate by epinephrine-norepinephrine"	-6.978810700930062	3.29928933408768	0.004900553710880918	0.651949948616698	0.86986356	1903522
"GO:0002025"	"norepinephrine-epinephrine-mediated vasodilation involved in regulation of systemic arterial blood pressure"	-4.186419011431808	3.250907699700856	0.004383669592706637	0.7697594179004608	0.9439183	1903522
"GO:0002027"	"regulation of heart rate"	-11.667561540084394	4.072213122603382	0.02906365555905669	0.7375511228370725	0.90841007	1903522
"GO:0003084"	"positive regulation of systemic arterial blood pressure"	-3.3458234581220396	2.8603380065709936	0.0017820195312294247	0.7825304951271262	0.87581263	1903522
"GO:0003085"	"negative regulation of systemic arterial blood pressure"	-3.001304841688344	3.584218112117405	0.0094466725978709	0.7631231107487049	0.94899921	1903522
"GO:0006937"	"regulation of muscle contraction"	-13.191789027075778	4.259163671340216	0.044700630810300526	0.7707176140659449	0.87471015	1903522
"GO:0006940"	"regulation of smooth muscle contraction"	-8.818156412055227	3.7429606702141522	0.013616204484476762	0.7855801449794788	0.91368561	1903522
"GO:0006942"	"regulation of striated muscle contraction"	-7.012780770091995	3.919601023784111	0.020451381609095706	0.780672804987512	0.93661764	1903522
"GO:0008016"	"regulation of heart contraction"	-37.87614835903292	4.34022592125719	0.05387409323142216	0.767094606531452	0.88585576	1903522
"GO:0010460"	"positive regulation of heart rate"	-5.560667306169737	3.5690225860295635	0.00912177400930421	0.7070030463785686	0.94986616	1903522
"GO:0031644"	"regulation of nervous system process"	-5.531652669587842	4.030073230712518	0.026375858144550433	0.7791861452536468	0.84467508	1903522
"GO:0045822"	"negative regulation of heart contraction"	-3.869666231504994	3.0394141191761372	0.0026927201203936334	0.7820010353885752	0.73544185	1903522
"GO:0045823"	"positive regulation of heart contraction"	-5.866461091629782	3.642958879409791	0.0108151848345609	0.7378813557320868	0.99043312	1903522
"GO:0045907"	"positive regulation of vasoconstriction"	-10.614393726401687	3.7797407511767407	0.01481980607393973	0.6341510698221464	0.81412657	1903522
"GO:0045932"	"negative regulation of muscle contraction"	-3.0096611452123985	3.1119342763326814	0.003182529356187356	0.782074105775854	0.74687515	1903522
"GO:0045933"	"positive regulation of muscle contraction"	-3.1505805862031004	3.339650157613684	0.005378056181956205	0.7498573373132675	0.76635072	1903522
"GO:0045986"	"negative regulation of smooth muscle contraction"	-3.001304841688344	3.024074987307426	0.0025991887085335254	0.7842894753934538	0.73397134	1903522
"GO:0051930"	"regulation of sensory perception of pain"	-3.6345120151091	2.7528164311882715	0.0013906644131831836	0.8104267652701883	0.73887651	1903522
"GO:0051931"	"regulation of sensory perception"	-4.423658649794207	2.781755374652469	0.0014866571779869786	0.8098078263381498	0.71148994	1903522
"GO:0055117"	"regulation of cardiac muscle contraction"	-7.30189945437661	3.828788748184953	0.016591980193394407	0.7795181592907577	0.92468632	1903522
"GO:0061337"	"cardiac conduction"	-27.001740661576303	3.9291633832050645	0.020906731903677808	0.7782906974679293	0.88970619	1903522
"GO:0086004"	"regulation of cardiac muscle cell contraction"	-4.995678626217358	3.1405080430381798	0.003399128415231817	0.7918035072649142	0.7452816	1903522
"GO:0086064"	"cell communication by electrical coupling involved in cardiac conduction"	-4.815308569182402	3.116939646550756	0.0032194496503426618	0.7734943627946097	0.88525493	1903522
"GO:0086065"	"cell communication involved in cardiac conduction"	-6.071604147743286	3.445136968713304	0.006857329301112124	0.7653990590921484	0.92166802	1903522
"GO:0086091"	"regulation of heart rate by cardiac conduction"	-9.1944991418416	3.7895102040902544	0.015157011427224858	0.7454792658502113	0.81527731	1903522
"GO:0090257"	"regulation of muscle system process"	-12.133712660915805	4.310778251612534	0.05034205175723125	0.7706975830265366	0.88177418	1903522
"GO:0098801"	"regulation of renal system process"	-3.8210230527068307	3.1000257301078626	0.00309638200315831	0.803280811388736	0.74131013	1903522
"GO:1903523"	"negative regulation of blood circulation"	-3.047207556955908	3.0546130545568877	0.0027887128851974284	0.7827367022069885	0.7369047	1903522
"GO:1903524"	"positive regulation of blood circulation"	-12.314258261397736	3.643847310299714	0.010837337011054084	0.7396095569462153	0.79844972	1903522
"GO:1903779"	"regulation of cardiac conduction"	-5.97469413473523	3.042181594515766	0.0027099495909994427	0.8011217315734722	0.73570778	1903522
"GO:1903727"	"positive regulation of phospholipid metabolic process"	-10.7281583934635	3.1835545336188615	0.0037535632391227525	0.7913641518102973	0.69530244	null
"GO:0045834"	"positive regulation of lipid metabolic process"	-9.638272163982407	4.117337595095921	0.03224618491524405	0.7869900211310147	0.75162569	1903727
"GO:0050994"	"regulation of lipid catabolic process"	-4.2262135550188065	3.757547853469244	0.014081400190833615	0.8500561074644271	0.81040172	1903727
"GO:1903725"	"regulation of phospholipid metabolic process"	-6.274088367704952	3.5171958979499744	0.00809538983178671	0.8346663979395816	0.78471006	1903727
"GO:1904645"	"response to amyloid-beta"	-7.97061622231479	3.1231980750319988	0.0032662153562727165	0.8813497663290649	0.67190642	null
"GO:1904646"	"cellular response to amyloid-beta"	-6.112382699664264	3.042181594515766	0.0027099495909994427	0.872144628007298	0.66438153	null
"GO:1904862"	"inhibitory synapse assembly"	-4.185086818724926	3.0549958615291417	0.0027911742381411153	0.9034311373138516	0.45113966	null
"GO:1904892"	"regulation of receptor signaling pathway via STAT"	-6.779891911959945	3.951094556841663	0.02198972719890011	0.7949419079094621	0.57290247	null
"GO:1905330"	"regulation of morphogenesis of an epithelium"	-21.642065152999546	3.594171479114912	0.009665733009859047	0.8500546054192961	0.44548198	null
"GO:1905664"	"regulation of calcium ion import across plasma membrane"	-3.596879478824182	2.494154594018443	0.0007654807654866728	0.7971500357371265	0.64669882	null
"GO:1990384"	"hyaloid vascular plexus regression"	-4.8996294548824375	2.27415784926368	0.0004602730004694785	0.9271566274004038	0.39938121	null
"GO:2000027"	"regulation of animal organ morphogenesis"	-18.58838029403677	3.6163704722912695	0.010172771716258579	0.84961712663178	0.50485836	null
"GO:2000243"	"positive regulation of reproductive process"	-3.2069083998234196	4.380102654517165	0.059055241177883404	0.7934235491698292	0.47780683	null
"GO:2000273"	"positive regulation of signaling receptor activity"	-9.016373712875465	3.0569048513364727	0.0028034810028595507	0.7855941796983197	0.57405871	null
"GO:0099601"	"regulation of neurotransmitter receptor activity"	-8.67366413907125	4.139532771597939	0.03393713438755705	0.7564937719924373	0.81577611	2000273
"GO:2000311"	"regulation of AMPA receptor activity"	-4.777283528852417	3.9461573949223725	0.021741130551587717	0.6878369749893645	0.91752842	2000273
"GO:2000310"	"regulation of NMDA receptor activity"	-5.029188389127482	2.3979400086720375	0.0006128768829780756	0.7396569873738421	0.67013818	null
"GO:2000377"	"regulation of reactive oxygen species metabolic process"	-4.429457060118103	3.8928734068887656	0.019230550549026927	0.8508810119285214	0.19468768	null
"GO:2000736"	"regulation of stem cell differentiation"	-24.80966830182971	3.5524248457040857	0.008779645950131709	0.8425957651759713	0.56856179	null
"GO:2000969"	"positive regulation of AMPA receptor activity"	-3.795880017344075	2.7505083948513462	0.0013832803543521225	0.6968817203015261	0.69531178	null
"GO:0035624"	"receptor transactivation"	-3.2132485778544386	0.6989700043360189	9.845411774748203E-06	0.8335719415489077	0.76727289	2000969
"GO:2001023"	"regulation of response to drug"	-7.8297382846050425	2.060697840353612	0.00028059423558032375	0.853837265331222	0.11273557	null
"GO:2001025"	"positive regulation of response to drug"	-3.415668775632469	1.0791812460476249	2.707488238055756E-05	0.8312389430952385	0.29567628	null
