TermID	Name	Value	LogSize	Frequency	Uniqueness	Dispensability	Representative
"GO:0000165"	"MAPK cascade"	-13.09312646527793	4.759176625403369	0.14136534496772205	0.7885213445223784	0.63830098	null
"GO:0019722"	"calcium-mediated signaling"	-11.67366413907125	4.791922117501735	0.1524365105084264	0.7874683177536073	0.73619769	165
"GO:0001101"	"response to acid chemical"	-34.94692155651658	4.828292459459625	0.16575242993377337	0.883676405618365	0.54196644	null
"GO:0001503"	"ossification"	-3.661543506395395	4.373187949912719	0.058122388412226014	0.9343158189939197	0.53751306	null
"GO:0001504"	"neurotransmitter uptake"	-7.72584215073632	3.7666358863102674	0.01437922389701975	0.9687577307009616	0.60597116	null
"GO:0051610"	"serotonin uptake"	-3.1791420105603	3.579326203755255	0.009340834421292356	0.9582434109031316	0.97346056	1504
"GO:0098700"	"neurotransmitter loading into synaptic vesicle"	-3.5228787452803374	3.655234507034294	0.011125315305465469	0.9666135802808311	0.72837166	1504
"GO:0098810"	"neurotransmitter reuptake"	-5.164309428507575	3.7456212213069384	0.013699890484562124	0.9630197787630962	0.73691723	1504
"GO:0001525"	"angiogenesis"	-5.359518563029578	4.630966594800627	0.1052277610485088	0.913829023078576	0.61045771	null
"GO:0003007"	"heart morphogenesis"	-3.332547047110046	4.4248979631844	0.06547198830207555	0.9156280570157936	0.80700145	1525
"GO:0007507"	"heart development"	-3.322393047279507	4.8837522584889	0.18833042048621468	0.9099034489480561	0.87193358	1525
"GO:0048565"	"digestive tract development"	-3.0177287669604316	3.9463048549934747	0.021748514610418778	0.9224953960721308	0.8079239	1525
"GO:0001666"	"response to hypoxia"	-24.621602099051863	4.481442628502305	0.07457653284077395	0.9049554407755402	0.28500886	null
"GO:0036293"	"response to decreased oxygen levels"	-24.876148359032914	4.486331281184666	0.0754207769004586	0.9115289333509292	0.97106719	1666
"GO:0036294"	"cellular response to decreased oxygen levels"	-7.3585258894959	4.018367578387845	0.025674372555599623	0.8707480599024137	0.9864831	1666
"GO:0036296"	"response to increased oxygen levels"	-5.767003889607846	2.9951962915971793	0.002431816708362806	0.9276457876000646	0.78397021	1666
"GO:0055093"	"response to hyperoxia"	-6.158640529545145	2.8444771757456815	0.0017180243546935615	0.9236580931941881	0.76898075	1666
"GO:0071453"	"cellular response to oxygen levels"	-7.82102305270683	4.062243441026478	0.028404012970148565	0.8701637945827002	0.90935915	1666
"GO:0071456"	"cellular response to hypoxia"	-7.4089353929735005	4.010978012174742	0.025241174437510703	0.8657257056043148	0.92788706	1666
"GO:0001676"	"long-chain fatty acid metabolic process"	-12.943095148663527	4.90723395179748	0.19879363184982835	0.9087466940681151	0.60660984	null
"GO:0001775"	"cell activation"	-21.767003889607846	4.785315595613992	0.150135145506079	0.9245245323634301	0.58391363	null
"GO:0001816"	"cytokine production"	-10.742321425130816	2.8639173769578603	0.001796787648891547	0.9175308781825423	0.41631708	null
"GO:0001819"	"positive regulation of cytokine production"	-12.45717457304082	4.54119220000948	0.08557631914611137	0.717636047363503	0.69534245	null
"GO:0001818"	"negative regulation of cytokine production"	-5.790484985457369	4.121264305229581	0.032539085915542804	0.7603936983594254	0.86465655	1819
"GO:0010574"	"regulation of vascular endothelial growth factor production"	-4.018181392829336	3.4089180208467798	0.0063084475946699105	0.7980671258576203	0.77989096	1819
"GO:0010575"	"positive regulation of vascular endothelial growth factor production"	-4.600326278518962	3.389343311252078	0.006030314712033274	0.7554475182390122	0.77779522	1819
"GO:0032642"	"regulation of chemokine production"	-6.58838029403677	3.6049816296074315	0.009909406951284066	0.793209764217378	0.80152061	1819
"GO:0032647"	"regulation of interferon-alpha production"	-3.598599459218456	3.271841606536499	0.004600268651751098	0.8011049913469337	0.84534262	1819
"GO:0032649"	"regulation of type II interferon production"	-3.6655462488490693	3.8009231818132183	0.015560673309989535	0.7881146928150047	0.82436693	1819
"GO:0032651"	"regulation of interleukin-1 beta production"	-3.962573502059376	3.536179532137225	0.008457208714508706	0.7944077388576206	0.93796809	1819
"GO:0032652"	"regulation of interleukin-1 production"	-4.739928612014925	3.8169038393756605	0.016144013957643363	0.7876879727829657	0.82628773	1819
"GO:0032653"	"regulation of interleukin-10 production"	-3.1592667653881934	3.3068537486930087	0.004986701063909965	0.8005060859762941	0.76908555	1819
"GO:0032655"	"regulation of interleukin-12 production"	-4.728158393463501	3.4530123911214554	0.006982858301240163	0.7969948097868622	0.78465333	1819
"GO:0032660"	"regulation of interleukin-17 production"	-3.1325325121409486	3.1209028176145273	0.0032489858856669064	0.804801056227997	0.75014667	1819
"GO:0032663"	"regulation of interleukin-2 production"	-3.9030899869919438	3.540079088804173	0.008533510655763004	0.7948434955122455	0.79422929	1819
"GO:0032675"	"regulation of interleukin-6 production"	-3.1343039400839294	3.9002032130168933	0.019557910490537306	0.7854353506073656	0.83644645	1819
"GO:0032677"	"regulation of interleukin-8 production"	-4.462180904926726	3.5833121519830775	0.009426981774321403	0.7937581325820736	0.79907139	1819
"GO:0032680"	"regulation of tumor necrosis factor production"	-5.042871802323187	3.8185557792978027	0.016205547781235542	0.7870894053771978	0.8264868	1819
"GO:0032722"	"positive regulation of chemokine production"	-6.1598939055432425	3.51067903103221	0.007974783537546043	0.7518903524062885	0.79096979	1819
"GO:0032725"	"positive regulation of granulocyte macrophage colony-stimulating factor production"	-3.092588639225414	2.6190933306267428	0.001021461471630126	0.7686528582611456	0.70336729	1819
"GO:0032727"	"positive regulation of interferon-alpha production"	-3.3089185078770313	3.241048150671644	0.004285215474959155	0.7594402939719549	0.76227553	1819
"GO:0032729"	"positive regulation of type II interferon production"	-3.449771646944906	3.665393350279712	0.011388680070439982	0.7472010739130218	0.80842851	1819
"GO:0032731"	"positive regulation of interleukin-1 beta production"	-3.9469215565165805	3.243534101832062	0.0043098290043960255	0.7591393490242598	0.90518713	1819
"GO:0032732"	"positive regulation of interleukin-1 production"	-3.9829666607012197	3.5974757898703773	0.00973957359816966	0.7488234869986856	0.80067056	1819
"GO:0032735"	"positive regulation of interleukin-12 production"	-3.6345120151091	3.3378584290410944	0.005355904005463022	0.7569261618992276	0.7723363	1819
"GO:0032743"	"positive regulation of interleukin-2 production"	-4.7121982700697735	3.2979792441593623	0.004885785593218795	0.7580592325663191	0.7681601	1819
"GO:0032757"	"positive regulation of interleukin-8 production"	-4.156144577376839	3.493597449000527	0.007667114419585163	0.7523973960906699	0.78908823	1819
"GO:0032760"	"positive regulation of tumor necrosis factor production"	-4.675717544702307	3.5792117802314993	0.00933837306834867	0.7493661531562337	0.96687378	1819
"GO:1903555"	"regulation of tumor necrosis factor superfamily cytokine production"	-5.8326826652518236	3.827756862978617	0.016552598546295417	0.787397183665455	0.82759732	1819
"GO:1903557"	"positive regulation of tumor necrosis factor superfamily cytokine production"	-5.041436116778033	3.590618948206578	0.009586969715661062	0.7490204166668407	0.96828659	1819
"GO:0001975"	"response to amphetamine"	-11.177831920631982	2.884795363948981	0.0018853963548642809	0.9003093043564967	0.51194205	null
"GO:0002237"	"response to molecule of bacterial origin"	-24.590066876668704	4.403360775765525	0.062304227063550315	0.9090406543079561	0.28014093	null
"GO:0006935"	"chemotaxis"	-12.570247719997592	5.29857800889311	0.48949664396987486	0.8613361274222014	0.81812321	2237
"GO:0009615"	"response to virus"	-3.607303046740334	4.845203498726108	0.17233408770519254	0.9042100292463526	0.83234533	2237
"GO:0009617"	"response to bacterium"	-4.772113295386326	4.930271349530451	0.20962358480205134	0.902886131393832	0.84739736	2237
"GO:0042330"	"taxis"	-12.440093374963887	5.30041720832783	0.49157402585434673	0.900882801476766	0.99170397	2237
"GO:0042742"	"defense response to bacterium"	-3.586700235918748	4.729812507160935	0.1321229646641772	0.8940857068402506	0.87860732	2237
"GO:0043207"	"response to external biotic stimulus"	-18.567030709125593	5.58325206532196	0.9428113996675499	0.8949545320922826	0.76203931	2237
"GO:0045087"	"innate immune response"	-3.6363880201078556	4.996402209146188	0.24410221683721955	0.8648342960742305	0.85948008	2237
"GO:0050829"	"defense response to Gram-negative bacterium"	-3.0145735259169983	4.008344629252689	0.025088570555002108	0.9047701041098308	0.78546647	2237
"GO:0051707"	"response to other organism"	-6.204119982655925	5.58315795063656	0.9426071073732241	0.8913411092573162	0.98396224	2237
"GO:0060326"	"cell chemotaxis"	-10.96657624451305	4.670282970674412	0.11519870182338504	0.853562889235142	0.87527143	2237
"GO:0002250"	"adaptive immune response"	-3.339134521996131	4.660144216078887	0.11254044064420302	0.8968867754037502	0.68642996	null
"GO:0002252"	"immune effector process"	-12.730487055782083	4.663531319592994	0.11342160499804296	0.9668163034372762	0.6868246	null
"GO:0006955"	"immune response"	-10.350665141287859	5.410414467099877	0.6332667307635791	0.8839102387260533	0.78669321	2252
"GO:0002376"	"immune system process"	-21.405607449624572	5.567019304402755	0.9082220067499159	1	-0	null
"GO:0002431"	"Fc receptor mediated stimulatory signaling pathway"	-3.202040356262804	2.8796692056320534	0.0018632441783710974	0.7243022913171105	0.44506495	null
"GO:0002437"	"inflammatory response to antigenic stimulus"	-3.6516951369518393	3.334252642334231	0.005311599652476655	0.9043756081711856	0.6867114	null
"GO:0002444"	"myeloid leukocyte mediated immunity"	-3.709965388637482	3.355643050220869	0.005579887123338544	0.9701946686866013	0.67748522	null
"GO:0002521"	"leukocyte differentiation"	-7.882728704344236	4.472068637583486	0.07298403748620842	0.9654108317994949	0.58947325	null
"GO:0002244"	"hematopoietic progenitor cell differentiation"	-3.1203307943679466	3.8985057855343586	0.019481608549283005	0.968201571884133	0.83311542	2521
"GO:0002320"	"lymphoid progenitor cell differentiation"	-3.092588639225414	2.6242820958356683	0.0010337682363485612	0.9730345364671275	0.70231703	2521
"GO:0002573"	"myeloid leukocyte differentiation"	-5.46344155742847	4.008855563996213	0.025118106790326354	0.9670946058886983	0.84676352	2521
"GO:0030098"	"lymphocyte differentiation"	-3.96657624451305	4.277196495795956	0.046595872576939555	0.8809604391423156	0.90439526	2521
"GO:0030099"	"myeloid cell differentiation"	-4.653647025549361	4.343566132386124	0.05429006187890528	0.9660777803525283	0.89103684	2521
"GO:0030224"	"monocyte differentiation"	-3.5128616245228135	3.0034605321095067	0.00247858241429286	0.9709734608462873	0.79903783	2521
"GO:0030225"	"macrophage differentiation"	-4.021819483062586	3.2062860444124324	0.00395539418050509	0.9702250412496382	0.75660212	2521
"GO:0030316"	"osteoclast differentiation"	-3.473660722610156	3.77757180469141	0.01474596548562912	0.9679370982203149	0.87830916	2521
"GO:1903131"	"mononuclear cell differentiation"	-3.5128616245228135	4.351834943477441	0.055333675527028586	0.9655374460372268	0.95147764	2521
"GO:0002526"	"acute inflammatory response"	-5.823908740944319	3.7735670489260587	0.014610591073726333	0.9217457719089911	0.58180721	null
"GO:0006953"	"acute-phase response"	-3.9507819773298185	3.6910814921229687	0.012082781600559731	0.9226066936052493	0.71832634	2526
"GO:0002544"	"chronic inflammatory response"	-3.3010299956639813	2.6848453616444123	0.0011888334718008454	0.9317562923301712	0.63574984	null
"GO:0002576"	"platelet degranulation"	-8.935542010773082	2.916453948549925	0.0020281548255981297	0.967200903025589	0.64291588	null
"GO:0002682"	"regulation of immune system process"	-19.92445303860747	5.28814410553558	0.47787659672272825	0.8622097091957914	0.20761263	null
"GO:0002933"	"lipid hydroxylation"	-6.978810700930062	2.225309281725863	0.0004110459415957375	0.9630696591590736	0.29625593	null
"GO:0003008"	"system process"	-59.23957751657679	5.658049574713654	1.1200115821424117	0.9200480754764084	-0	null
"GO:0003014"	"renal system process"	-8.844663962534938	3.7452309845281406	0.013687583719843688	0.9294377686510724	0.55571023	null
"GO:0003018"	"vascular process in circulatory system"	-32.97061622231479	4.530302174485271	0.08345709426159682	0.9142473751644355	0.5543054	null
"GO:0001990"	"regulation of systemic arterial blood pressure by hormone"	-6.158640529545145	3.864748335629659	0.01802448760662027	0.7943490083453416	0.93255511	3018
"GO:0001992"	"regulation of systemic arterial blood pressure by vasopressin"	-3.9746941347352296	3.4628470358316736	0.007142846242579821	0.8043290502830389	0.94122022	3018
"GO:0002003"	"angiotensin maturation"	-3.092588639225414	2.8432327780980096	0.001713101648806187	0.7808861101415439	0.71805672	3018
"GO:0002025"	"norepinephrine-epinephrine-mediated vasodilation involved in regulation of systemic arterial blood pressure"	-3.486782399932061	3.250907699700856	0.004383669592706637	0.8070214054246342	0.94899921	3018
"GO:0003012"	"muscle system process"	-13.224753740259764	4.706265334409592	0.12514995177471178	0.9196160932188049	0.77915106	3018
"GO:0003013"	"circulatory system process"	-29.497572880015568	4.796213427493061	0.15395024256879394	0.9185552733901007	0.79356754	3018
"GO:0003044"	"regulation of systemic arterial blood pressure mediated by a chemical signal"	-5.939302159646388	4.026328938722349	0.026149413673731227	0.7903014016079591	0.9158296	3018
"GO:0003071"	"renal system process involved in regulation of systemic arterial blood pressure"	-3.598599459218456	3.0711452904510828	0.0028970124147196584	0.8129833154809841	0.73741423	3018
"GO:0003073"	"regulation of systemic arterial blood pressure"	-7.72584215073632	4.191283300818515	0.038232195274290955	0.7862079146356791	0.86684669	3018
"GO:0003084"	"positive regulation of systemic arterial blood pressure"	-4.7594507517174005	2.8603380065709936	0.0017820195312294247	0.8177139140081683	0.71753306	3018
"GO:0003085"	"negative regulation of systemic arterial blood pressure"	-3.9244530386074694	3.584218112117405	0.0094466725978709	0.8015266727476437	0.80108154	3018
"GO:0006936"	"muscle contraction"	-10.341988603342887	4.679173423631723	0.11758129147287409	0.9165760640445014	0.77491097	3018
"GO:0006939"	"smooth muscle contraction"	-8.928117992693874	3.887898488096872	0.01901149013703878	0.9250048515800188	0.87177604	3018
"GO:0006941"	"striated muscle contraction"	-6.100726812682396	4.355585600061131	0.05581363935104756	0.9202051018903227	0.93772395	3018
"GO:0007600"	"sensory perception"	-6.464705879957229	5.383102322645107	0.5946677939006788	0.910172209357221	0.90252492	3018
"GO:0008217"	"regulation of blood pressure"	-21.098541678603887	4.401400540781544	0.062023632827969986	0.7813682979127865	0.89350898	3018
"GO:0014821"	"phasic smooth muscle contraction"	-3.171984935776023	3.473632926873841	0.007322525007468976	0.9285651073239259	0.88658553	3018
"GO:0014829"	"vascular associated smooth muscle contraction"	-4.546681659952962	3.351989455435632	0.00553312141740849	0.8047893472916503	0.8067514	3018
"GO:0019229"	"regulation of vasoconstriction"	-19.378823718224965	4.095308861385381	0.03065122820773484	0.7005271496269402	0.94236892	3018
"GO:0035296"	"regulation of tube diameter"	-29.27327279097343	4.472639451880648	0.07308003025101222	0.8377490636436491	0.99511494	3018
"GO:0042310"	"vasoconstriction"	-11.177831920631982	3.9429995933660407	0.02158360396319175	0.7921265217605513	0.92127003	3018
"GO:0042311"	"vasodilation"	-6.730487055782084	3.6892200372638357	0.012031093188742303	0.7986951996418351	0.8025712	3018
"GO:0043114"	"regulation of vascular permeability"	-8.139661993429007	3.6327608884794387	0.010564126834304821	0.8016403892205163	0.79614678	3018
"GO:0045776"	"negative regulation of blood pressure"	-8.322393047279506	3.630834517828051	0.010517361128374769	0.8010128223351153	0.79592939	3018
"GO:0045777"	"positive regulation of blood pressure"	-6.54515513999149	3.6415732531781755	0.010780725893349281	0.8007485735342139	0.8681075	3018
"GO:0050877"	"nervous system process"	-29.844663962534938	5.560037013445795	0.8937369446763176	0.9082890715193211	0.75241097	3018
"GO:0060084"	"synaptic transmission involved in micturition"	-3.486782399932061	1.954242509439325	0.00021906041198814752	0.8387396497341792	0.75766605	3018
"GO:0090075"	"relaxation of muscle"	-3.4485500020271247	3.3378584290410944	0.005355904005463022	0.9300191069439554	0.8051675	3018
"GO:0097746"	"blood vessel diameter maintenance"	-29.27327279097343	4.471262365845785	0.07284866307430564	0.7769668952552442	0.90355134	3018
"GO:0003376"	"sphingosine-1-phosphate receptor signaling pathway"	-4.168770306132937	3.682686478249768	0.011851414423853148	0.8158745136664317	0.49781652	null
"GO:0006066"	"alcohol metabolic process"	-17.903089986991944	5.644477979471213	1.085552640930793	0.9162708766278491	0.41042073	null
"GO:0006694"	"steroid biosynthetic process"	-12.204815410317575	4.957947119978726	0.22341700669847356	0.9418572221821572	0.90896095	6066
"GO:0008203"	"cholesterol metabolic process"	-12.324221658325914	4.630193882888373	0.10504069822478856	0.9076449641319903	0.85517604	6066
"GO:0016125"	"sterol metabolic process"	-15.137272471682026	5.048375760906674	0.2751349547512259	0.933071979141859	0.77595517	6066
"GO:0018958"	"phenol-containing compound metabolic process"	-15.636388020107855	4.838275947525585	0.1696069086435873	0.9654553150027804	0.74152367	6066
"GO:0034308"	"primary alcohol metabolic process"	-17.021819483062586	5.060762035662704	0.28309497017110985	0.9244654097044539	0.77808513	6066
"GO:0046165"	"alcohol biosynthetic process"	-6.709965388637482	5.359378189398367	0.5630541766919623	0.9108028715757822	0.83322546	6066
"GO:1901616"	"organic hydroxy compound catabolic process"	-5.246416941107094	5.050978769901794	0.27678898392938356	0.944721008720192	0.77640182	6066
"GO:1901617"	"organic hydroxy compound biosynthetic process"	-11.199282921717614	5.529634363247561	0.8333107299088005	0.950088451187853	0.86830913	6066
"GO:1902652"	"secondary alcohol metabolic process"	-12.60906489289662	4.967608810624577	0.22844308940948255	0.9257474816951745	0.76234727	6066
"GO:0006067"	"ethanol metabolic process"	-6.158640529545145	2.496929648073215	0.0007704034713740469	0.9475852333158615	0.49607625	null
"GO:0006081"	"cellular aldehyde metabolic process"	-6.2247537402597635	5.362896967802544	0.5676347545201639	0.9667440765504628	0.13013768	null
"GO:0006082"	"organic acid metabolic process"	-41.029188389127484	6.535454260345129	8.445551746967404	0.9066127630643389	0.5845868	null
"GO:0006091"	"generation of precursor metabolites and energy"	-8.48678239993206	5.994197012048046	2.4286809447125486	0.9616466159324045	0.15666986	null
"GO:0006109"	"regulation of carbohydrate metabolic process"	-4.2839966563652006	4.7283131918551256	0.1316676143695951	0.8596189714946385	0.26731371	null
"GO:0006265"	"DNA topological change"	-3.815308569182401	4.868685573948292	0.18190875065613515	0.9543679500172891	0.3791899	null
"GO:0006272"	"leading strand elongation"	-4.649751981665837	4.1039404850830214	0.03126656644365661	0.9643508493315947	0.24313965	null
"GO:0006271"	"DNA strand elongation involved in DNA replication"	-3.171984935776023	4.758995111589785	0.14130627249707356	0.9602441765259249	0.89511577	6272
"GO:0006273"	"lagging strand elongation"	-3.486782399932061	4.171199716800422	0.03650432550782264	0.9639689372522195	0.90469179	6272
"GO:0006284"	"base-excision repair"	-3.2403321553103694	5.116292201435749	0.3217086751516723	0.8644934013627962	0.49657387	null
"GO:0006352"	"DNA-templated transcription initiation"	-4.118615343229427	5.498863065954816	0.7763107184388958	0.935327313226761	0.68600726	null
"GO:0006367"	"transcription initiation at RNA polymerase II promoter"	-5.372634143407267	4.892250475298266	0.1920519861370695	0.9425989485168417	0.21772732	null
"GO:0006468"	"protein phosphorylation"	-17.52432881167557	6.183647586752504	3.756826993126081	0.9323193444997604	0.40652725	null
"GO:0006520"	"amino acid metabolic process"	-17.77728352885242	6.349827285704941	5.5080894579711925	0.9729165370018286	0.12927537	null
"GO:0006522"	"alanine metabolic process"	-5.812479279163537	4.5998503350748985	0.09795200174696986	0.9281016456199214	0.44676027	null
"GO:0006524"	"alanine catabolic process"	-5.812479279163537	4.370587100246676	0.05777533764716614	0.9145149808214046	0.66831303	null
"GO:0042851"	"L-alanine metabolic process"	-4.649751981665837	4.138018339614263	0.03381898944626007	0.9316274851804917	0.89610849	6524
"GO:0042853"	"L-alanine catabolic process"	-4.649751981665837	4.13789189824736	0.033809144034485324	0.9171670479715036	0.8960916	6524
"GO:0006544"	"glycine metabolic process"	-10.317854923626168	4.887988429743501	0.19017643519397995	0.9225950275412281	0.47739094	null
"GO:0006545"	"glycine biosynthetic process"	-5.060480747381382	4.567872944364566	0.09099867968105395	0.9196890065018112	0.74941058	6544
"GO:0006546"	"glycine catabolic process"	-3.486782399932061	4.550350672301615	0.08740018167738348	0.9113359451115361	0.89046316	6544
"GO:0009071"	"serine family amino acid catabolic process"	-5.730487055782084	4.930291746364134	0.2096334302138261	0.9056337884626843	0.79971363	6544
"GO:0019464"	"glycine decarboxylation via glycine cleavage system"	-3.486782399932061	4.487915731359767	0.07569644843015155	0.9122709735148613	0.88144032	6544
"GO:0006570"	"tyrosine metabolic process"	-3.092588639225414	4.644143050509919	0.10846936287534463	0.9271906851155205	0.49779704	null
"GO:0006575"	"cellular modified amino acid metabolic process"	-13.8153085691824	5.644975954811678	1.0867980855202988	0.9646538257202522	0.14079134	null
"GO:0006629"	"lipid metabolic process"	-31.910094888560604	6.385531203866832	5.980051423570241	0.9726490363320484	0.0963197	null
"GO:0006690"	"icosanoid metabolic process"	-20.77728352885242	4.565847818673518	0.09057532697473977	0.9331093443868821	0.44340294	null
"GO:0006704"	"glucocorticoid biosynthetic process"	-9.498940737782249	3.6310376965367404	0.01052228383426214	0.9506422824921438	0.36189064	null
"GO:0006700"	"C21-steroid hormone biosynthetic process"	-3.5128616245228135	3.625415352154408	0.010386909422359354	0.8057588767705472	0.94608237	6704
"GO:0006705"	"mineralocorticoid biosynthetic process"	-5.060480747381382	2.6190933306267428	0.001021461471630126	0.8315703347226747	0.83982857	6704
"GO:0032341"	"aldosterone metabolic process"	-3.486782399932061	2.6848453616444123	0.0011888334718008454	0.7990397897829368	0.99279976	6704
"GO:0032342"	"aldosterone biosynthetic process"	-3.486782399932061	2.617000341120899	0.001016538765742752	0.7958081333887584	0.98603796	6704
"GO:0034650"	"cortisol metabolic process"	-4.649751981665837	3.6280822609906793	0.010450904598895217	0.9096669867925673	0.97913941	6704
"GO:0034651"	"cortisol biosynthetic process"	-3.486782399932061	1.7160033436347992	0.00012552900012803957	0.923591235563944	0.78880424	6704
"GO:0006706"	"steroid catabolic process"	-5.732828271596986	4.02649240705284	0.026159259085505975	0.9405282108567115	0.6333414	null
"GO:0006720"	"isoprenoid metabolic process"	-15.41793663708829	5.380844126464666	0.5915837186622389	0.9405399670407308	0.6426384	null
"GO:0006721"	"terpenoid metabolic process"	-15.79860287567955	5.129638340833355	0.33174853380897174	0.9407549694563049	0.47354368	null
"GO:0001523"	"retinoid metabolic process"	-13.063486257521106	4.197611323169714	0.038793383745451604	0.9485138655304562	0.75200016	6721
"GO:0008300"	"isoprenoid catabolic process"	-3.815308569182401	4.291346646689625	0.04813914087263133	0.9299080142147944	0.76416106	6721
"GO:0016101"	"diterpenoid metabolic process"	-13.882728704344236	4.522118064146713	0.08189905784824292	0.9462290376246861	0.79584563	6721
"GO:0042572"	"retinol metabolic process"	-8.742321425130816	4.034307529596563	0.02663430020363757	0.7636635668825926	0.8829891	6721
"GO:0042573"	"retinoic acid metabolic process"	-9.705533773838408	3.4085791254086675	0.006303524888782537	0.7917591446135807	0.81038658	6721
"GO:0006730"	"one-carbon metabolic process"	-15.767003889607846	5.140313163880555	0.3400039115820981	0.9325327224033265	0.35804052	null
"GO:0006753"	"nucleoside phosphate metabolic process"	-16.39040559077478	6.262731985027961	4.507187667479684	0.8809793854748912	0.56593826	null
"GO:0006163"	"purine nucleotide metabolic process"	-11.221848749616356	5.9883979616328205	2.3964667573855727	0.8831637340726216	0.85587986	6753
"GO:0006177"	"GMP biosynthetic process"	-4.649751981665837	4.591554304100671	0.09609860298037351	0.8981333152115094	0.76404343	6753
"GO:0006195"	"purine nucleotide catabolic process"	-8.339134521996131	5.329513811358952	0.5256366892420318	0.8838763694388028	0.94367619	6753
"GO:0009117"	"nucleotide metabolic process"	-16.4089353929735	6.13588096544101	3.36553833160932	0.8834341160958492	0.87477152	6753
"GO:0009123"	"nucleoside monophosphate metabolic process"	-7.274088367704952	5.661446361227424	1.1288059962102055	0.8956719629687722	0.74875798	6753
"GO:0009124"	"nucleoside monophosphate biosynthetic process"	-7.069050968832477	5.586086339566542	0.9489844728503172	0.8889381876010628	0.73200841	6753
"GO:0009126"	"purine nucleoside monophosphate metabolic process"	-4	5.395466183681937	0.6118406533887834	0.8975592784635199	0.90904246	6753
"GO:0009127"	"purine nucleoside monophosphate biosynthetic process"	-3.856985199745905	5.358614328904606	0.5620647128086002	0.8936082771441645	0.90120244	6753
"GO:0009129"	"pyrimidine nucleoside monophosphate metabolic process"	-4.119186407719209	5.070477482697985	0.28949941053058353	0.9039869131894475	0.84427064	6753
"GO:0009150"	"purine ribonucleotide metabolic process"	-10.756961951313706	5.818828076029202	1.6218149908307218	0.879482706140044	0.94250575	6753
"GO:0009152"	"purine ribonucleotide biosynthetic process"	-5.262012673666569	5.639061948233577	1.0720988857405997	0.8791931001855451	0.94572159	6753
"GO:0009154"	"purine ribonucleotide catabolic process"	-7.329754146925876	5.26259583043562	0.4505752698713515	0.8789952526329623	0.93015207	6753
"GO:0009156"	"ribonucleoside monophosphate biosynthetic process"	-5.235823867609669	5.53150574028484	0.8369092279124709	0.889971489981078	0.93920448	6753
"GO:0009161"	"ribonucleoside monophosphate metabolic process"	-5.580044251510242	5.5569919988211325	0.8874924922581835	0.8940237210094248	0.94507917	6753
"GO:0009162"	"deoxyribonucleoside monophosphate metabolic process"	-6.935542010773082	4.67625452172978	0.11679365853089424	0.9107557761027615	0.77710336	6753
"GO:0009165"	"nucleotide biosynthetic process"	-9.991399828238082	5.945347438482978	2.170305342154888	0.8819816163149438	0.86687753	6753
"GO:0009166"	"nucleotide catabolic process"	-6.655607726314889	5.4229639007171535	0.6518327160178106	0.8840356345621534	0.95641087	6753
"GO:0009167"	"purine ribonucleoside monophosphate metabolic process"	-3.6655462488490693	5.3951183712519155	0.6113508441529896	0.8970764984096071	0.98559914	6753
"GO:0009168"	"purine ribonucleoside monophosphate biosynthetic process"	-3.4100503986742923	5.3582395081717715	0.5615798262786938	0.8935820104189452	0.97752327	6753
"GO:0009259"	"ribonucleotide metabolic process"	-12.787812395596042	5.903150783963722	1.9693555651263899	0.8799822349051243	0.80806075	6753
"GO:0009260"	"ribonucleotide biosynthetic process"	-6.97061622231479	5.75331029453189	1.3947084160696614	0.8790694220014693	0.92516578	6753
"GO:0009261"	"ribonucleotide catabolic process"	-8.528708288941061	5.2856833036363104	0.4751764925435035	0.8804944691219211	0.81778104	6753
"GO:0019693"	"ribose phosphate metabolic process"	-12.29413628771608	5.9265178785086015	2.078218744472724	0.9197303423335206	0.71983707	6753
"GO:0046390"	"ribose phosphate biosynthetic process"	-6.567030709125595	5.773199678110848	1.4600671821363274	0.9114626858438486	0.93036189	6753
"GO:0090407"	"organophosphate biosynthetic process"	-10.527243550682787	6.27930731614437	4.68253445118795	0.9199457975412322	0.81475031	6753
"GO:1901137"	"carbohydrate derivative biosynthetic process"	-4.245651664288981	6.247150517744046	4.348346716611784	0.9409602032485688	0.72325675	6753
"GO:1901292"	"nucleoside phosphate catabolic process"	-5.872895201635193	5.4583477189522105	0.7071639301918955	0.8846662197827064	0.91338576	6753
"GO:1901293"	"nucleoside phosphate biosynthetic process"	-10.327902142064282	6.062122253663818	2.839852415308414	0.8813378383420856	0.85246714	6753
"GO:0006760"	"folic acid-containing compound metabolic process"	-7.617982957425132	5.246624123978228	0.43430572691358005	0.9645352708583973	0.12620132	null
"GO:0006749"	"glutathione metabolic process"	-6.3979400086720375	5.115703683637	0.32127301568063965	0.9612357861761688	0.80015487	6760
"GO:0046653"	"tetrahydrofolate metabolic process"	-5.164309428507575	5.149714726288552	0.34744458153086405	0.965178480795506	0.95861922	6760
"GO:0046655"	"folic acid metabolic process"	-4.935542010773082	4.841716021249686	0.1709557300567278	0.9215407398209332	0.90105672	6760
"GO:0006766"	"vitamin metabolic process"	-23.391473966422804	5.691244211502647	1.2089747229390366	0.9340663790129597	0.41606694	null
"GO:0006767"	"water-soluble vitamin metabolic process"	-15.291579099865288	5.678217819759129	1.1732506463143628	0.9303905816124047	0.41447868	null
"GO:0006768"	"biotin metabolic process"	-6.638272163982407	4.50509568811646	0.07875098743326718	0.9243154031083922	0.75258911	6767
"GO:0006775"	"fat-soluble vitamin metabolic process"	-9.7281583934635	4.161817040167692	0.035724076624673855	0.9476076513563106	0.70454579	6767
"GO:0006778"	"porphyrin-containing compound metabolic process"	-4.721246399047171	5.269216308531292	0.4574965943489995	0.9821132840835022	0.86580206	6767
"GO:0009111"	"vitamin catabolic process"	-3.5128616245228135	4.18446428934699	0.03763654786191869	0.9240356496515989	0.70752564	6767
"GO:0009235"	"cobalamin metabolic process"	-6.393618634889395	4.991748687131003	0.24150056677574236	0.9373765163695092	0.83312594	6767
"GO:0006790"	"sulfur compound metabolic process"	-9.279014255846262	5.985815233869408	2.3822573668416673	0.9617251438721609	0.15624691	null
"GO:0006793"	"phosphorus metabolic process"	-25.782516055786093	6.713141707407333	12.714975181439863	0.9533236517047079	0.20404558	null
"GO:0006796"	"phosphate-containing compound metabolic process"	-26.705533773838408	6.711039325075964	12.653571809553702	0.9300490307758223	0.69682692	null
"GO:0016310"	"phosphorylation"	-16.246416941107093	6.404965865659897	6.253736641437635	0.9359364930465167	0.74398633	6796
"GO:0019637"	"organophosphate metabolic process"	-13.795880017344075	6.4396515857619026	6.773690066732693	0.9353971222775896	0.75647118	6796
"GO:0006805"	"xenobiotic metabolic process"	-52.47886191629596	4.777216512043379	0.14736120073854372	0.8474751686038681	0.53628919	null
"GO:0042178"	"xenobiotic catabolic process"	-22.032452023781136	4.519210883619447	0.08135263749474439	0.8331331125515118	0.94990834	6805
"GO:0071466"	"cellular response to xenobiotic stimulus"	-23.3767507096021	4.792216535439859	0.15253988733206128	0.8685654618100254	0.9834872	6805
"GO:0006811"	"monoatomic ion transport"	-103.69464863055337	6.300613307421874	4.917982551075166	0.9620883326711044	-0	null
"GO:0006816"	"calcium ion transport"	-25.99567862621736	5.250861391984317	0.4385638675061586	0.9609600303488368	0.66791706	null
"GO:0006820"	"monoatomic anion transport"	-32.69897000433602	5.3205201586614885	0.5148633474075136	0.9623566627705087	0.68064668	null
"GO:0006836"	"neurotransmitter transport"	-7.377785977033705	4.765579153897841	0.14346487902868713	0.9726698569348204	0.28755071	null
"GO:0006855"	"xenobiotic transmembrane transport"	-4.752026733638194	2.7007037171450192	0.0012331378247872123	0.9740765510381599	0.19200881	null
"GO:0006857"	"oligopeptide transport"	-4.7594507517174005	4.898352142322824	0.19476931978689999	0.9664495535571822	0.65253447	null
"GO:0006869"	"lipid transport"	-11.671620396561263	5.554812489062661	0.8830497501948285	0.9637028538145083	0.35504953	null
"GO:0015908"	"fatty acid transport"	-9.521433504406156	4.718949868661722	0.12885921066084816	0.9614945389205098	0.81504712	6869
"GO:0015909"	"long-chain fatty acid transport"	-6.931814138253839	4.5656353400556435	0.0905310226217534	0.9621419317016499	0.82842085	6869
"GO:0006950"	"response to stress"	-36.32975414692588	6.428160883324095	6.596819705552286	0.8949003213431399	0.50285572	null
"GO:0006952"	"defense response"	-20.954677021213342	5.6598135537959715	1.1245700077941203	0.9013467098266986	0.46548467	null
"GO:0006954"	"inflammatory response"	-24.341988603342887	4.819649206293057	0.16248621457750065	0.9108389659415363	0.37277575	null
"GO:0006979"	"response to oxidative stress"	-19.82102305270683	5.493504057283511	0.7667902052527142	0.9043234054650718	0.54266122	null
"GO:0007154"	"cell communication"	-56.36451625318509	6.574350790896292	9.236864411598072	0.9904955043628022	0.02087127	null
"GO:0007159"	"leukocyte cell-cell adhesion"	-3.774690718274137	3.6567687792660166	0.011164696952564461	0.9924695133954522	0.58529623	null
"GO:0007166"	"cell surface receptor signaling pathway"	-21.59687947882418	5.8500516596084555	1.7427092633657988	0.7496455434600726	0.61586777	null
"GO:0007169"	"cell surface receptor protein tyrosine kinase signaling pathway"	-13.209714835966759	5.168016959978657	0.36239976201670654	0.7699521582178251	0.68003913	null
"GO:0007167"	"enzyme-linked receptor protein signaling pathway"	-9.787812395596042	5.316071039749486	0.5096157429315727	0.7654470176865033	0.73015715	7169
"GO:0038084"	"vascular endothelial growth factor signaling pathway"	-5.131355561605174	3.794766797940821	0.015341612898001386	0.7978626163293797	0.72936672	7169
"GO:0038086"	"VEGF-activated platelet-derived growth factor receptor signaling pathway"	-3.486782399932061	2.1367205671564067	0.0003347440003414389	0.8337079953017358	0.79436016	7169
"GO:0038091"	"positive regulation of cell proliferation by VEGF-activated platelet derived growth factor receptor signaling pathway"	-3.486782399932061	2.1367205671564067	0.0003347440003414389	0.7764207073791468	0.79436016	7169
"GO:0038127"	"ERBB signaling pathway"	-3.8827287043442356	4.099542528695332	0.030951513266864662	0.8034394336274204	0.76673042	7169
"GO:0048010"	"vascular endothelial growth factor receptor signaling pathway"	-5.040958607678906	3.844228581301628	0.017192550311654047	0.8100632640579353	0.73518114	7169
"GO:0007186"	"G protein-coupled receptor signaling pathway"	-22.67366413907125	5.774433748393295	1.464221945905271	0.7530850726977483	0.60127973	null
"GO:0007187"	"G protein-coupled receptor signaling pathway, coupled to cyclic nucleotide second messenger"	-42.54060751224077	4.273232834043045	0.046172519870625386	0.8006192406426303	0.3400966	null
"GO:0007188"	"adenylate cyclase-modulating G protein-coupled receptor signaling pathway"	-34.57839607313017	5.149249912590282	0.34707291723636735	0.7725551214873766	0.62380413	null
"GO:0007193"	"adenylate cyclase-inhibiting G protein-coupled receptor signaling pathway"	-20.496209316942817	4.458063445325183	0.07066790436619891	0.7944041476749154	0.64435596	null
"GO:0007189"	"adenylate cyclase-activating G protein-coupled receptor signaling pathway"	-18.443697499232712	4.974050902792877	0.23185698594237647	0.7778574039139603	0.84729698	7193
"GO:0071880"	"adenylate cyclase-activating adrenergic receptor signaling pathway"	-12.378823718224965	4.282712723035266	0.04719151998931182	0.799470732808004	0.75685513	7193
"GO:0007200"	"phospholipase C-activating G protein-coupled receptor signaling pathway"	-14.455931955649724	4.558828524817011	0.08912312873796441	0.7922785227967821	0.65614098	null
"GO:0007204"	"positive regulation of cytosolic calcium ion concentration"	-37.378823718224965	4.557483140603017	0.08884745720827146	0.8408055200965926	0.53924517	null
"GO:0007208"	"phospholipase C-activating serotonin receptor signaling pathway"	-3.486782399932061	2.4727564493172123	0.000728560471331367	0.8404020837412169	0.42664967	null
"GO:0007215"	"glutamate receptor signaling pathway"	-12.134896025358872	4.421899935843169	0.06502156071338082	0.7956369882167641	0.59298536	null
"GO:0007218"	"neuropeptide signaling pathway"	-5.8297382846050425	4.794808595205845	0.15345304927416917	0.7848297444758497	0.68550221	null
"GO:0007252"	"I-kappaB phosphorylation"	-4.168770306132937	3.2935835134961167	0.004836558534345055	0.7966319014713936	0.52136911	null
"GO:0007263"	"nitric oxide mediated signal transduction"	-3.0213630516155257	3.180125875164054	0.003724027003798508	0.8291745059830335	0.51407548	null
"GO:0007267"	"cell-cell signaling"	-49.75448733218585	5.406652571520464	0.6278049885815375	0.8345334833767253	0.21422493	null
"GO:0007268"	"chemical synaptic transmission"	-50.34775365899668	5.28154694070609	0.47067221665655623	0.8270487243648635	0.41580796	null
"GO:0001963"	"synaptic transmission, dopaminergic"	-5.131355561605174	3.934649922900711	0.021172558021596007	0.8585365982295917	0.77191517	7268
"GO:0007197"	"adenylate cyclase-inhibiting G protein-coupled acetylcholine receptor signaling pathway"	-9.306273051076353	3.746478509930031	0.01372696536694268	0.7536877499971633	0.74089759	7268
"GO:0007198"	"adenylate cyclase-inhibiting serotonin receptor signaling pathway"	-8.141462802430361	3.4367985102318035	0.006726877595096709	0.8201643178619621	0.78374692	7268
"GO:0007213"	"G protein-coupled acetylcholine receptor signaling pathway"	-4.72584215073632	3.7965743332104296	0.01540560807453725	0.7531232914579871	0.98706564	7268
"GO:0007214"	"gamma-aminobutyric acid signaling pathway"	-12.906578314837764	4.090610707828406	0.030321406913280776	0.8560705513587742	0.74872564	7268
"GO:0007271"	"synaptic transmission, cholinergic"	-11.882728704344236	4.152624639447619	0.03497582532979299	0.8542551714378959	0.80101052	7268
"GO:0035249"	"synaptic transmission, glutamatergic"	-3.05453141486818	4.315235409617727	0.05086139722834921	0.8508855223057492	0.82418488	7268
"GO:0051932"	"synaptic transmission, GABAergic"	-5.991399828238082	3.86975959478241	0.01823370260683367	0.8597622698985804	0.76365721	7268
"GO:0060012"	"synaptic transmission, glycinergic"	-3.9746941347352296	3.524915147539867	0.008240609655464245	0.8659306426915863	0.72257408	7268
"GO:0060079"	"excitatory postsynaptic potential"	-18.219682687859848	4.602439832843189	0.09853780374756739	0.6882473603678815	0.86856662	7268
"GO:0095500"	"acetylcholine receptor signaling pathway"	-7.149966742310231	3.88280904139244	0.018789968372106947	0.7545803165534448	0.98054837	7268
"GO:0098916"	"anterograde trans-synaptic signaling"	-50.34775365899668	5.28154694070609	0.47067221665655623	0.8270649404628385	0.99321708	7268
"GO:0099536"	"synaptic signaling"	-49.920818753952375	5.3044258958093975	0.4961324515060551	0.8270561717104666	0.94494787	7268
"GO:0099537"	"trans-synaptic signaling"	-50.422508200162774	5.286281279455001	0.47583121242652426	0.8270005200356206	0.9862598	7268
"GO:0007565"	"female pregnancy"	-3.8827287043442356	3.6909930320998696	0.012080320247616044	0.937307460594571	0.47502453	null
"GO:0046697"	"decidualization"	-3.0213630516155257	2.8715729355458786	0.0018287852371594788	0.9287990403464662	0.89317986	7565
"GO:0007584"	"response to nutrient"	-21.372634143407268	4.507734468072263	0.07923095125728616	0.8844000025726493	0.50820138	null
"GO:0009267"	"cellular response to starvation"	-3.5543957967264026	5.042481004718527	0.2714256958650895	0.8947143612118781	0.91037892	7584
"GO:0031669"	"cellular response to nutrient levels"	-8.146301788223825	5.113354986024232	0.319540223208284	0.9014648833808663	0.82339174	7584
"GO:0042594"	"response to starvation"	-5.314258261397736	5.107647436650064	0.3153682299687344	0.9038679932645372	0.92225219	7584
"GO:0007586"	"digestion"	-4.063486257521107	4.092615390941555	0.03046170403107094	0.9367801180279535	0.50992576	null
"GO:0007588"	"excretion"	-3.332547047110046	2.9138138523837167	0.0020158480608796943	0.9361838911740369	0.41944657	null
"GO:0007597"	"blood coagulation, intrinsic pathway"	-4.119186407719209	2.2528530309798933	0.00043812082397629503	0.7708242888917833	0.65479002	null
"GO:0072378"	"blood coagulation, fibrin clot formation"	-3.5228787452803374	3.154119525515847	0.0035074279447540467	0.7465814917182352	0.89418251	7597
"GO:0007610"	"behavior"	-29.681936665037238	4.6345377245814365	0.1060966186376303	0.931840666998156	0.56603716	null
"GO:0007611"	"learning or memory"	-17.530177984021837	4.084325995016827	0.02988574744224817	0.9182513958436483	0.58425181	null
"GO:0002209"	"behavioral defense response"	-5.5376020021010435	3.1261314072619846	0.0032883675327659	0.8765478954779063	0.74208485	7611
"GO:0007612"	"learning"	-9.707743928643524	3.7014816356209272	0.012375682600858489	0.9220891686905733	0.9269792	7611
"GO:0007613"	"memory"	-9.454692883534175	3.830396176483469	0.016653514016986583	0.920813739489066	0.94334523	7611
"GO:0007617"	"mating behavior"	-5.548213564475709	3.6960941599952233	0.012223078718349894	0.9305065862532774	0.79897832	7611
"GO:0007626"	"locomotory behavior"	-9.853871964321762	4.047780924741197	0.027473621557434862	0.9295283076519524	0.83864019	7611
"GO:0007631"	"feeding behavior"	-4.617982957425132	3.947531745695593	0.021810048434010958	0.9304416715833813	0.82693926	7611
"GO:0007632"	"visual behavior"	-6.785156151952302	3.340047317661393	0.00538297888784358	0.8705425801794088	0.76246559	7611
"GO:0008306"	"associative learning"	-8.832682665251824	3.468495024507069	0.007236377654439928	0.9241822998051903	0.89879522	7611
"GO:0008542"	"visual learning"	-7.576754126063192	3.2038484637462346	0.003933242004011907	0.8635125518585313	0.91436264	7611
"GO:0019098"	"reproductive behavior"	-5.5376020021010435	3.7810369386211318	0.014864110426926098	0.9297574503459944	0.80821067	7611
"GO:0030534"	"adult behavior"	-7.787812395596042	3.9639294220265584	0.022649369787808238	0.9302938856653161	0.8288308	7611
"GO:0007623"	"circadian rhythm"	-9.068542129310995	4.511495663673566	0.07992013008151853	1	-0	null
"GO:0008150"	"biological_process"	-23.694648630553377	7.608826117220222	100	1	-0	null
"GO:0008152"	"metabolic process"	-30.140261433802852	7.372900851027942	58.08643542977757	1	-0	null
"GO:0008202"	"steroid metabolic process"	-33.82681373158773	5.230425928708833	0.41840538689736173	0.955875889260321	0.04750396	null
"GO:0008211"	"glucocorticoid metabolic process"	-8.297569463554474	3.7120601424610746	0.012680890365875686	0.958984294140543	0.6015313	null
"GO:0008212"	"mineralocorticoid metabolic process"	-5.060480747381382	2.6875289612146345	0.0011962175306319065	0.8374814704744783	0.66592706	null
"GO:0008219"	"cell death"	-3.057991946977687	5.231841537884141	0.41977143778110804	0.9930025359791711	0.01383669	null
"GO:0008283"	"cell population proliferation"	-5.642065152999546	4.601059963546283	0.09822521192371914	0.9937591900031975	0.01219732	null
"GO:0008284"	"positive regulation of cell population proliferation"	-27.36251027048749	4.967150002647506	0.22820187682100118	0.7789404850369055	0.53578673	null
"GO:0001936"	"regulation of endothelial cell proliferation"	-8.145693958198919	4.100405011565889	0.031013047090456835	0.8603139460707587	0.77608914	8284
"GO:0001938"	"positive regulation of endothelial cell proliferation"	-5.950781977329818	3.932169245920792	0.021051951727355345	0.8074484962529566	0.89636671	8284
"GO:0008285"	"negative regulation of cell population proliferation"	-15.290730039024169	4.705906455700312	0.12504657495107693	0.8265325465523615	0.86084593	8284
"GO:0048145"	"regulation of fibroblast proliferation"	-3.812479279163537	3.5286596452349897	0.008311988890831169	0.8712155819196096	0.71006713	8284
"GO:0048660"	"regulation of smooth muscle cell proliferation"	-13.823908740944319	3.659250468772661	0.011228692129100324	0.8690449236568681	0.72413889	8284
"GO:0050678"	"regulation of epithelial cell proliferation"	-8.252588192113576	4.386641626135628	0.059951173649385486	0.8554582629615739	0.81397497	8284
"GO:0050679"	"positive regulation of epithelial cell proliferation"	-7.251811972993799	4.207849711130526	0.039718852452277936	0.800310394551798	0.93213394	8284
"GO:0070663"	"regulation of leukocyte proliferation"	-7.806875401645538	4.444466388020193	0.06848960701103586	0.8542545821250573	0.82208197	8284
"GO:1905562"	"regulation of vascular endothelial cell proliferation"	-4.349692476868063	3.1878026387184195	0.0037904835332780583	0.8757086684566759	0.81219865	8284
"GO:0009056"	"catabolic process"	-12.173277479831007	6.565667808795279	9.05402280817628	0.9782635772814493	0.10558269	null
"GO:0009058"	"biosynthetic process"	-20.563837352959244	7.06378821024573	28.507692540195496	0.9743426863772983	0.20885996	null
"GO:0009069"	"serine family amino acid metabolic process"	-6.373659632624958	5.435272465699856	0.6705709959781001	0.9152322103281512	0.57826168	null
"GO:0009078"	"pyruvate family amino acid metabolic process"	-5.812479279163537	5.222112720422357	0.41047244635985836	0.9188355383957855	0.62063043	null
"GO:0009112"	"nucleobase metabolic process"	-13.63264407897398	5.385488301050675	0.5979438546687262	0.9161672253310396	0.69087025	null
"GO:0009125"	"nucleoside monophosphate catabolic process"	-4.119186407719209	3.552303109338354	0.008777184597188022	0.9140833101525017	0.55241232	null
"GO:0009159"	"deoxyribonucleoside monophosphate catabolic process"	-4.141462802430361	3.2533380053261065	0.004408283122143508	0.9173433909820251	0.53183665	null
"GO:0009157"	"deoxyribonucleoside monophosphate biosynthetic process"	-3.1791420105603	4.659374181772188	0.11234107105576435	0.9068447918571708	0.80193804	9159
"GO:0009163"	"nucleoside biosynthetic process"	-10.782516055786093	5.020593286421175	0.2580851629103057	0.8976955029569923	0.62679412	null
"GO:0006213"	"pyrimidine nucleoside metabolic process"	-5.546681659952962	4.485920077863703	0.07534939766509167	0.911001907360786	0.81143333	9163
"GO:0009116"	"nucleoside metabolic process"	-9.241088107602026	5.280778627725314	0.46984027936159006	0.9009213553952268	0.91469771	9163
"GO:0009119"	"ribonucleoside metabolic process"	-6.882728704344236	5.088075815079899	0.3014714312486773	0.9040154509123073	0.91540172	9163
"GO:0009164"	"nucleoside catabolic process"	-4.293282217663242	4.659221914613612	0.11230168940866538	0.8949420195410489	0.83682706	9163
"GO:0016137"	"glycoside metabolic process"	-6.647817481888637	4.5891226502058515	0.09556202803864973	0.9572422475890542	0.79148385	9163
"GO:0042278"	"purine nucleoside metabolic process"	-4.835647144215563	4.894974759888139	0.19326051043241985	0.9047854443379894	0.87403645	9163
"GO:0042451"	"purine nucleoside biosynthetic process"	-5.548213564475709	4.745254408625765	0.1369053734337611	0.8996280906925122	0.94704476	9163
"GO:0042454"	"ribonucleoside catabolic process"	-3.3089185078770313	4.367598163679833	0.05737905982323253	0.8996875422035935	0.9514921	9163
"GO:0042455"	"ribonucleoside biosynthetic process"	-7.131355561605174	5.01966452676886	0.2575338198509198	0.8975426869065938	0.99724022	9163
"GO:0043174"	"nucleoside salvage"	-5.688246138944246	4.706888394981617	0.12532963053960094	0.8967898102860592	0.94042658	9163
"GO:0046128"	"purine ribonucleoside metabolic process"	-5.022733787572707	4.777006099803747	0.1472898215031768	0.9061961047130282	0.95115667	9163
"GO:0046129"	"purine ribonucleoside biosynthetic process"	-5.548213564475709	4.745230984528141	0.13689798937493006	0.8995136334116167	0.94704069	9163
"GO:0046134"	"pyrimidine nucleoside biosynthetic process"	-6.333482019445119	3.541454428747589	0.008560585538143562	0.9172558165923907	0.77573933	9163
"GO:1901658"	"glycosyl compound catabolic process"	-4.721246399047171	4.830145809002618	0.16646129958155523	0.93663333440702	0.8270293	9163
"GO:1901659"	"glycosyl compound biosynthetic process"	-9.910094888560602	5.084343877152251	0.2988919333636933	0.944123615357005	0.86814861	9163
"GO:0009187"	"cyclic nucleotide metabolic process"	-5.13430394008393	4.815438273573759	0.160918332752372	0.9106169179002018	0.59572953	null
"GO:0009214"	"cyclic nucleotide catabolic process"	-4.79317412396815	3.9348013417465366	0.021179942080427068	0.9097393956594794	0.3450556	null
"GO:0006198"	"cAMP catabolic process"	-3.815308569182401	3.6637951222194074	0.011346837070397303	0.9068799340991901	0.73207141	9214
"GO:0046058"	"cAMP metabolic process"	-3.4485500020271247	4.426234656211552	0.06567381924345789	0.9067961251556166	0.81639268	9214
"GO:0046068"	"cGMP metabolic process"	-3.171984935776023	4.361859992489294	0.056625885822464285	0.9078007299480896	0.9050385	9214
"GO:0009262"	"deoxyribonucleotide metabolic process"	-6.586700235918748	5.067862804697876	0.2877616953523405	0.9006790150948847	0.63441646	null
"GO:0009308"	"amine metabolic process"	-4.835647144215563	5.439788858197747	0.6775809291617207	0.983679839349327	0.05001938	null
"GO:0009394"	"2'-deoxyribonucleotide metabolic process"	-4.570247719997592	4.889475385564775	0.19082869372405703	0.90231359815029	0.60657869	null
"GO:0009263"	"deoxyribonucleotide biosynthetic process"	-3.709965388637482	4.8936119795139845	0.19265501760827283	0.8986367839441873	0.93242052	9394
"GO:0009264"	"deoxyribonucleotide catabolic process"	-3.3089185078770313	4.694999832747095	0.12194527024203125	0.8931079800254705	0.89954519	9394
"GO:0046386"	"deoxyribose phosphate catabolic process"	-3.1778319206319825	4.679155241283354	0.11757636876698672	0.9196950441595688	0.94359411	9394
"GO:0009410"	"response to xenobiotic stimulus"	-63.6615435063954	4.82675488069819	0.16516662793317585	0.8837046403116352	0.54179378	null
"GO:0009605"	"response to external stimulus"	-42.14874165128092	5.806780784629541	1.5774441813148754	0.907637733494939	0.40423315	null
"GO:0009607"	"response to biotic stimulus"	-17.866461091629784	5.596143873584628	0.9712178739906423	0.911263793265677	0.37903385	null
"GO:0009611"	"response to wounding"	-9.120904120499928	4.806064599188238	0.15748228404298487	0.9148986622623874	0.3944165	null
"GO:0009612"	"response to mechanical stimulus"	-16.536107011014092	4.2433357485598755	0.04310075139690395	0.9073374215151732	0.61962407	null
"GO:0009628"	"response to abiotic stimulus"	-37.036684488613886	5.578317093840565	0.9321586641272724	0.9115572489247352	0.3770446	null
"GO:0009712"	"catechol-containing compound metabolic process"	-11.87942606879415	4.465427468452574	0.07187642866154925	0.9637543465472381	0.68739384	null
"GO:0006584"	"catecholamine metabolic process"	-11.87942606879415	4.086644520610805	0.030045735383587825	0.9649905747863257	0.82988619	9712
"GO:0009713"	"catechol-containing compound biosynthetic process"	-4.119186407719209	4.044735697450507	0.02728163602782727	0.9566752078510483	0.88653696	9712
"GO:0019336"	"phenol-containing compound catabolic process"	-3.3010299956639813	4.2422680448276875	0.0429949132203254	0.9478185701747975	0.84972624	9712
"GO:0019614"	"catechol-containing compound catabolic process"	-4.141462802430361	3.9967742708613048	0.02442892796609398	0.9488012390554356	0.88057652	9712
"GO:0042417"	"dopamine metabolic process"	-10.26680273489343	3.7964355588101744	0.015400685368649875	0.9660408595826528	0.85652145	9712
"GO:0042420"	"dopamine catabolic process"	-3.1791420105603	3.4683473304121573	0.007233916301496242	0.952168506854628	0.88548236	9712
"GO:0042423"	"catecholamine biosynthetic process"	-4.119186407719209	3.781324455666988	0.014873955838700848	0.957933298857281	0.9217653	9712
"GO:0042424"	"catecholamine catabolic process"	-4.141462802430361	3.6225248624035684	0.010317991539936117	0.9511454722347403	0.90299267	9712
"GO:0042428"	"serotonin metabolic process"	-4.7594507517174005	3.536179532137225	0.008457208714508706	0.9683235482139361	0.76657038	9712
"GO:0046189"	"phenol-containing compound biosynthetic process"	-4.293282217663242	4.458365857761262	0.07071713142507265	0.9546523030708634	0.87890252	9712
"GO:0009719"	"response to endogenous stimulus"	-55.7281583934635	5.524614188342792	0.8237336056049143	0.9124293056319079	0.37117626	null
"GO:0009791"	"post-embryonic development"	-4.728158393463501	4.823526393542702	0.16394333552016338	0.9127780701116686	0.63797997	null
"GO:0009820"	"alkaloid metabolic process"	-8.141462802430361	3.8721562727482928	0.01833461807752484	0.9877904968801214	0.03581777	null
"GO:0009987"	"cellular process"	-34.98716277529483	7.481258236372406	74.54733381080298	1	-0	null
"GO:0010038"	"response to metal ion"	-24.300162274132756	5.011895936734436	0.25296801014038034	0.8802011364216027	0.56340637	null
"GO:0010469"	"regulation of signaling receptor activity"	-10.7594507517174	4.335176972770027	0.05325137093666934	0.7945343361409973	0.67350407	null
"GO:0010517"	"regulation of phospholipase activity"	-16.661543506395397	3.501333178645566	0.007804950184431637	0.8646227306824315	0.58309448	null
"GO:0010518"	"positive regulation of phospholipase activity"	-15.522878745280337	3.0729847446279304	0.0029093191794380938	0.8696791237587882	0.9128453	10517
"GO:0032429"	"regulation of phospholipase A2 activity"	-4.443697499232712	3.1398790864012365	0.003394205709344443	0.8704495300325336	0.9199705	10517
"GO:0032430"	"positive regulation of phospholipase A2 activity"	-3.1791420105603	2.1702617153949575	0.00036181888272199643	0.8823875325337716	0.82630357	10517
"GO:0060193"	"positive regulation of lipase activity"	-14.267606240177031	3.3126004392612596	0.005053157593389515	0.8659633328265728	0.93888915	10517
"GO:0010522"	"regulation of calcium ion transport into cytosol"	-7.4723700991286615	2.60959440922522	0.0009993092951369425	0.8130468049973381	0.56595005	null
"GO:0010524"	"positive regulation of calcium ion transport into cytosol"	-3.4762535331884354	2.385606273598312	0.0005956474123722663	0.7752410715300075	0.63980861	null
"GO:0010543"	"regulation of platelet activation"	-5.277366077466188	3.5757649805367193	0.009264532480038059	0.8029986886890161	0.59740854	null
"GO:0010573"	"vascular endothelial growth factor production"	-5.060480747381382	2.571708831808688	0.0009156232950515827	0.9203381989652651	0.39887707	null
"GO:0010631"	"epithelial cell migration"	-4.238824186844268	3.344981413927258	0.005444512711435756	0.9300370049073243	0.62596839	null
"GO:0010646"	"regulation of cell communication"	-29.671620396561263	5.899918945937375	1.9547548194644382	0.8400050629001791	0.24696378	null
"GO:0010647"	"positive regulation of cell communication"	-29.109578981199085	5.4174351544632025	0.643587183656459	0.7594828956934091	0.59082699	null
"GO:0009966"	"regulation of signal transduction"	-14.54515513999149	5.841146025478373	1.7073371602120722	0.777122953716174	0.88667309	10647
"GO:0009967"	"positive regulation of signal transduction"	-24.67571754470231	5.367374559874197	0.573517388055576	0.7325042017696136	0.94159965	10647
"GO:0009968"	"negative regulation of signal transduction"	-4.355561410532162	5.411111047994698	0.6342832695293219	0.7707667046829711	0.82554566	10647
"GO:0010648"	"negative regulation of cell communication"	-8.806875401645538	5.421641761483437	0.6498513268981425	0.802135095020176	0.79808507	10647
"GO:0023057"	"negative regulation of signaling"	-8.73754891026957	5.422364920152503	0.6509343221933648	0.8075288147190598	0.79751295	10647
"GO:0032147"	"activation of protein kinase activity"	-13.412289034981088	4.098366796439331	0.0308678272667793	0.7668738525166685	0.87493248	10647
"GO:0043406"	"positive regulation of MAP kinase activity"	-17.09420411963213	4.0463000196529695	0.02738009014557475	0.728530560137973	0.82155787	10647
"GO:0043408"	"regulation of MAPK cascade"	-22.62342304294349	5.083459618247788	0.2982839791866026	0.8021736806790699	0.8114668	10647
"GO:0043410"	"positive regulation of MAPK cascade"	-25.614393726401687	4.796851749049887	0.15417668703961315	0.7538790664257016	0.85775878	10647
"GO:0051897"	"positive regulation of phosphatidylinositol 3-kinase/protein kinase B signal transduction"	-17.899629454882437	3.9812294874200007	0.023569915788747196	0.7806043153594737	0.74138464	10647
"GO:0070374"	"positive regulation of ERK1 and ERK2 cascade"	-17.411168274405792	4.3364797469579965	0.053411358878009005	0.7694544106693034	0.78794804	10647
"GO:0071902"	"positive regulation of protein serine/threonine kinase activity"	-14.53313237964589	4.290479813330673	0.04804314810782754	0.7606854887502683	0.86831147	10647
"GO:1902531"	"regulation of intracellular signal transduction"	-19.72584215073632	5.597205780630544	0.9735955409342439	0.785758307420867	0.7972863	10647
"GO:1902532"	"negative regulation of intracellular signal transduction"	-4.049635145623877	5.062634622793394	0.2843182625841223	0.7822079572949953	0.91610997	10647
"GO:1902533"	"positive regulation of intracellular signal transduction"	-29.172630726946174	5.224481265303632	0.412717200244501	0.7377772349782845	0.73234176	10647
"GO:0010712"	"regulation of collagen metabolic process"	-3.050609993355087	2.993876914941211	0.002424432649531745	0.88988142363846	0.17805325	null
"GO:0010715"	"regulation of extracellular matrix disassembly"	-4.546681659952962	2.8965262174895554	0.001937084766681709	0.8935072748204387	0.12791511	null
"GO:0010743"	"regulation of macrophage derived foam cell differentiation"	-3.769551078621726	2.926856708949692	0.002077381884471871	0.8702460115270712	0.36112573	null
"GO:0010817"	"regulation of hormone levels"	-54.356547323513816	5.059059541001648	0.28198736134645064	0.8283520254504583	0.59376874	null
"GO:0010883"	"regulation of lipid storage"	-5.464705879957229	3.95288926491093	0.02208079725781653	0.8316619643918359	0.69690197	null
"GO:0010888"	"negative regulation of lipid storage"	-5.3325470471100465	3.5548524343720547	0.00882887300900545	0.8220885683999913	0.65221065	null
"GO:0010887"	"negative regulation of cholesterol storage"	-3.815308569182401	3.392169149489736	0.006069696359132267	0.8256433331647046	0.95586844	10888
"GO:0032368"	"regulation of lipid transport"	-4.860120913598763	3.8025684983139563	0.015619745780638024	0.8295488041391477	0.87717712	10888
"GO:0032370"	"positive regulation of lipid transport"	-3.0589857562944305	3.598133645813238	0.00975434171583178	0.7836712511044357	0.88203509	10888
"GO:1905953"	"negative regulation of lipid localization"	-3.7423214251308154	3.6555225962534177	0.01113269936429653	0.8199575105587835	0.88855993	10888
"GO:1905954"	"positive regulation of lipid localization"	-3.4100503986742923	3.956072336995183	0.022243246552099874	0.7808427094425554	0.92436829	10888
"GO:0014061"	"regulation of norepinephrine secretion"	-4.546681659952962	2.278753600952829	0.0004651957063568525	0.8510721236448614	0.68784968	null
"GO:0014062"	"regulation of serotonin secretion"	-5.581698708680254	2.509202522331103	0.0007925556478672304	0.8447211533816554	0.5580968	null
"GO:0014063"	"negative regulation of serotonin secretion"	-3.9746941347352296	2.4471580313422194	0.0006867174712886871	0.8301071674276024	0.5533487	null
"GO:0014070"	"response to organic cyclic compound"	-54.9100948885606	4.89256205278148	0.19218982190191597	0.8824835645992061	0.54928328	null
"GO:0014075"	"response to amine"	-14.812479279163536	2.9380190974762104	0.002131531649232986	0.8996773115034844	0.48864008	null
"GO:0014812"	"muscle cell migration"	-4.180456064458132	3.4490153163477864	0.006918863124704299	0.9866049511273621	0.63602799	null
"GO:0014823"	"response to activity"	-4.115204636051019	3.28668096935493	0.004760256593090756	0.9377594133752448	0.2251388	null
"GO:0014909"	"smooth muscle cell migration"	-5.131355561605174	3.074816440645175	0.002921625944156529	0.9872162575100785	0.60126688	null
"GO:0015698"	"inorganic anion transport"	-10.593459819566045	5.557585391933979	0.8887059392594212	0.9681054221363612	0.35534259	null
"GO:0015711"	"organic anion transport"	-25.3585258894959	5.735843121663261	1.3397267140135802	0.966849903668188	0.37525419	null
"GO:0015721"	"bile acid and bile salt transport"	-6.133712660915805	3.7729814503449637	0.014590900250176835	0.9642424785945194	0.68413531	null
"GO:0015842"	"aminergic neurotransmitter loading into synaptic vesicle"	-4.649751981665837	3.2826221128780624	0.004715952240104389	0.9655502823479751	0.69513558	null
"GO:0015844"	"monoamine transport"	-4.72584215073632	3.8949249773595436	0.01932162060794335	0.9731869469362716	0.36509008	null
"GO:0015849"	"organic acid transport"	-18.131355561605176	5.657785122793393	1.1193297873770105	0.9674121369662603	0.36626697	null
"GO:0015850"	"organic hydroxy compound transport"	-9.448550002027124	4.949960558155334	0.2193459289296152	0.971731982962898	0.30091563	null
"GO:0015865"	"purine nucleotide transport"	-3.4485500020271247	4.503695372869997	0.07849746808006743	0.9704721259256421	0.40182555	null
"GO:0015949"	"nucleobase-containing small molecule interconversion"	-7.261219441515631	4.136213065513025	0.033678692328469914	0.9332640595565872	0.28547623	null
"GO:0016048"	"detection of temperature stimulus"	-3.7594507517174	2.888179493918325	0.0019001644725264032	0.9210834373858091	0.68406894	null
"GO:0016098"	"monoterpenoid metabolic process"	-6.978810700930062	2.0791812460476247	0.00029290100029875904	0.9615277492676366	0.5528391	null
"GO:0016115"	"terpenoid catabolic process"	-4.542118103266008	3.4112829130173843	0.006342906535881529	0.9380500097626928	0.6634224	null
"GO:0016192"	"vesicle-mediated transport"	-6.42021640338319	6.022337625916402	2.591260690701909	0.957339270161238	0.41239391	null
"GO:0016477"	"cell migration"	-10.638272163982407	5.292579456000397	0.48278207313949656	0.9835338534092238	-0	null
"GO:0001667"	"ameboidal-type cell migration"	-3.844663962534938	4.480466878908958	0.07440916084060323	0.9845824713098535	0.7565361	16477
"GO:0030595"	"leukocyte chemotaxis"	-8.145693958198919	4.0851478121269045	0.029942358559952968	0.8436918609591607	0.70532186	16477
"GO:0050900"	"leukocyte migration"	-10.899629454882437	4.323396497131876	0.05182624758227454	0.9566950893750669	0.73532215	16477
"GO:0071621"	"granulocyte chemotaxis"	-3.0969100130080562	3.9342964068194055	0.0211553285509902	0.8468066689662506	0.91236824	16477
"GO:0097529"	"myeloid leukocyte migration"	-5.591760034688151	4.067033639842262	0.028719066146940506	0.9572706671575094	0.92951021	16477
"GO:0097531"	"mast cell migration"	-3.5228787452803374	2.278753600952829	0.0004651957063568525	0.9656709362976446	0.74158051	16477
"GO:0016485"	"protein processing"	-4.200659450546418	5.300927924466898	0.49215244379611317	0.9512600593690315	0.4845795	null
"GO:0016999"	"antibiotic metabolic process"	-12.43297363384094	4.860840897869223	0.1786523807116372	0.9854960758808297	0.04363066	null
"GO:0017001"	"antibiotic catabolic process"	-6.2403321553103694	4.355930187078868	0.05585794370403393	0.9667226545850589	0.03925763	null
"GO:0017000"	"antibiotic biosynthetic process"	-3.092588639225414	4.696958914626985	0.12249661330141713	0.9748433608569012	0.88991885	17001
"GO:0017014"	"protein nitrosylation"	-5.060480747381382	2.403120521175818	0.0006202609418091367	0.9827450642584651	0.22910707	null
"GO:0018108"	"peptidyl-tyrosine phosphorylation"	-28.33161408331	3.9444826721501687	0.02165744455150236	0.9553651921911611	0.44726651	null
"GO:0038083"	"peptidyl-tyrosine autophosphorylation"	-8.297569463554474	3.04688519083771	0.0027394858263236873	0.9608086052335632	0.84060866	18108
"GO:0018119"	"peptidyl-cysteine S-nitrosylation"	-5.060480747381382	2.3710678622717363	0.0005759565888227698	0.9823080598664282	0.36627107	null
"GO:0018193"	"peptidyl-amino acid modification"	-7.804100347590766	5.977677887673994	2.338036699855386	0.968796263274873	0.6496435	null
"GO:0018212"	"peptidyl-tyrosine modification"	-28.33161408331	4.14992695911359	0.03475922627074853	0.9773848012080273	0.05497365	null
"GO:0019216"	"regulation of lipid metabolic process"	-21.525783735923746	4.630366845751405	0.10508254122483125	0.8616823922513067	0.17724627	null
"GO:0019221"	"cytokine-mediated signaling pathway"	-15.30715308072277	4.96721557632752	0.22823633576221283	0.7434778024935711	0.55803424	null
"GO:0034097"	"response to cytokine"	-12.101274818410506	5.073168262265102	0.29129865953241874	0.8757970512354878	0.97649614	19221
"GO:0035723"	"interleukin-15-mediated signaling pathway"	-3.9244530386074694	3.1911714557285586	0.003820019768602303	0.7983081645915615	0.72587908	19221
"GO:0070555"	"response to interleukin-1"	-5.735182176990463	3.765221366304981	0.014332458191089695	0.8975924368174385	0.77969479	19221
"GO:0071345"	"cellular response to cytokine stimulus"	-5.866461091629782	5.039711479325997	0.2697002874515649	0.8764705577310218	0.99036406	19221
"GO:0019222"	"regulation of metabolic process"	-5.075204004202088	6.806314448734751	15.757534779778567	0.8140066230134627	0.57915128	null
"GO:0019233"	"sensory perception of pain"	-11.101823516502323	3.619823500457278	0.010253996363400252	0.9297649439381	0.4693317	null
"GO:0019369"	"arachidonate metabolic process"	-12.896196279044043	4.277861238225117	0.04666725181230648	0.9096750566511422	0.546046	null
"GO:0006636"	"unsaturated fatty acid biosynthetic process"	-3.4424927980943423	4.3333868116595315	0.05303231052468119	0.9086043930156119	0.8990754	19369
"GO:0006691"	"leukotriene metabolic process"	-5.767003889607846	3.771440486639912	0.014539211838359408	0.9360551847131072	0.84822666	19369
"GO:0006692"	"prostanoid metabolic process"	-7.533132379645891	4.018783688874697	0.025698986085036495	0.9167924567589686	0.87854424	19369
"GO:0006693"	"prostaglandin metabolic process"	-7.533132379645891	4.017325554561722	0.02561283873200745	0.9166415076196167	0.87835917	19369
"GO:0019370"	"leukotriene biosynthetic process"	-3.5128616245228135	3.5857990090130007	0.009481131539082518	0.9316203242938337	0.82681021	19369
"GO:0019371"	"cyclooxygenase pathway"	-5.730487055782084	3.204933522354145	0.003943087415786655	0.9174187836692442	0.89777224	19369
"GO:0019373"	"epoxygenase P450 pathway"	-8.876148359032914	3.5090680450171616	0.007945247302221799	0.9192921470882144	0.81827018	19369
"GO:0042448"	"progesterone metabolic process"	-6.142667503568732	3.6426623314420357	0.010807800775729839	0.7866197367466299	0.80427678	19369
"GO:0042759"	"long-chain fatty acid biosynthetic process"	-8.838631997765026	4.134017645675983	0.03350885897535551	0.9126832262260881	0.79232883	19369
"GO:0046456"	"icosanoid biosynthetic process"	-7	4.015946243657567	0.02553161408486578	0.9272447402410855	0.87818418	19369
"GO:0019646"	"aerobic electron transport chain"	-6.647817481888637	5.05577192349387	0.27986075240310504	0.9635753477863485	0.67847407	null
"GO:0006123"	"mitochondrial electron transport, cytochrome c to oxygen"	-6.647817481888637	4.386070702406175	0.05987241035518751	0.9677160270219838	0.79508041	19646
"GO:0009060"	"aerobic respiration"	-5.958607314841775	5.6422408851035115	1.0799752151603983	0.959273743613313	0.81774324	19646
"GO:0015980"	"energy derivation by oxidation of organic compounds"	-3.9746941347352296	5.789754113326154	1.5167964447824265	0.9585237391714251	0.83230707	19646
"GO:0022904"	"respiratory electron transport chain"	-3.0888423912600236	5.426678765880336	0.6574322939646986	0.9608779407609445	0.89085187	19646
"GO:0045333"	"cellular respiration"	-6.277366077466188	5.735782478045267	1.3395396511898598	0.9585185968850879	0.93315281	19646
"GO:0019692"	"deoxyribose phosphate metabolic process"	-4.306273051076353	4.9379339333457475	0.21335499586468093	0.9348755833350622	0.44900268	null
"GO:0019748"	"secondary metabolic process"	-8.393618634889394	5.412868609276585	0.6368553833554749	0.9837748239404792	0.04968112	null
"GO:0019933"	"cAMP-mediated signaling"	-18.55284196865778	3.9228810912082936	0.020606446844547988	0.8122249809095556	0.31985888	null
"GO:0019934"	"cGMP-mediated signaling"	-4.531652669587842	3.9460590603851236	0.021736207845700344	0.8116410010299631	0.64057296	null
"GO:0020027"	"hemoglobin metabolic process"	-4.443697499232712	3.2533380053261065	0.004408283122143508	0.9819596054766471	0.15012152	null
"GO:0021700"	"developmental maturation"	-4.126679398184601	4.548917376094036	0.0871122033829721	0.9778166257316937	0.59943893	null
"GO:0022407"	"regulation of cell-cell adhesion"	-11.826813731587727	4.600046720062274	0.09799630609995623	0.8602862837361722	0.17605926	null
"GO:0022408"	"negative regulation of cell-cell adhesion"	-4.039053804266168	4.301225384221708	0.04924674969729051	0.8427895674847997	0.90957427	22407
"GO:0022409"	"positive regulation of cell-cell adhesion"	-10.540607512240769	4.383617914519015	0.05953520500190238	0.8034836311536966	0.93109081	22407
"GO:0031295"	"T cell costimulation"	-6.91721462968355	3.8257505813480277	0.016476296605041116	0.7094299325036553	0.90991437	22407
"GO:0034114"	"regulation of heterotypic cell-cell adhesion"	-3.1778319206319825	2.9894498176666917	0.0023998191200948742	0.8861816298095874	0.71763335	22407
"GO:0045785"	"positive regulation of cell adhesion"	-10.744727494896694	4.56748513419138	0.09091745503391227	0.7994111535825638	0.90486228	22407
"GO:0050870"	"positive regulation of T cell activation"	-6.818156412055227	4.292344693840592	0.04824990175509725	0.7109991597663287	0.97407053	22407
"GO:1903037"	"regulation of leukocyte cell-cell adhesion"	-9.97061622231479	4.47745408625333	0.07389473807537263	0.8616966092411814	0.94573697	22407
"GO:1903039"	"positive regulation of leukocyte cell-cell adhesion"	-10.328827157284916	4.30713219065578	0.049921160403860756	0.805151200956638	0.86752894	22407
"GO:1903236"	"regulation of leukocyte tethering or rolling"	-3.3010299956639813	2.6794278966121188	0.001174065354138723	0.845856238709067	0.9551375	22407
"GO:1903238"	"positive regulation of leukocyte tethering or rolling"	-3.5228787452803374	2.4727564493172123	0.000728560471331367	0.8107789065142678	0.93516866	22407
"GO:1904994"	"regulation of leukocyte adhesion to vascular endothelial cell"	-5.5376020021010435	2.9745116927373285	0.0023185944729532016	0.886142080597335	0.71622939	22407
"GO:1904996"	"positive regulation of leukocyte adhesion to vascular endothelial cell"	-6.031517051446065	2.835056101720116	0.0016811040605382557	0.8373127244048193	0.70338026	22407
"GO:0022414"	"reproductive process"	-5.184422251675732	5.62658773183261	1.0417430198861073	1	-0	null
"GO:0022600"	"digestive system process"	-8.029653123769906	3.9660947794461707	0.022762592023217842	0.9258887768155083	0.57397356	null
"GO:0050892"	"intestinal absorption"	-4.018181392829336	3.564192460626198	0.00902085853861304	0.929516351174577	0.91451338	22600
"GO:0098856"	"intestinal lipid absorption"	-4.443697499232712	3.4316853446860116	0.006648114300898724	0.9306472218057581	0.89901249	22600
"GO:0022616"	"DNA strand elongation"	-3.3089185078770313	4.760671226722347	0.1418526928505721	0.9618218369027228	0.42375361	null
"GO:0022900"	"electron transport chain"	-8.73754891026957	5.5178896866418805	0.8110773287684753	0.9609324747563652	0.13578328	null
"GO:0023021"	"termination of signal transduction"	-3.486782399932061	2.110589710299249	0.0003150531767919425	0.8517312141849903	0.43517417	null
"GO:0023051"	"regulation of signaling"	-29.99567862621736	5.9013275229365645	1.9611051100591508	0.8462376817494822	0.2470716	null
"GO:0023052"	"signaling"	-63.50445566245355	6.571894386105714	9.184767415191992	0.8236505616153534	0.35535048	null
"GO:0023056"	"positive regulation of signaling"	-29.247183568811728	5.416911648736081	0.6428118574791976	0.7668608200783686	0.21481721	null
"GO:0030155"	"regulation of cell adhesion"	-10.018181392829337	4.8665944864062345	0.18103497036112626	0.8660411144054483	0.18707289	null
"GO:0030212"	"hyaluronan metabolic process"	-3.2403321553103694	3.997211582832505	0.024453541495530848	0.9668941375189987	0.37672311	null
"GO:0030278"	"regulation of ossification"	-4.216096420727265	3.9177155165594932	0.02036277290312297	0.8043041999961189	0.62877815	null
"GO:0030335"	"positive regulation of cell migration"	-16.489454989793387	4.785621639804695	0.15024098368265756	0.7869109896021446	0.51639305	null
"GO:0002685"	"regulation of leukocyte migration"	-6.414539270491499	4.279552881150386	0.04684939193013932	0.8225919953249006	0.83067747	30335
"GO:0002687"	"positive regulation of leukocyte migration"	-5.161780778092374	4.159867847092567	0.035564088683334195	0.774367767745911	0.88680478	30335
"GO:0002688"	"regulation of leukocyte chemotaxis"	-3.505845405981557	4.007278247334244	0.02502703673140993	0.79571194924996	0.94396115	30335
"GO:0002691"	"regulation of cellular extravasation"	-3.1325325121409486	3.539327063539375	0.00851874253810088	0.8383387818513836	0.74145815	30335
"GO:0010594"	"regulation of endothelial cell migration"	-8.5654310959658	4.068927611682072	0.028844595147068545	0.8650942030002157	0.80317953	30335
"GO:0010595"	"positive regulation of endothelial cell migration"	-10.707743928643524	3.943890048248473	0.021627908316178113	0.8092296728996594	0.85728236	30335
"GO:0010632"	"regulation of epithelial cell migration"	-7.443697499232713	3.6870828446043706	0.011972020718093813	0.7925150068939099	0.75770438	30335
"GO:0010634"	"positive regulation of epithelial cell migration"	-9.943095148663527	3.6184664921990803	0.010221998775132322	0.7565112719776673	0.81633131	30335
"GO:0014910"	"regulation of smooth muscle cell migration"	-4.632644078973981	3.3230457354817013	0.005176225240573868	0.8775731697494024	0.71889251	30335
"GO:0030334"	"regulation of cell migration"	-11.87942606879415	5.046436630136641	0.2739092009852698	0.8451783822209238	0.95769969	30335
"GO:0040017"	"positive regulation of locomotion"	-16.05898575629443	4.836387419326411	0.16887096411342487	0.7936727551685477	0.85052753	30335
"GO:0043535"	"regulation of blood vessel endothelial cell migration"	-3.9829666607012197	3.788380515319563	0.015117629780125865	0.8686046782926196	0.94553834	30335
"GO:0043536"	"positive regulation of blood vessel endothelial cell migration"	-5.130768280269024	3.6178387477170033	0.0102072306574702	0.8169833341369149	0.92447195	30335
"GO:0050921"	"positive regulation of chemotaxis"	-4.441291429466834	4.080590414453501	0.029629766736104717	0.7754258327727908	0.87153284	30335
"GO:0090050"	"positive regulation of cell migration involved in sprouting angiogenesis"	-3.598599459218456	3.3328422669943514	0.005294370181870846	0.8233174124391526	0.89128276	30335
"GO:2000145"	"regulation of cell motility"	-12.158015195409886	5.201752062778252	0.3916726325759767	0.8413892538815849	0.91886089	30335
"GO:2000147"	"positive regulation of cell motility"	-16.576754126063193	4.823161111289468	0.1638054997553169	0.7863615217222839	0.98692132	30335
"GO:2001026"	"regulation of endothelial cell chemotaxis"	-3.598599459218456	3.137986732723532	0.0033794375916823207	0.8390243458931218	0.86992456	30335
"GO:0030500"	"regulation of bone mineralization"	-4.09799710864927	3.787247880331954	0.015078248133026871	0.7969468149907262	0.61642887	null
"GO:0030522"	"intracellular receptor signaling pathway"	-11.459670525209127	4.787814567063023	0.15100154174225688	0.7892261901484401	0.39909037	null
"GO:0030592"	"DNA ADP-ribosylation"	-3.486782399932061	2.2174839442139063	0.00040366188276467634	0.9722895040643827	0.26610766	null
"GO:0030638"	"polyketide metabolic process"	-6.638272163982407	4.410996433516383	0.06340937453526581	0.9853258566121398	0.03969151	null
"GO:0030647"	"aminoglycoside antibiotic metabolic process"	-6.142667503568732	3.685024785105714	0.011915409600389011	0.9624441669188423	0.68401763	null
"GO:0030656"	"regulation of vitamin metabolic process"	-5.730487055782084	3.291812687467119	0.004816867710795558	0.8754017327490452	0.69114008	null
"GO:0030855"	"epithelial cell differentiation"	-6.8326826652518236	4.787467559199322	0.1508809354480162	0.96711987220407	0.63263889	null
"GO:0002066"	"columnar/cuboidal epithelial cell development"	-5.354577730650908	3.2405492482826	0.004280292769071781	0.9718243923075212	0.70650858	30855
"GO:0002068"	"glandular epithelial cell development"	-5.413412695328245	3.0863598306747484	0.0030003892383545145	0.9722309237056403	0.8714605	30855
"GO:0003323"	"type B pancreatic cell development"	-3.092588639225414	2.8756399370041685	0.0018460147077652878	0.9234826923964272	0.94383371	30855
"GO:0031099"	"regeneration"	-7.8996294548824375	4.069038764986071	0.028851979205899606	0.9784300643174006	0.54219829	null
"GO:0031100"	"animal organ regeneration"	-8.844663962534938	2.8920946026904804	0.0019173939431322126	0.9802272536228426	0.43927955	null
"GO:0031279"	"regulation of cyclase activity"	-5.546681659952962	4.232284402080395	0.042017756101681646	0.8540603946933231	0.66086116	null
"GO:0031281"	"positive regulation of cyclase activity"	-5.779891911959945	4.011612729219424	0.02527809473166601	0.8559550803335246	0.63528427	null
"GO:0007190"	"activation of adenylate cyclase activity"	-6.261219441515631	3.8125122842899826	0.015981564663360016	0.859351188386798	0.91298739	31281
"GO:0031401"	"positive regulation of protein modification process"	-19.379863945026244	5.059582349244611	0.28232702805267945	0.7741164330108882	0.59205664	null
"GO:0031622"	"positive regulation of fever generation"	-6.158015195409886	2.2764618041732443	0.00046273435341316556	0.7672794781193123	0.61485509	null
"GO:0002675"	"positive regulation of acute inflammatory response"	-4.442492798094342	2.739572344450092	0.0013488214131405038	0.8145068565406247	0.89259405	31622
"GO:0002678"	"positive regulation of chronic inflammatory response"	-3.486782399932061	2.1583624920952498	0.0003519734709472482	0.8263412614553002	0.72494663	31622
"GO:0031620"	"regulation of fever generation"	-6.638272163982407	2.3729120029701067	0.0005784179417664569	0.7976107922165592	0.88834446	31622
"GO:0031652"	"positive regulation of heat generation"	-4.7594507517174005	2.8603380065709936	0.0017820195312294247	0.7859931620264867	0.94043272	31622
"GO:0031623"	"receptor internalization"	-4.035740369803151	4.202951245040243	0.039273347569470575	0.9610800304635408	0.65211735	null
"GO:0031638"	"zymogen activation"	-4.435333935747911	4.124634624019139	0.03279260526874257	0.9599786824216044	0.58587405	null
"GO:0031639"	"plasminogen activation"	-7.707743928643524	3.253580289562183	0.004410744475087195	0.9647916432940221	0.15012618	null
"GO:0031650"	"regulation of heat generation"	-5.0675262353228465	2.9132839017604186	0.0020133867079360074	0.8266746198044314	0.54473424	null
"GO:0031667"	"response to nutrient levels"	-26.903089986991944	5.293537121475543	0.48384783896411304	0.9159880253184223	0.34787873	null
"GO:0032094"	"response to food"	-3.9318141382538383	2.937517892017347	0.002129070296289299	0.9062810907747613	0.5928506	null
"GO:0032098"	"regulation of appetite"	-3.4485500020271247	3.456366033129043	0.007037008066001277	0.8080217385149993	0.63528497	null
"GO:0032101"	"regulation of response to external stimulus"	-29.040958607678906	5.1257544437096305	0.3287949102765473	0.819862701354081	0.19918791	null
"GO:0009893"	"positive regulation of metabolic process"	-7.978810700930062	6.06847677870949	2.881710183468756	0.7528542759362222	0.87053528	32101
"GO:0010604"	"positive regulation of macromolecule metabolic process"	-4.363512103646634	6.036854366586578	2.6793402057917506	0.7492937390989687	0.93347054	32101
"GO:0031325"	"positive regulation of cellular metabolic process"	-6.939302159646388	5.9756385661812965	2.327083679255978	0.7455883685293266	0.84419067	32101
"GO:0048522"	"positive regulation of cellular process"	-11.315154638355587	6.174251169289501	3.6764170538087693	0.7530653343221171	0.73946298	32101
"GO:0048584"	"positive regulation of response to stimulus"	-23.705533773838408	5.541162220926623	0.8557262711669584	0.7495790800177023	0.70541642	32101
"GO:0048585"	"negative regulation of response to stimulus"	-11.10790539730952	5.495058433016688	0.7695395364908127	0.7874007223890456	0.76771907	32101
"GO:0080134"	"regulation of response to stress"	-14.40340290437354	5.2680839618417785	0.45630529952425497	0.8156389468148942	0.72819158	32101
"GO:0032148"	"activation of protein kinase B activity"	-3.6516951369518393	2.9459607035775686	0.0021709132963319785	0.7978749620988089	0.69352205	null
"GO:0032201"	"telomere maintenance via semi-conservative replication"	-3.7328282715969863	2.1903316981702914	0.0003790483533278058	0.9684142572801491	0.45676604	null
"GO:0032225"	"regulation of synaptic transmission, dopaminergic"	-3.5128616245228135	2.2695129442179165	0.0004553502945821044	0.8829289899227163	0.44441431	null
"GO:0032501"	"multicellular organismal process"	-66.05305672930217	6.163132142633867	3.5834862120669206	1	-0	null
"GO:0032502"	"developmental process"	-17.866461091629784	6.192100572841233	3.830665120083749	1	-0	null
"GO:0032768"	"regulation of monooxygenase activity"	-10.539102157243452	3.2013971243204513	0.003911089827518723	0.8695677661318922	0.55622819	null
"GO:0032770"	"positive regulation of monooxygenase activity"	-5.94692155651658	3.0515383905153275	0.002769022061647932	0.8695714344301511	0.96589706	32768
"GO:0050999"	"regulation of nitric-oxide synthase activity"	-7.655607726314889	3.040602340114073	0.0027001041792246946	0.8714280551537481	0.84070032	32768
"GO:0051000"	"positive regulation of nitric-oxide synthase activity"	-4.180456064458132	2.848189116991399	0.0017327924723556838	0.8726180556610768	0.94482098	32768
"GO:0051353"	"positive regulation of oxidoreductase activity"	-8.320572103387882	3.747489492258673	0.013758962955210613	0.8584586495337563	0.91260009	32768
"GO:0060558"	"regulation of calcidiol 1-monooxygenase activity"	-6.158015195409886	2.4653828514484184	0.0007162537066129317	0.8796643175058919	0.9075011	32768
"GO:0060559"	"positive regulation of calcidiol 1-monooxygenase activity"	-3.486782399932061	2.089905111439398	0.0003002850591298202	0.8829465779519583	0.87354918	32768
"GO:0032787"	"monocarboxylic acid metabolic process"	-24.059981844992336	6.126984864672973	3.2972997825985404	0.9075747333587559	0.06054181	null
"GO:0032847"	"regulation of cellular pH reduction"	-3.1791420105603	2.287801729930226	0.0004750411181316008	0.8610085014079247	0.49509607	null
"GO:0032879"	"regulation of localization"	-52	5.565863160327171	0.9058074195121588	0.8554224949990864	0.2238009	null
"GO:0032890"	"regulation of organic acid transport"	-6.515700160653214	3.4690852991231202	0.007246223066214677	0.838671507459371	0.64332006	null
"GO:0032940"	"secretion by cell"	-15.835647144215564	5.476002229822549	0.7365032572806451	0.9551415105395277	0.34691779	null
"GO:0006887"	"exocytosis"	-13.642065152999546	5.152985103063503	0.35007084512177816	0.9552391256111331	0.91001822	32940
"GO:0032309"	"icosanoid secretion"	-9.049148541111453	4.17032039987338	0.036430484919512035	0.9608723783970066	0.74950685	32940
"GO:0045055"	"regulated exocytosis"	-16.899629454882437	4.672301097151566	0.11573527676510881	0.958544251372776	0.82372787	32940
"GO:0050482"	"arachidonate secretion"	-7.534617148551582	4.1640255242878395	0.03590621674250669	0.9586118997327434	0.98334249	32940
"GO:0071716"	"leukotriene transport"	-3.1791420105603	2.3891660843645326	0.0006005701182596404	0.9730191206573987	0.78160833	32940
"GO:0140115"	"export across plasma membrane"	-9.12842706445412	4.80455511972865	0.15693586368948637	0.9608652547473819	0.82245674	32940
"GO:1903963"	"arachidonate transport"	-7.534617148551582	4.1640255242878395	0.03590621674250669	0.963356417092643	0.98334249	32940
"GO:0032965"	"regulation of collagen biosynthetic process"	-3.540607512240769	2.905256048748451	0.0019764664137807016	0.8901298892954959	0.15050121	null
"GO:0033013"	"tetrapyrrole metabolic process"	-10.193820026016112	5.448144929117498	0.6907442447045591	0.9836501177878582	0.05012532	null
"GO:0033031"	"positive regulation of neutrophil apoptotic process"	-4.649751981665837	2.9206450014067875	0.0020478456491476262	0.8060083808847902	0.65248624	null
"GO:0033029"	"regulation of neutrophil apoptotic process"	-5.060480747381382	2.960946195733831	0.0022472152375862774	0.8496605183609568	0.94616657	33031
"GO:0070244"	"negative regulation of thymocyte apoptotic process"	-3.5228787452803374	2.5921767573958667	0.0009599276480379497	0.8723643675389352	0.80367583	33031
"GO:2000108"	"positive regulation of leukocyte apoptotic process"	-3.7328282715969863	3.4127964287165433	0.006365058712374712	0.8235131478880321	0.87798967	33031
"GO:0033032"	"regulation of myeloid cell apoptotic process"	-3.1778319206319825	3.1917303933628562	0.0038249424744896763	0.882616366298371	0.6788126	null
"GO:0033076"	"isoquinoline alkaloid metabolic process"	-3.486782399932061	2.9903388547876015	0.0024047418259822485	0.9884047787031942	0.03088338	null
"GO:0009822"	"alkaloid catabolic process"	-3.486782399932061	1.6901960800285136	0.00011814494129697842	0.9767826364177075	0.70848854	33076
"GO:0033189"	"response to vitamin A"	-7.217527375833714	2.1492191126553797	0.0003445894121161871	0.9045477332599661	0.63719157	null
"GO:0033197"	"response to vitamin E"	-3.3010299956639813	1.6901960800285136	0.00011814494129697842	0.8994113248076668	0.74853695	33189
"GO:0033280"	"response to vitamin D"	-3.05453141486818	2.780317312140151	0.0014817344720996044	0.8845201154378927	0.8472411	33189
"GO:0051593"	"response to folic acid"	-3.5391021572434522	2.376576957056512	0.000583340647653831	0.8880015548766963	0.79706706	33189
"GO:0033238"	"regulation of amine metabolic process"	-4.910094888560602	4.055416559840489	0.027960969440284898	0.8738131098327263	0.20700068	null
"GO:0033273"	"response to vitamin"	-13.954677021213342	3.345765693114488	0.005454358123210505	0.9003735386749437	0.62574025	null
"GO:0031670"	"cellular response to nutrient"	-4.244887733604929	4.264723400902	0.0452765873991233	0.8736581713602649	0.81464236	33273
"GO:0033554"	"cellular response to stress"	-4.723538195826756	6.254747656865193	4.425081855984172	0.8765021752001839	0.66772524	null
"GO:0033555"	"multicellular organismal response to stress"	-10.896196279044043	3.5390760987927767	0.008513819832213507	0.8797491383619175	0.46303549	null
"GO:0033559"	"unsaturated fatty acid metabolic process"	-14.323306390375134	4.6358254182207554	0.10641167181442227	0.913031653212946	0.47367515	null
"GO:0033627"	"cell adhesion mediated by integrin"	-3.1778319206319825	4.308329596317398	0.05005899616870724	0.9919759139126915	0.55836529	null
"GO:0033865"	"nucleoside bisphosphate metabolic process"	-3.869666231504994	4.37737911315744	0.05868603823633035	0.9185455377423852	0.37228755	null
"GO:0033993"	"response to lipid"	-56.06449273417529	5.0331462008952395	0.26565382321214337	0.8797851586018447	0.56599786	null
"GO:0034032"	"purine nucleoside bisphosphate metabolic process"	-3.869666231504994	4.37737911315744	0.05868603823633035	0.9153572646945349	0.53105591	null
"GO:0033875"	"ribonucleoside bisphosphate metabolic process"	-3.869666231504994	4.37737911315744	0.05868603823633035	0.9178021593854219	0.99941314	34032
"GO:0034103"	"regulation of tissue remodeling"	-8.97469413473523	3.881213416255019	0.018721050489683706	0.8052185444608405	0.62527356	null
"GO:0034109"	"homotypic cell-cell adhesion"	-3.9829666607012197	3.862429556106009	0.017928494841816477	0.9922639312802152	0.0107112	null
"GO:0034116"	"positive regulation of heterotypic cell-cell adhesion"	-3.5128616245228135	2.7795964912578244	0.0014792731191559175	0.8391646783508905	0.69839603	null
"GO:0034220"	"monoatomic ion transmembrane transport"	-80.6458915608526	6.242153421106761	4.298600312266925	0.9442656101938172	0.44628349	null
"GO:0006812"	"monoatomic cation transport"	-65.02918838912748	6.218204275344302	4.067971541443448	0.9539853225375184	0.90224319	34220
"GO:0006813"	"potassium ion transport"	-29.329754146925875	5.424811425456997	0.6546115834912332	0.959568368332172	0.7006388	34220
"GO:0006814"	"sodium ion transport"	-18.581698708680253	5.397333310001031	0.6144767623914722	0.9597948941314014	0.70594866	34220
"GO:0030001"	"metal ion transport"	-63.09044397075883	6.016606351619008	2.557289097373141	0.9553819645351465	0.84077071	34220
"GO:0098655"	"monoatomic cation transmembrane transport"	-57.287350298372786	6.165101516833915	3.5997729844952984	0.9444116053296795	0.8851952	34220
"GO:0034310"	"primary alcohol catabolic process"	-4.323306390375134	3.593728998707911	0.0096558875980843	0.9259799994441423	0.5871747	null
"GO:0034404"	"nucleobase-containing small molecule biosynthetic process"	-11.265200170411154	5.020593286421175	0.2580851629103057	0.9149085479994069	0.62679412	null
"GO:0034405"	"response to fluid shear stress"	-3.2403321553103694	2.9872192299080047	0.0023875123553764393	0.9340402061268919	0.22054629	null
"GO:0034654"	"nucleobase-containing compound biosynthetic process"	-9.61798295742513	6.617847437707689	10.209893841355267	0.9379289932344423	0.48073147	null
"GO:0034776"	"response to histamine"	-9.498940737782249	2.494154594018443	0.0007654807654866728	0.8973721444425478	0.68216463	null
"GO:0035094"	"response to nicotine"	-15.436518914605589	3.5363058723510337	0.008459670067452392	0.9033276024204608	0.42748508	null
"GO:0035095"	"behavioral response to nicotine"	-5.812479279163537	2.515873843711679	0.0008048624125856654	0.8628223021417231	0.68945513	null
"GO:0048149"	"behavioral response to ethanol"	-4.542118103266008	2.798650645445269	0.0015457296486354678	0.8477915564285619	0.73580314	35095
"GO:0071316"	"cellular response to nicotine"	-5.131355561605174	2.376576957056512	0.000583340647653831	0.9045688739085213	0.78856732	35095
"GO:0035150"	"regulation of tube size"	-29.046723663332696	4.484925911049592	0.07517710295903358	0.8391815845704969	0.53217594	null
"GO:0006884"	"cell volume homeostasis"	-5.016824927962187	4.128205343962674	0.033063354092548146	0.8224299386448345	0.72792025	35150
"GO:0008361"	"regulation of cell size"	-4.954677021213342	4.624374927964111	0.10364264975277432	0.8289097378453483	0.78705019	35150
"GO:0035235"	"ionotropic glutamate receptor signaling pathway"	-14.562249437179611	4.110589710299249	0.03174899162061927	0.8043710183576964	0.56291759	null
"GO:0035306"	"positive regulation of dephosphorylation"	-4.823908740944319	2.5877109650189114	0.0009500822362632016	0.8308163580212362	0.66045298	null
"GO:0035443"	"tripeptide transmembrane transport"	-5.812479279163537	3.6188844849954505	0.010231844186907068	0.9648185012492738	0.35055649	null
"GO:0034635"	"glutathione transport"	-3.9746941347352296	3.63002085111341	0.01049767030482527	0.9649848202903629	0.90784946	35443
"GO:0034775"	"glutathione transmembrane transport"	-4.649751981665837	3.617210094557434	0.010192462539808078	0.9586626098624085	0.90639202	35443
"GO:0035672"	"oligopeptide transmembrane transport"	-5.131355561605174	4.822004534089525	0.16336984028428428	0.9582373361772306	0.79836225	35443
"GO:0042939"	"tripeptide transport"	-5.060480747381382	3.9906939606797516	0.024089261259865165	0.9703194461507121	0.84471454	35443
"GO:0035461"	"vitamin transmembrane transport"	-3.171984935776023	4.600384730622488	0.09807260804121053	0.9656144295985343	0.27654621	null
"GO:0035556"	"intracellular signal transduction"	-23.071092309756047	6.25082994866753	4.385343312708344	0.7296140166567547	0.52901498	null
"GO:0007165"	"signal transduction"	-38.43651891460559	6.555859777363872	8.851839893322994	0.7125645607289529	0.78117509	35556
"GO:0035722"	"interleukin-12-mediated signaling pathway"	-4.435333935747911	2.519827993775719	0.0008122464714167266	0.8133541159329595	0.66275575	null
"GO:0035813"	"regulation of renal sodium excretion"	-6.031517051446065	2.1335389083702174	0.0003322826473977518	0.7845717467658418	0.53049157	null
"GO:0035815"	"positive regulation of renal sodium excretion"	-5.0675262353228465	1.9731278535996986	0.00022890582376289568	0.755395131557048	0.92100231	35813
"GO:0035821"	"modulation of process of another organism"	-3.033389013318066	4.477251523524889	0.07386027913416102	0.9887090504164378	0.62293832	null
"GO:0035864"	"response to potassium ion"	-3.709965388637482	2.6910814921229687	0.0012060629424066548	0.9093104267660396	0.65391223	null
"GO:0035865"	"cellular response to potassium ion"	-4.443697499232712	2.5563025007672873	0.0008836257067836512	0.8997487198076276	0.64294833	null
"GO:0035902"	"response to immobilization stress"	-7.617982957425132	2.2329961103921536	0.00041843000042679864	0.9396527835397043	0.18988874	null
"GO:0036270"	"response to diuretic"	-6.605548319173784	4.74170298395774	0.13579084205394779	0.8852449338152897	0.53241151	null
"GO:0038003"	"G protein-coupled opioid receptor signaling pathway"	-3.815308569182401	3.4599952560473914	0.0070960805366497666	0.8210301342967605	0.48300083	null
"GO:0038093"	"Fc receptor signaling pathway"	-7.116338564846382	3.2826221128780624	0.004715952240104389	0.7645887322842865	0.67789881	null
"GO:0038095"	"Fc-epsilon receptor signaling pathway"	-3.5214335044061564	2.9459607035775686	0.0021709132963319785	0.7737366508411002	0.64595848	null
"GO:0038110"	"interleukin-2-mediated signaling pathway"	-7.1700533040583645	2.8494194137968996	0.0017377151782430578	0.806257535044985	0.69233058	null
"GO:0038128"	"ERBB2 signaling pathway"	-3.6516951369518393	3.1528995963937474	0.003497582532979299	0.8259221667171925	0.28285805	null
"GO:0038169"	"somatostatin receptor signaling pathway"	-3.9746941347352296	3.5549734583332397	0.008831334361949137	0.8188674401885354	0.48921076	null
"GO:0038170"	"somatostatin signaling pathway"	-3.9746941347352296	3.5549734583332397	0.008831334361949137	0.7773338190931104	0.665553	null
"GO:0038183"	"bile acid signaling pathway"	-3.9244530386074694	2.499687082618404	0.0007753261772614208	0.8444498860051716	0.25755008	null
"GO:0040007"	"growth"	-3	4.669911651840315	0.11510024770563755	1	-0	null
"GO:0040008"	"regulation of growth"	-7.325138859262188	4.89184397587854	0.19187230737218033	0.8708323694093002	0.18818806	null
"GO:0040011"	"locomotion"	-10.603800652904264	5.307164307090027	0.4992706765092561	1	-0	null
"GO:0040012"	"regulation of locomotion"	-12.39577394691553	5.219450916891037	0.4079643277102412	0.863788335919082	0.20396341	null
"GO:0042045"	"epithelial fluid transport"	-3.5391021572434522	2.741151598851785	0.0013537441190278779	0.9799161442847837	0.19326857	null
"GO:0042053"	"regulation of dopamine metabolic process"	-4.546681659952962	2.6334684555795866	0.0010559204128417446	0.8927592890595948	0.18142916	null
"GO:0042069"	"regulation of catecholamine metabolic process"	-4.546681659952962	2.6464037262230695	0.0010879180011096764	0.8926009033182404	0.71479587	42053
"GO:0042127"	"regulation of cell population proliferation"	-35.730487055782085	5.212677574440172	0.401650957409684	0.858349342546661	0.20361052	null
"GO:0042180"	"cellular ketone metabolic process"	-7.661543506395395	5.316240908445637	0.5098151125200113	0.9301134084521115	0.37472904	null
"GO:0042221"	"response to chemical"	-98.58838029403677	6.242583414694064	4.302858452859503	0.8990689631978975	-0	null
"GO:0042327"	"positive regulation of phosphorylation"	-26.193820026016112	5.104637312986588	0.3131899326135714	0.7643725131497578	0.55147303	null
"GO:0001932"	"regulation of protein phosphorylation"	-17.20342566678957	5.283142863303242	0.4724050091289119	0.8145463067516486	0.92076139	42327
"GO:0001934"	"positive regulation of protein phosphorylation"	-23.1518108830086	4.957070671419109	0.22296657910977885	0.7635429674704912	0.96410001	42327
"GO:0010562"	"positive regulation of phosphorus metabolic process"	-28.05749589383192	5.115397472098318	0.32104657120982044	0.7662706473428407	0.86567408	42327
"GO:0019220"	"regulation of phosphate metabolic process"	-18.30539480106643	5.431119203604928	0.6641887077951196	0.8181774307886929	0.980076	42327
"GO:0033135"	"regulation of peptidyl-serine phosphorylation"	-4.494850021680094	3.9387198147823823	0.02137192761003466	0.8477028117736529	0.72026464	42327
"GO:0033138"	"positive regulation of peptidyl-serine phosphorylation"	-4.818156412055227	3.8258154449852038	0.016478757957984803	0.7979754559004152	0.79062225	42327
"GO:0033674"	"positive regulation of kinase activity"	-25.67366413907125	4.885191540606848	0.1889556041339112	0.7439120358032268	0.95084413	42327
"GO:0042325"	"regulation of phosphorylation"	-17.970616222314792	5.372272972952656	0.5800227438857408	0.8199722660156541	0.94832547	42327
"GO:0042509"	"regulation of tyrosine phosphorylation of STAT protein"	-6.889410289700751	3.829753918924975	0.016628900487549714	0.8485344800322503	0.89924075	42327
"GO:0042531"	"positive regulation of tyrosine phosphorylation of STAT protein"	-7.375717904164332	3.823474229170301	0.01639014925201207	0.7968882582357679	0.89845877	42327
"GO:0043549"	"regulation of kinase activity"	-16.20620961530918	5.236353327548778	0.42415510737381473	0.7936013843911789	0.94657571	42327
"GO:0045859"	"regulation of protein kinase activity"	-12.790484985457368	5.125848715277235	0.3288662895119142	0.7919385096741508	0.9598904	42327
"GO:0045860"	"positive regulation of protein kinase activity"	-18.171984935776024	4.618382845341753	0.1022224491042669	0.7498974410910813	0.90467226	42327
"GO:0045937"	"positive regulation of phosphate metabolic process"	-28.05749589383192	5.115397472098318	0.32104657120982044	0.7642166217476656	0.99464338	42327
"GO:0050730"	"regulation of peptidyl-tyrosine phosphorylation"	-9.3829996588791	4.362463624755212	0.05670464911666227	0.8384999833329146	0.77334284	42327
"GO:0050731"	"positive regulation of peptidyl-tyrosine phosphorylation"	-10.96657624451305	4.171814181051147	0.03655601391964007	0.787408542174745	0.83667034	42327
"GO:0061097"	"regulation of protein tyrosine kinase activity"	-3.5243288116755704	3.9582771255476974	0.02235646878750948	0.8229451116386152	0.91554916	42327
"GO:0061098"	"positive regulation of protein tyrosine kinase activity"	-4.156144577376839	3.3716219271760215	0.005789102123551943	0.7864202921605932	0.84554566	42327
"GO:0042359"	"vitamin D metabolic process"	-6.605548319173784	3.230448921378274	0.0041818386513242985	0.9224028674049787	0.60051579	null
"GO:0042363"	"fat-soluble vitamin catabolic process"	-3.092588639225414	2.6720978579357175	0.0011543745305892267	0.9384041847949048	0.73973847	42359
"GO:0042391"	"regulation of membrane potential"	-60.43651891460559	5.197861985482968	0.3881799727488847	0.8245467609288334	0.20284288	null
"GO:0042430"	"indole-containing compound metabolic process"	-3.05453141486818	5.11236365977682	0.3188116627369526	0.9847615126258955	0.04619396	null
"GO:0042440"	"pigment metabolic process"	-8.730487055782083	5.29161301693988	0.481708923256049	0.9841886623141947	0.04821255	null
"GO:0042445"	"hormone metabolic process"	-26.98296666070122	4.894808795929415	0.19318666984410923	0.8106572584319438	0.57473884	null
"GO:0008207"	"C21-steroid hormone metabolic process"	-10.26680273489343	3.9429995933660407	0.02158360396319175	0.8104155329948495	0.79705976	42445
"GO:0008209"	"androgen metabolic process"	-4.152427340857888	3.5089335260500327	0.007942785949278114	0.82251336075906	0.74627581	42445
"GO:0008210"	"estrogen metabolic process"	-9.809668301829708	3.552911450216509	0.008789491361906458	0.8215286683535309	0.751125	42445
"GO:0009914"	"hormone transport"	-3.812479279163537	4.2159546438691295	0.0404671037471588	0.8177751240557005	0.83268817	42445
"GO:0032350"	"regulation of hormone metabolic process"	-3.9507819773298185	3.2350231594952237	0.0042261430043106655	0.843854221294051	0.71742441	42445
"GO:0042446"	"hormone biosynthetic process"	-9.61798295742513	4.616139291308727	0.10169571957431786	0.809237025333932	0.89108288	42445
"GO:0070327"	"thyroid hormone transport"	-3.5391021572434522	3.1911714557285586	0.003820019768602303	0.840352515617198	0.71301054	42445
"GO:0042447"	"hormone catabolic process"	-3.709965388637482	2.9894498176666917	0.0023998191200948742	0.8381526138741578	0.69338268	null
"GO:0042558"	"pteridine-containing compound metabolic process"	-7.329754146925876	5.286860485522373	0.4764662414859956	0.9842044323923125	0.04815675	null
"GO:0042592"	"homeostatic process"	-67.81247927916354	5.894315508737042	1.9296957851447603	1	-0	null
"GO:0042596"	"fear response"	-7.987162775294828	3.1649473726218416	0.0035960366507267806	0.8837808152329635	0.43593375	null
"GO:0001662"	"behavioral fear response"	-5.732828271596986	3.1000257301078626	0.00309638200315831	0.8754897010668067	0.90905461	42596
"GO:0048265"	"response to pain"	-3.5128616245228135	3.1812717715594614	0.003733872415573256	0.8835507764531505	0.91738537	42596
"GO:0042743"	"hydrogen peroxide metabolic process"	-5.277366077466188	4.890510439603599	0.19128404401863913	0.9689818140522396	0.64593021	null
"GO:0042752"	"regulation of circadian rhythm"	-5.2441251443275085	4.27214341759105	0.04605683628227209	0.8823022197284438	0.16416904	null
"GO:0042908"	"xenobiotic transport"	-11.557520230935552	5.080474962416494	0.29624105624334235	0.9710267959105402	0.31115244	null
"GO:0042981"	"regulation of apoptotic process"	-19.93554201077308	5.3014770887669	0.49277516609086597	0.8417319398709405	0.2083361	null
"GO:0043065"	"positive regulation of apoptotic process"	-6.621602099051862	4.768482704043391	0.14442726802966876	0.7894306481953066	0.88677024	42981
"GO:0043066"	"negative regulation of apoptotic process"	-16.38615817812393	4.969196845946869	0.22927994941033614	0.8268954134974917	0.92274968	42981
"GO:0043068"	"positive regulation of programmed cell death"	-7.405607449624573	4.779762386032165	0.14822759697472157	0.7894895081145066	0.88871764	42981
"GO:0043069"	"negative regulation of programmed cell death"	-16.872895201635192	4.980998152783538	0.2355957810638371	0.8273484948006508	0.92495624	42981
"GO:0043523"	"regulation of neuron apoptotic process"	-5.519993057042849	4.192623200012946	0.03835034021558793	0.8662317428724842	0.79754758	42981
"GO:0043524"	"negative regulation of neuron apoptotic process"	-3.047207556955908	4.026614967934676	0.026166643144337035	0.8490363515621614	0.77506562	42981
"GO:2000106"	"regulation of leukocyte apoptotic process"	-4.386158178123931	3.707995746422929	0.012562745424578707	0.8747059458962806	0.73528236	42981
"GO:2000351"	"regulation of endothelial cell apoptotic process"	-8.393618634889394	3.482158695411276	0.007467744831146512	0.8782948829111291	0.70946755	42981
"GO:2001233"	"regulation of apoptotic signaling pathway"	-3.8827287043442356	4.65901246006286	0.11224753964390426	0.8041903034663825	0.86830465	42981
"GO:2001234"	"negative regulation of apoptotic signaling pathway"	-4.698970004336019	4.4248979631844	0.06547198830207555	0.792826935854031	0.87009853	42981
"GO:2001236"	"regulation of extrinsic apoptotic signaling pathway"	-4.696803942579511	4.189518386126378	0.03807713003883867	0.8164315095152331	0.89243889	42981
"GO:2001237"	"negative regulation of extrinsic apoptotic signaling pathway"	-5.598599459218456	4.019988159591286	0.02577036532040342	0.804046239590257	0.77419444	42981
"GO:0043062"	"extracellular structure organization"	-3.749579997691106	4.974295182354866	0.23198743764839191	0.990122697862622	0.30279959	null
"GO:0043067"	"regulation of programmed cell death"	-21.231361898752386	5.314758085477364	0.5080773973417684	0.8559037067871726	0.20906179	null
"GO:0043090"	"amino acid import"	-3.769551078621726	1.5185139398778875	7.876329419798563E-05	0.9823116175847774	0.16105981	null
"GO:0043094"	"cellular metabolic compound salvage"	-5.277366077466188	5.166163593747834	0.3608564937210148	0.968055325808248	0.12361392	null
"GO:0043097"	"pyrimidine nucleoside salvage"	-4.7594507517174005	0.9030899869919435	1.7229470605809354E-05	0.9366914938116432	0.45528398	null
"GO:0043112"	"receptor metabolic process"	-3.5100415205751654	4.091526272631091	0.03038540208981664	0.9848590537522608	0.09116776	null
"GO:0043252"	"sodium-independent organic anion transport"	-3.5391021572434522	3.966047821076454	0.022760130670274156	0.9690929144683917	0.66034866	null
"GO:0043299"	"leukocyte degranulation"	-12.732828271596986	3.1775364999298623	0.0037018748273053245	0.9384906589234049	0.63612371	null
"GO:0043542"	"endothelial cell migration"	-4.279014255846261	3.73559889969818	0.013387298660713868	0.9860966964125027	0.66548449	null
"GO:0043550"	"regulation of lipid kinase activity"	-5.131355561605174	2.484299839346786	0.0007482512948808633	0.8570693051230303	0.58284149	null
"GO:0043603"	"amide metabolic process"	-7.085656842880559	5.870320784365006	1.8259719107448442	0.9819834804594408	0.06141244	null
"GO:0043627"	"response to estrogen"	-3.598599459218456	3.6615287401319825	0.011287764599748814	0.8918125949417302	0.67717242	null
"GO:0043648"	"dicarboxylic acid metabolic process"	-5.041436116778033	5.692459140583425	1.21236154458955	0.9165195436297806	0.59040613	null
"GO:0044057"	"regulation of system process"	-50.7825160557861	4.786630768031185	0.15059049580066114	0.7796496172792601	0.18362682	null
"GO:0001817"	"regulation of cytokine production"	-14.308918507877031	4.770697404733859	0.14516567391277488	0.7655317228523725	0.72353657	44057
"GO:0050865"	"regulation of cell activation"	-9.367542707815275	4.738931108940746	0.13492644566703674	0.77713851224321	0.71949862	44057
"GO:0051240"	"positive regulation of multicellular organismal process"	-33.23433144524098	5.195669996526704	0.38622565851159724	0.7180177637717716	0.7822692	44057
"GO:0051241"	"negative regulation of multicellular organismal process"	-16.661543506395397	4.98910259929672	0.24003360042130487	0.7544063609310332	0.81374012	44057
"GO:2000026"	"regulation of multicellular organismal development"	-13.630784142589857	5.217912762744763	0.40652197488524067	0.7560787278428971	0.85249753	44057
"GO:0044062"	"regulation of excretion"	-5.548213564475709	2.4899584794248346	0.0007580967066556116	0.7768534662635852	0.55661565	null
"GO:0044070"	"regulation of monoatomic anion transport"	-10.707743928643524	3.2773799746672547	0.004659341122399587	0.838103670961145	0.6242962	null
"GO:0044093"	"positive regulation of molecular function"	-20.93554201077308	5.5038873334560945	0.7853438837422273	0.8240474661165358	0.21997324	null
"GO:0010466"	"negative regulation of peptidase activity"	-3.9546770212133424	4.7998297168509225	0.1552375301583423	0.7934524947182707	0.92491741	44093
"GO:0010951"	"negative regulation of endopeptidase activity"	-3.844663962534938	4.506964789348663	0.079090654139496	0.8020282310417107	0.92837607	44093
"GO:0032409"	"regulation of transporter activity"	-14.387216143280265	4.787184081777398	0.15078248133026873	0.8433957672449488	0.73529882	44093
"GO:0043085"	"positive regulation of catalytic activity"	-16.576754126063193	5.423855097552538	0.6531716920191764	0.8226272294921214	0.86111048	44093
"GO:0043086"	"negative regulation of catalytic activity"	-6.377785977033705	5.126326260094941	0.32922810839463623	0.8322462205153	0.78965888	44093
"GO:0043405"	"regulation of MAP kinase activity"	-15.744727494896694	4.285152078525091	0.04745734610723002	0.8160542970621627	0.77818161	44093
"GO:0044092"	"negative regulation of molecular function"	-8.826813731587725	5.225482447973504	0.41366974383370786	0.8321158301051333	0.80710431	44093
"GO:0045861"	"negative regulation of proteolysis"	-3.6736641390712483	4.860170246649844	0.17837670918194423	0.8205553742250173	0.84357914	44093
"GO:0050790"	"regulation of catalytic activity"	-14.954677021213342	5.6698039099679605	1.150739112291401	0.8188514038900853	0.89578343	44093
"GO:0051090"	"regulation of DNA-binding transcription factor activity"	-6.924453038607469	4.695271483141623	0.12202157218328553	0.8238135728893233	0.72183177	44093
"GO:0051336"	"regulation of hydrolase activity"	-5.384049948343599	5.332151528795684	0.5288389094217687	0.8272699168796305	0.83015705	44093
"GO:0051338"	"regulation of transferase activity"	-14.701146923590294	5.267800413255474	0.45600747581806883	0.8291107387263305	0.8147866	44093
"GO:0051347"	"positive regulation of transferase activity"	-22.485452247339715	4.943301563199376	0.2160083343379756	0.8339355355769347	0.7593624	44093
"GO:0052547"	"regulation of peptidase activity"	-5.087777943467585	4.964316212111059	0.2267176809959579	0.8112984036693197	0.76272235	44093
"GO:0052548"	"regulation of endopeptidase activity"	-5.498940737782249	4.7124223950396535	0.1269368940118286	0.8178697761355563	0.82108488	44093
"GO:0071900"	"regulation of protein serine/threonine kinase activity"	-11.79860287567955	4.946776391042226	0.2177435881632749	0.7973629197031322	0.87482533	44093
"GO:2000116"	"regulation of cysteine-type endopeptidase activity"	-4.450996737974212	4.386017139806847	0.05986502629635645	0.8261702580323274	0.86236836	44093
"GO:0044237"	"cellular metabolic process"	-25.334419008982046	7.206964612305403	39.640441131550894	0.9667092110768557	0.16054973	null
"GO:0044238"	"primary metabolic process"	-15.335358024443874	7.2961789470216925	48.680252087830326	0.97193187268712	0.27679073	null
"GO:0044245"	"polysaccharide digestion"	-3.9746941347352296	0.6989700043360189	9.845411774748203E-06	0.955407599544854	0.66015494	null
"GO:0044248"	"cellular catabolic process"	-9.903089986991944	6.132535999945928	3.339716277877099	0.9369989206833151	0.62640016	null
"GO:0044249"	"cellular biosynthetic process"	-18.35556141053216	6.9786911861886	23.43500411119782	0.9369588064252089	0.31794305	null
"GO:0044255"	"cellular lipid metabolic process"	-18.91364016932525	6.257374462280024	4.451927832540966	0.9302776479032934	0.61672184	null
"GO:0006631"	"fatty acid metabolic process"	-16.534617148551582	5.856685398354459	1.7695330877461002	0.8910177631008392	0.74116763	44255
"GO:0008610"	"lipid biosynthetic process"	-12.714442690992227	6.1509841162172165	3.4846382778484486	0.9362651287752408	0.81881165	44255
"GO:0016042"	"lipid catabolic process"	-13.536107011014092	5.6798029723004975	1.1775407844952093	0.9324517520300218	0.70120399	44255
"GO:0044281"	"small molecule metabolic process"	-69.33913452199613	6.778861392387942	14.792283225323425	0.976758391271424	0.08560987	null
"GO:0044282"	"small molecule catabolic process"	-18.99567862621736	6.05602890327554	2.800286166738645	0.9116611414985394	0.46608114	null
"GO:0044283"	"small molecule biosynthetic process"	-32.607303046740334	6.400638651157823	6.191735160786158	0.9148108589390636	0.6199216	null
"GO:0044419"	"biological process involved in interspecies interaction between organisms"	-4.157390760389438	5.636486893362641	1.0657609019106056	1	-0	null
"GO:0044557"	"relaxation of smooth muscle"	-3.1791420105603	2.3283796034387376	0.0005218068240616547	0.9376020286601614	0.38541032	null
"GO:0044597"	"daunorubicin metabolic process"	-6.638272163982407	2.6875289612146345	0.0011962175306319065	0.9356201593342183	0.65093204	null
"GO:0044598"	"doxorubicin metabolic process"	-6.638272163982407	2.7126497016272113	0.0012675967659988312	0.9219917267924285	0.53910077	null
"GO:1902645"	"tertiary alcohol biosynthetic process"	-3.486782399932061	2.8686444383948255	0.0018164784724410432	0.9384736367439575	0.79565685	44598
"GO:0044703"	"multi-organism reproductive process"	-3.832682665251824	3.7428036584691657	0.01361128177858939	0.9958958415009672	0.50400408	null
"GO:0044706"	"multi-multicellular organism process"	-3.795880017344075	4.024731889655249	0.02605342090892743	0.9373487509590596	0.50367118	null
"GO:0045124"	"regulation of bone resorption"	-8.339134521996131	3.785756799962643	0.015026559721209443	0.8056528194465702	0.61629054	null
"GO:0034105"	"positive regulation of tissue remodeling"	-4.570247719997592	2.103803720955957	0.00031013047090456836	0.802310573195103	0.79878553	45124
"GO:0045780"	"positive regulation of bone resorption"	-3.7594507517174	3.34966598409663	0.005503585182084245	0.7731510919741416	0.92968694	45124
"GO:0046850"	"regulation of bone remodeling"	-7.198596289982645	3.851135995011574	0.017468221841346998	0.8040573126618707	0.98325423	45124
"GO:0046852"	"positive regulation of bone remodeling"	-3.7594507517174	2.8981764834976764	0.00714775929610271	0.7700676216398644	0.94293105	45124
"GO:0045187"	"regulation of circadian sleep/wake cycle, sleep"	-7.542118103266008	2.780317312140151	0.0014817344720996044	0.8271413170031857	0.5352543	null
"GO:0042749"	"regulation of circadian sleep/wake cycle"	-6.393618634889395	2.866877814337499	0.001809094413609982	0.8258821603707099	0.79741654	45187
"GO:0045188"	"regulation of circadian sleep/wake cycle, non-REM sleep"	-5.060480747381382	2.0293837776852097	0.00026090341203082736	0.8404988009801069	0.91089348	45187
"GO:0045938"	"positive regulation of circadian sleep/wake cycle, sleep"	-3.5228787452803374	2.311753861055754	0.0005021160005121583	0.7975083976668507	0.936464	45187
"GO:0048520"	"positive regulation of behavior"	-4.600326278518962	3.2337573629655103	0.004213836239592231	0.7762161916255913	0.8371137	45187
"GO:0045321"	"leukocyte activation"	-16.712198270069774	4.662493398030702	0.1131508561742374	0.8963528539251976	0.56926851	null
"GO:0001774"	"microglial cell activation"	-4.860120913598763	2.9995654882259823	0.0024564302377996765	0.8592007568708764	0.95251715	45321
"GO:0002263"	"cell activation involved in immune response"	-13.363512103646634	4.124960450789545	0.03281721879817945	0.84677836277674	0.87688123	45321
"GO:0002269"	"leukocyte activation involved in inflammatory response"	-4.860120913598763	3.0472748673841794	0.0027419471792673746	0.8605037169081308	0.75097822	45321
"GO:0002274"	"myeloid leukocyte activation"	-13.684029654543082	3.9788193867328423	0.023439464082731783	0.9052393784821517	0.85739338	45321
"GO:0002275"	"myeloid cell activation involved in immune response"	-12.049635145623878	3.75815462196739	0.014101091014383112	0.8521602866048806	0.94672457	45321
"GO:0002283"	"neutrophil activation involved in immune response"	-10.869666231504993	3.079904467666721	0.0029560848853681476	0.863870180682687	0.9318822	45321
"GO:0002366"	"leukocyte activation involved in immune response"	-12.640164517660113	4.102124855734526	0.031136114737641194	0.8463793252702543	0.87377796	45321
"GO:0002443"	"leukocyte mediated immunity"	-4.453457336521869	4.470513392168665	0.0727231340741776	0.9655038195209388	0.88851204	45321
"GO:0036230"	"granulocyte activation"	-10.707743928643524	3.5602653978627146	0.008939633891471368	0.9088212894928378	0.88432195	45321
"GO:0042113"	"B cell activation"	-4.189095719331299	4.131458260106525	0.03331195073986054	0.9032441628593019	0.87776828	45321
"GO:0042116"	"macrophage activation"	-4.0400051616715835	3.651956069533074	0.011041629305380109	0.9077632744770777	0.90666036	45321
"GO:0042119"	"neutrophil activation"	-10.88941028970075	3.4497868469857735	0.006931169889422735	0.9098367510243623	0.79354427	45321
"GO:0043312"	"neutrophil degranulation"	-10.962573502059376	2.303196057420489	0.0004922705887374101	0.8517647651990659	0.85524935	45321
"GO:0045576"	"mast cell activation"	-3.0213630516155257	3.1017470739463664	0.0031086887678767445	0.9137683337149664	0.8375129	45321
"GO:0046649"	"lymphocyte activation"	-5.040958607678906	4.5574109486956225	0.08883268909060935	0.8973665575466256	0.94010902	45321
"GO:0048143"	"astrocyte activation"	-7.217527375833714	2.9111576087399764	0.0020035412961612593	0.859578873524383	0.9432697	45321
"GO:0061900"	"glial cell activation"	-7.347753658996677	3.1908917169221698	0.003817558415658615	0.8699571348286183	0.76563431	45321
"GO:0045429"	"positive regulation of nitric oxide biosynthetic process"	-7.533132379645891	3.5691397254724593	0.009124235362247896	0.8247262795897855	0.41557985	null
"GO:0045428"	"regulation of nitric oxide biosynthetic process"	-6.649751981665837	3.6143698395482886	0.010126006010328526	0.8781222726497232	0.97373699	45429
"GO:1904407"	"positive regulation of nitric oxide metabolic process"	-7.347753658996677	3.5733358400660675	0.00921284406822063	0.826265266066703	0.96828172	45429
"GO:0045471"	"response to ethanol"	-15.521433504406156	3.302330928684399	0.004935012652092536	0.8937537684593077	0.41173026	null
"GO:0097306"	"cellular response to alcohol"	-6.3979400086720375	4.228733908376136	0.04167562804250914	0.8673274328525664	0.82097955	45471
"GO:0045597"	"positive regulation of cell differentiation"	-11.040005161671584	4.882604217705935	0.1878332271915899	0.7689098724928071	0.69749978	null
"GO:0010720"	"positive regulation of cell development"	-6.906578314837765	4.670913484999461	0.11536607382355575	0.7745470129640759	0.87567634	45597
"GO:0014013"	"regulation of gliogenesis"	-5.166215625343521	3.710709565724337	0.01264150871877669	0.7928539786361865	0.72463701	45597
"GO:0014015"	"positive regulation of gliogenesis"	-5.223298816011589	3.3604040547299387	0.00564142094693072	0.7589299940859002	0.71112202	45597
"GO:0050767"	"regulation of neurogenesis"	-3.7594507517174	4.797641413381151	0.15445728127519348	0.7603891375421375	0.93349872	45597
"GO:0050769"	"positive regulation of neurogenesis"	-5.621602099051862	4.47872517886946	0.0741113371344171	0.7224618974005558	0.89686556	45597
"GO:0051962"	"positive regulation of nervous system development"	-4.995678626217358	4.603955885435382	0.09888239315968357	0.7248537116421359	0.86544542	45597
"GO:0060252"	"positive regulation of glial cell proliferation"	-3.5128616245228135	2.7573960287930244	0.001405432530845306	0.7647998075853396	0.85656374	45597
"GO:0060284"	"regulation of cell development"	-5.104025267640935	4.983062194978853	0.23671815800615842	0.8287303322651047	0.89691887	45597
"GO:1905332"	"positive regulation of morphogenesis of an epithelium"	-3.8416375079047502	3.2931414834509307	0.00483163582845768	0.8209987422801702	0.70432657	45597
"GO:0045685"	"regulation of glial cell differentiation"	-3.303643611266668	3.4638929889859074	0.0071600757131856305	0.8614945808156725	0.69860132	null
"GO:0045742"	"positive regulation of epidermal growth factor receptor signaling pathway"	-3.140861702705469	3.5771469848275252	0.009294068715362303	0.7923478997053848	0.56595919	null
"GO:0045745"	"positive regulation of G protein-coupled receptor signaling pathway"	-3.1325325121409486	3.4302363534115106	0.0066259621244055406	0.7960882110154811	0.55559181	null
"GO:0045760"	"positive regulation of action potential"	-3.815308569182401	2.745855195173729	0.0013685122366900002	0.8158925278720249	0.62613666	null
"GO:0045834"	"positive regulation of lipid metabolic process"	-14.681936665037238	4.117337595095921	0.03224618491524405	0.8009184384921092	0.45567088	null
"GO:0019217"	"regulation of fatty acid metabolic process"	-3.583359492661719	4.094610863032137	0.0306020011488611	0.8466041097826967	0.84939666	45834
"GO:0019218"	"regulation of steroid metabolic process"	-10.113509274827518	3.8683504996479683	0.018174630136185182	0.8608772086015615	0.82281983	45834
"GO:0031998"	"regulation of fatty acid beta-oxidation"	-3.0213630516155257	3.1136091510730277	0.003194836120905792	0.8632903933801742	0.85251816	45834
"GO:0045540"	"regulation of cholesterol biosynthetic process"	-3.3516399890190685	3.3935752032695876	0.006089387182681763	0.8606312259239152	0.93397415	45834
"GO:0045833"	"negative regulation of lipid metabolic process"	-4.886056647693163	3.9482172935599706	0.021844507375222574	0.8389446777179232	0.83200921	45834
"GO:0045923"	"positive regulation of fatty acid metabolic process"	-3.4341521813264824	3.6554265877459184	0.011130238011352843	0.800653669422562	0.91349076	45834
"GO:0045939"	"negative regulation of steroid metabolic process"	-3.1778319206319825	3.0025979807199086	0.0024736597084054858	0.8552675568483057	0.89047239	45834
"GO:0046320"	"regulation of fatty acid oxidation"	-4.570247719997592	3.2704459080179626	0.0045855005340889755	0.8616058689895199	0.75997147	45834
"GO:0046889"	"positive regulation of lipid biosynthetic process"	-4.8297382846050425	3.9204885646582976	0.020493224609138383	0.8036824120395222	0.86034484	45834
"GO:0046890"	"regulation of lipid biosynthetic process"	-10.596879478824182	4.419096217377991	0.06460313071295401	0.8492533814617096	0.89065116	45834
"GO:0050810"	"regulation of steroid biosynthetic process"	-9.688246138944246	3.8158432906632664	0.016104632310544372	0.8594808539951607	0.81688809	45834
"GO:0050994"	"regulation of lipid catabolic process"	-6.277366077466188	3.757547853469244	0.014081400190833615	0.8621697146446395	0.81040172	45834
"GO:0050995"	"negative regulation of lipid catabolic process"	-4.180456064458132	3.0707764628434346	0.0028945510617759715	0.85463084969336	0.74106143	45834
"GO:0060556"	"regulation of vitamin D biosynthetic process"	-5.131355561605174	2.481442628502305	0.0007433285889934893	0.8721983228637187	0.83835682	45834
"GO:0090181"	"regulation of cholesterol metabolic process"	-3.6090648928966207	3.502563669107363	0.00782710236092482	0.8605160014260257	0.94686477	45834
"GO:0106118"	"regulation of sterol biosynthetic process"	-3.3516399890190685	3.41077723337721	0.006335522477050467	0.8664667687965203	0.93598542	45834
"GO:1903725"	"regulation of phospholipid metabolic process"	-8.262807357295262	3.5171958979499744	0.00809538983178671	0.8484785959679322	0.78471006	45834
"GO:1903727"	"positive regulation of phospholipid metabolic process"	-11.101823516502323	3.1835545336188615	0.0037535632391227525	0.8062387632750121	0.75162569	45834
"GO:1904251"	"regulation of bile acid metabolic process"	-3.9244530386074694	3.0153597554092144	0.0025475002967160973	0.8648171738579579	0.89182869	45834
"GO:0045913"	"positive regulation of carbohydrate metabolic process"	-6.105130343254747	3.4800069429571505	0.007430824536991206	0.8274410262185758	0.40971787	null
"GO:0043255"	"regulation of carbohydrate biosynthetic process"	-4.045275209020937	4.398374086151356	0.06159289606282476	0.863625007546128	0.7839103	45913
"GO:0046112"	"nucleobase biosynthetic process"	-9.869666231504993	5.195800057542198	0.3863413420999505	0.9129884287695742	0.65600823	null
"GO:0006144"	"purine nucleobase metabolic process"	-7.217527375833714	5.071171096656961	0.2899621448839967	0.9159659384063527	0.89282358	46112
"GO:0006206"	"pyrimidine nucleobase metabolic process"	-7.8996294548824375	5.089187756875502	0.3022442960729951	0.9157534928905428	0.89608466	46112
"GO:0006207"	"'de novo' pyrimidine nucleobase biosynthetic process"	-5.060480747381382	4.804861519542023	0.15704662457195226	0.9162532055508126	0.85746988	46112
"GO:0009113"	"purine nucleobase biosynthetic process"	-6.142667503568732	4.806295318137176	0.1575659700430702	0.9156722322022208	0.84748045	46112
"GO:0019856"	"pyrimidine nucleobase biosynthetic process"	-4.141462802430361	4.968249394107917	0.22878029476276768	0.9136977798376819	0.92276685	46112
"GO:0046148"	"pigment biosynthetic process"	-6.673664139071248	5.25314165596348	0.44087261656733717	0.9831399711715941	0.04776458	null
"GO:0042168"	"heme metabolic process"	-4.018181392829336	5.161302104279819	0.35683956571691755	0.981307853434089	0.96021253	46148
"GO:0046185"	"aldehyde catabolic process"	-3.092588639225414	4.7102358698535545	0.1262994035994136	0.9470422332643679	0.48282107	null
"GO:0046209"	"nitric oxide metabolic process"	-3.9318141382538383	3.981048058913173	0.02356007037697245	0.987575032089057	0.03653844	null
"GO:0046395"	"carboxylic acid catabolic process"	-17.00436480540245	5.899683738300032	1.9536964376986525	0.891649669173602	0.62874754	null
"GO:0009065"	"glutamine family amino acid catabolic process"	-4.180456064458132	4.901371126800246	0.19612798661181527	0.906820152995367	0.74863236	46395
"GO:0009080"	"pyruvate family amino acid catabolic process"	-5.812479279163537	4.620947645559224	0.10282794192841391	0.9108952728228695	0.70393651	46395
"GO:0016054"	"organic acid catabolic process"	-17.00436480540245	5.920987401179975	2.051921649622372	0.8922316344225046	0.88862099	46395
"GO:0044242"	"cellular lipid catabolic process"	-6.414539270491499	5.535267529770699	0.8441899099198973	0.9155095660680405	0.75447986	46395
"GO:0072329"	"monocarboxylic acid catabolic process"	-5.943095148663527	5.504710032396752	0.7868330022731579	0.8972676590915244	0.86708273	46395
"GO:1901606"	"alpha-amino acid catabolic process"	-12.790484985457368	5.5969301102663245	0.9729777413453785	0.8939298632426341	0.88857206	46395
"GO:0046427"	"positive regulation of receptor signaling pathway via JAK-STAT"	-7.681936665037238	3.765221366304981	0.014332458191089695	0.7863424293313322	0.55471355	null
"GO:0046425"	"regulation of receptor signaling pathway via JAK-STAT"	-6.510041520575165	3.933892035764211	0.021135637727440704	0.8324181172426739	0.97532625	46427
"GO:1904894"	"positive regulation of receptor signaling pathway via STAT"	-7.576754126063192	3.784902449886655	0.014997023485885198	0.7858044473983014	0.95386833	46427
"GO:0046434"	"organophosphate catabolic process"	-4.856985199745905	5.547844826597646	0.8689954248863754	0.9235483522514871	0.639832	null
"GO:0046459"	"short-chain fatty acid metabolic process"	-3.171984935776023	4.491739785689497	0.07636593643083443	0.9151429703130147	0.56522339	null
"GO:0046466"	"membrane lipid catabolic process"	-3.889410289700751	4.596399144173987	0.09717667556970844	0.9281705546286051	0.42670206	null
"GO:0046479"	"glycosphingolipid catabolic process"	-3.9244530386074694	4.277173555485786	0.04659341122399587	0.9149929195434825	0.64932651	null
"GO:0006687"	"glycosphingolipid metabolic process"	-3.2328441339178196	4.570250977193992	0.09149833432862242	0.9298896303906262	0.76381728	46479
"GO:0006689"	"ganglioside catabolic process"	-3.1791420105603	3.9907383285075375	0.02409172261280885	0.9159758858949133	0.95796502	46479
"GO:0019377"	"glycolipid catabolic process"	-3.5128616245228135	4.278456350394209	0.046731246988842345	0.9151625244675243	0.90347637	46479
"GO:0046514"	"ceramide catabolic process"	-3.3344190089820467	4.431251154695155	0.06643683865600086	0.9259911826901018	0.9253256	46479
"GO:0046677"	"response to antibiotic"	-27.903089986991944	5.115703683637	0.32127301568063965	0.8781406740557816	0.57629611	null
"GO:0046683"	"response to organophosphorus"	-14.1944991418416	3.9587071910872846	0.022378620964002664	0.8976887020590888	0.45920066	null
"GO:0046684"	"response to pyrethroid"	-4.649751981665837	1	2.2152176493183455E-05	0.9268434441747687	0.2210921	null
"GO:0046717"	"acid secretion"	-10.341035157335565	3.24551266781415	0.004329519827945522	0.9737372596863372	0.64278401	null
"GO:0046777"	"protein autophosphorylation"	-14.48678239993206	4.959513609718711	0.22422433046400295	0.9480083219151265	0.55396993	null
"GO:0046885"	"regulation of hormone biosynthetic process"	-5.5376020021010435	3.0362295440862948	0.002673029296844137	0.8431091687065376	0.69783825	null
"GO:0046903"	"secretion"	-29.55284196865778	5.504394735350103	0.7862619683902224	0.9684611349548424	0.34980409	null
"GO:0046942"	"carboxylic acid transport"	-17.55284196865778	5.654939497755384	1.1120195691342598	0.9570792226302829	0.36594746	null
"GO:0006835"	"dicarboxylic acid transport"	-3.3133637307377066	4.988474229978329	0.23968654965624497	0.9622570675827294	0.84350699	46942
"GO:0015701"	"bicarbonate transport"	-10.056505484093897	4.327174958937619	0.05227913652391295	0.9672971676658351	0.70590012	46942
"GO:0015718"	"monocarboxylic acid transport"	-16.906578314837766	5.142849174377076	0.3419951461135409	0.961170440331825	0.87296883	46942
"GO:0071715"	"icosanoid transport"	-10.588380294036769	4.223106380928587	0.04113905310078537	0.9668464654529421	0.72259769	46942
"GO:1903825"	"organic acid transmembrane transport"	-5.448550002027125	5.576569381331286	0.9284149462999245	0.9507077301505177	0.96795432	46942
"GO:1905039"	"carboxylic acid transmembrane transport"	-4.966576244513051	5.57433806077415	0.9236571510597773	0.9485998600618095	0.96741279	46942
"GO:0048015"	"phosphatidylinositol-mediated signaling"	-3.214670164989233	4.51813211935716	0.08115080655336206	0.7975400993696932	0.43927734	null
"GO:0048146"	"positive regulation of fibroblast proliferation"	-3.0969100130080562	3.3636119798921444	0.0056832639469734	0.8215414376670209	0.69304437	null
"GO:0048384"	"retinoic acid receptor signaling pathway"	-7.542118103266008	3.7570162347313008	0.014064170720227807	0.7745635595002737	0.68793454	null
"GO:0048469"	"cell maturation"	-3.767003889607846	4.275495631401224	0.04641373245910671	0.9692813496511683	0.60486417	null
"GO:0048511"	"rhythmic process"	-11.8153085691824	4.754172441415161	0.13974577473077598	1	-0	null
"GO:0048518"	"positive regulation of biological process"	-15.73754891026957	6.254081146921754	4.418295905918426	0.8351661700225778	0.28075942	null
"GO:0048519"	"negative regulation of biological process"	-10.471083299722345	6.277663755515925	4.664847168934615	0.8343660897503243	0.31330319	null
"GO:0048523"	"negative regulation of cellular process"	-8.11069829749369	6.242988908587792	4.3068778422165455	0.7991033391642132	0.30931002	null
"GO:0048534"	"hematopoietic or lymphoid organ development"	-4.498940737782249	3.7779340488377793	0.014758272250347556	0.9027688252809275	0.59707017	null
"GO:0048583"	"regulation of response to stimulus"	-19.527243550682787	5.966331372378243	2.2777433981468276	0.8443154938425131	0.25215206	null
"GO:0048634"	"regulation of muscle organ development"	-3.178486471595227	3.595606434865603	0.00969773059812698	0.8674982973342958	0.55941354	null
"GO:0048638"	"regulation of developmental growth"	-6.554395796726403	4.6391875599357535	0.10723868640350111	0.8424634661800873	0.66639043	null
"GO:0001558"	"regulation of cell growth"	-3.1890957193312994	4.6858312746260635	0.11939776994531513	0.8573550421165712	0.92039184	48638
"GO:0040014"	"regulation of multicellular organism growth"	-5.718966632752273	3.6377898293622293	0.010687194481489174	0.8000571599770218	0.78140286	48638
"GO:0040018"	"positive regulation of multicellular organism growth"	-3.2403321553103694	3.318272080211627	0.005119614122869065	0.7657967106784067	0.74700301	48638
"GO:0045926"	"negative regulation of growth"	-3.9546770212133424	4.494391164387891	0.07683359349013497	0.8480328291512449	0.89143036	48638
"GO:0045927"	"positive regulation of growth"	-4.785156151952302	4.411905774756818	0.06354228759422491	0.812125019364413	0.879506	48638
"GO:0046620"	"regulation of organ growth"	-3.705533773838407	3.937517892017347	0.02131285513938617	0.7923473354642889	0.81667573	48638
"GO:0048639"	"positive regulation of developmental growth"	-3.7328282715969863	4.076676845705642	0.029363940618186517	0.7985186735367155	0.83415679	48638
"GO:0055021"	"regulation of cardiac muscle tissue growth"	-3.0145735259169983	3.149834696715785	0.0034729690035424287	0.8082298839156039	0.84061537	48638
"GO:0060420"	"regulation of heart growth"	-3.0958256317158366	3.3352572564345317	0.005323906417195091	0.8039959858892057	0.7487555	48638
"GO:0048661"	"positive regulation of smooth muscle cell proliferation"	-9.161780778092375	3.298853076409707	0.004895631004993544	0.8217468558672102	0.68658542	null
"GO:0048662"	"negative regulation of smooth muscle cell proliferation"	-4.0338582672609675	3.383994789441733	0.005956474123722662	0.8531136217770969	0.9253975	48661
"GO:1904705"	"regulation of vascular associated smooth muscle cell proliferation"	-6.782516055786093	3.243534101832062	0.0043098290043960255	0.8744185260846312	0.91040794	48661
"GO:1904707"	"positive regulation of vascular associated smooth muscle cell proliferation"	-6.008330992620052	2.993876914941211	0.002424432649531745	0.828074727840722	0.88492329	48661
"GO:0048678"	"response to axon injury"	-4.33161408331	3.6093809442507068	0.010010322421975235	0.925324296022445	0.30946732	null
"GO:0048732"	"gland development"	-5.0467236633326955	4.382953100015041	0.05944413494298596	0.9757633232503424	0.57832382	null
"GO:0048771"	"tissue remodeling"	-3.530177984021837	3.9413623357117613	0.021502379316050074	0.9380332264101874	0.49619645	null
"GO:0048856"	"anatomical structure development"	-14.88941028970075	6.122977274352911	3.2670128346264704	0.9704673744257835	-0	null
"GO:0003006"	"developmental process involved in reproduction"	-3.209011524911184	5.217189050287228	0.4058451028257267	0.971499629630023	0.70275162	48856
"GO:0009653"	"anatomical structure morphogenesis"	-5.623423042943488	5.775654130082595	1.4683422507330033	0.9712141474069798	0.82099838	48856
"GO:0030154"	"cell differentiation"	-9.23807216157947	5.923255938243652	2.06266791657451	0.9617516195666772	0.85920872	48856
"GO:0048468"	"cell development"	-4.798602875679548	5.631230628305685	1.0529397144269397	0.9631306314597945	0.89520269	48856
"GO:0048513"	"animal organ development"	-10.136677139879543	5.626726235442988	1.042075302533505	0.9720278587982037	0.7857413	48856
"GO:0048608"	"reproductive structure development"	-3.214670164989233	4.767474973821422	0.14409252402932732	0.9114115439330779	0.74970006	48856
"GO:0048646"	"anatomical structure formation involved in morphogenesis"	-4	5.228431158637907	0.41648799295422956	0.9735335388589141	0.70479507	48856
"GO:0048731"	"system development"	-4.552841968657781	5.901913628675514	1.963753525826558	0.8956604743088397	0.85346525	48856
"GO:0048869"	"cellular developmental process"	-11.806875401645538	5.933789366689749	2.113307792037927	0.9638986669314935	0.86207197	48856
"GO:0048870"	"cell motility"	-9.595166283380062	5.531902785916386	0.8376747086779577	0.9925706434202284	0.01478176	null
"GO:0048871"	"multicellular organismal-level homeostasis"	-6.79317412396815	4.646687934336095	0.10910685328775957	0.9142033385082627	0.68562682	null
"GO:0050667"	"homocysteine metabolic process"	-3.3010299956639813	4.808555300130965	0.1583880619262617	0.9237120750058202	0.48853545	null
"GO:0050673"	"epithelial cell proliferation"	-4.097453220686009	3.947090464219622	0.021787896257517772	0.993362269951321	0.01086291	null
"GO:0070661"	"leukocyte proliferation"	-3.6439741428068775	3.7893691535914815	0.015152088721337482	0.9934940655182243	0.80328759	50673
"GO:0050727"	"regulation of inflammatory response"	-17.782516055786093	4.480438147177817	0.07440423813471585	0.8239654626327316	0.5720716	null
"GO:0002673"	"regulation of acute inflammatory response"	-5.120330794367947	3.09795107099415	0.0030816138854961876	0.8522798214696705	0.74234851	50727
"GO:0031347"	"regulation of defense response"	-15.522878745280337	5.000620597487598	0.24648480648670862	0.8146143603140042	0.81234829	50727
"GO:0031348"	"negative regulation of defense response"	-6.567030709125595	4.3539931244194845	0.055609347056721534	0.811145475876615	0.81518949	50727
"GO:0031349"	"positive regulation of defense response"	-8.515700160653214	4.664030524947218	0.11355205670405838	0.7684104492489808	0.85680625	50727
"GO:0032102"	"negative regulation of response to external stimulus"	-16.747146969020108	4.660030223038667	0.11251090440887877	0.8032157303726025	0.81448942	50727
"GO:0032103"	"positive regulation of response to external stimulus"	-14.595166283380062	4.755165691252543	0.1400657506134553	0.7657526043669748	0.85305369	50727
"GO:0050728"	"negative regulation of inflammatory response"	-8.399027104313252	4.2007137339640135	0.03907151662808824	0.8108438737124193	0.85423086	50727
"GO:0050729"	"positive regulation of inflammatory response"	-9.537602002101044	3.6980135039391815	0.012277228483111009	0.7929522642086436	0.73921562	50727
"GO:0050920"	"regulation of chemotaxis"	-5.72584215073632	4.5081659713033675	0.07930971455148415	0.8145175355530401	0.81822276	50727
"GO:1903034"	"regulation of response to wounding"	-13.411168274405792	4.111766433052562	0.031835138973648314	0.8371883689929835	0.7033628	50727
"GO:0050776"	"regulation of immune response"	-14.088309841246138	5.121280729337815	0.3254253180966397	0.7844128905221982	0.64582777	null
"GO:0002218"	"activation of innate immune response"	-4.853871964321762	4.445277191869633	0.0686175973641076	0.7260312544681409	0.94581674	50776
"GO:0002221"	"pattern recognition receptor signaling pathway"	-4.296708621881338	4.3492580955127895	0.05500631558551821	0.6652093537149705	0.97265353	50776
"GO:0002224"	"toll-like receptor signaling pathway"	-4.4723700991286615	4.169674434058807	0.03637633515475092	0.6730577015962906	0.94650406	50776
"GO:0002253"	"activation of immune response"	-6.896196279044043	4.862679866500335	0.1794104774182928	0.7194269278889291	0.93448322	50776
"GO:0002429"	"immune response-activating cell surface receptor signaling pathway"	-4.214670164989233	4.602092562192713	0.0984590404533694	0.6584069811533267	0.96722474	50776
"GO:0002683"	"negative regulation of immune system process"	-7.761953896871205	4.667312835294965	0.11441353023434887	0.8091195204384057	0.8508248	50776
"GO:0002684"	"positive regulation of immune system process"	-13.950781977329818	5.129161200385081	0.33138425357330603	0.7615128323548537	0.92993494	50776
"GO:0002694"	"regulation of leukocyte activation"	-6.931814138253839	4.717146037938382	0.12832509707206807	0.7475385471770775	0.98366424	50776
"GO:0002695"	"negative regulation of leukocyte activation"	-3.886056647693163	4.336219504572429	0.053379361289741065	0.7417316992308265	0.93037637	50776
"GO:0002696"	"positive regulation of leukocyte activation"	-5.698970004336019	4.508112056839824	0.07929986913970939	0.7101608302361364	0.99163183	50776
"GO:0002757"	"immune response-activating signaling pathway"	-6.363512103646634	4.746735366871247	0.13737303049306165	0.6556525474280849	0.90347369	50776
"GO:0002758"	"innate immune response-activating signaling pathway"	-5.0467236633326955	4.367877506637881	0.05741598011738783	0.6643982725065515	0.93010469	50776
"GO:0002761"	"regulation of myeloid leukocyte differentiation"	-4.8996294548824375	3.9903388547876015	0.024069570436315666	0.761686648893518	0.92505457	50776
"GO:0002763"	"positive regulation of myeloid leukocyte differentiation"	-3.0145735259169983	3.6692238739308056	0.011489595541131152	0.7323326482136208	0.94295798	50776
"GO:0002764"	"immune response-regulating signaling pathway"	-7.688246138944246	4.766502076537479	0.14377008679370432	0.7191974470881223	0.90673923	50776
"GO:0002768"	"immune response-regulating cell surface receptor signaling pathway"	-5.165579296318468	4.634890207744932	0.10618276599065936	0.7190755793075059	0.97266052	50776
"GO:0002819"	"regulation of adaptive immune response"	-3.211831628858832	4.208683161037417	0.039795154393532234	0.8103211953864415	0.78454642	50776
"GO:0002821"	"positive regulation of adaptive immune response"	-3.721246399047171	4.0042783722001625	0.024854742025351834	0.7696564443675398	0.96676543	50776
"GO:0002822"	"regulation of adaptive immune response based on somatic recombination of immune receptors built from immunoglobulin superfamily domains"	-3.844663962534938	4.182129214052998	0.03743471692053635	0.8104070575600743	0.78102374	50776
"GO:0002824"	"positive regulation of adaptive immune response based on somatic recombination of immune receptors built from immunoglobulin superfamily domains"	-4.0101054362812265	3.9754777631658746	0.02325978531784263	0.7705244143252409	0.96282126	50776
"GO:0030888"	"regulation of B cell proliferation"	-6.335358024443875	3.9392695863387313	0.021399002492415217	0.7574475679002391	0.87445948	50776
"GO:0030889"	"negative regulation of B cell proliferation"	-3.171984935776023	3.4063698354692673	0.006271527300514605	0.7569936007734946	0.90581757	50776
"GO:0030890"	"positive regulation of B cell proliferation"	-3.5361070110140926	3.710963118995276	0.012648892777607753	0.7260969580070624	0.89865964	50776
"GO:0031294"	"lymphocyte costimulation"	-6.649751981665837	3.834865579900038	0.016825808723044677	0.7158999135449693	0.86085076	50776
"GO:0032944"	"regulation of mononuclear cell proliferation"	-7.235077015350112	4.43448906315119	0.06693403195062565	0.8511573962035599	0.99580733	50776
"GO:0032945"	"negative regulation of mononuclear cell proliferation"	-4.167491087293763	4.089551882886454	0.030247566324970165	0.8375695589482955	0.99808335	50776
"GO:0032946"	"positive regulation of mononuclear cell proliferation"	-6.09366495819491	4.225283430094444	0.041345806748055075	0.7975468697845391	0.99527928	50776
"GO:0042102"	"positive regulation of T cell proliferation"	-4.739928612014925	4.080482179068043	0.029622382677273656	0.7063819406129873	0.97834718	50776
"GO:0042129"	"regulation of T cell proliferation"	-4.449771646944906	4.292898175018025	0.04831143557868943	0.7459802304829305	0.97717656	50776
"GO:0045088"	"regulation of innate immune response"	-5.906578314837765	4.751625477375546	0.13892860555347186	0.7839758406988774	0.90427937	50776
"GO:0045089"	"positive regulation of innate immune response"	-3.764471553092451	4.577261953585815	0.0929874528595531	0.7417794153284014	0.96830206	50776
"GO:0045580"	"regulation of T cell differentiation"	-4.131943638176958	3.8806421264042847	0.018696436960246837	0.7602470138077851	0.91062656	50776
"GO:0045619"	"regulation of lymphocyte differentiation"	-4.262807357295263	4.074779882331932	0.029235950265114788	0.7544177118582039	0.93647579	50776
"GO:0045637"	"regulation of myeloid cell differentiation"	-5.0034883278458215	4.15642799231805	0.035283494447753874	0.7567633984669829	0.94779049	50776
"GO:0045639"	"positive regulation of myeloid cell differentiation"	-3.2992962828549808	3.8684680990209865	0.018179552842072556	0.7304552632158613	0.93796289	50776
"GO:0050670"	"regulation of lymphocyte proliferation"	-7.346787486224656	4.432151213896942	0.06657467442084734	0.7413431857285023	0.94497921	50776
"GO:0050671"	"positive regulation of lymphocyte proliferation"	-6.161150909262744	4.22318432089504	0.041146437159616425	0.7080010029023903	0.96679515	50776
"GO:0050672"	"negative regulation of lymphocyte proliferation"	-4.238824186844268	4.086573365620574	0.03004081267770045	0.7358669944874152	0.95906998	50776
"GO:0050778"	"positive regulation of immune response"	-9.866461091629782	4.982216942836122	0.23625788500568892	0.7368527731804276	0.90321506	50776
"GO:0050851"	"antigen receptor-mediated signaling pathway"	-3.5243288116755704	4.416873399776797	0.06427330941849994	0.6669584092820922	0.93763238	50776
"GO:0050852"	"T cell receptor signaling pathway"	-3.5214335044061564	4.319501639056495	0.05136351322886137	0.671292904934411	0.92278988	50776
"GO:0050863"	"regulation of T cell activation"	-6.560667306169737	4.503994848765824	0.07855161784482853	0.7545989402237409	0.95621901	50776
"GO:0050864"	"regulation of B cell activation"	-3.381951903287907	4.2071764070951625	0.03965731862868576	0.7642672772295633	0.91143042	50776
"GO:0050866"	"negative regulation of cell activation"	-5.779891911959945	4.348655273245765	0.054930013644263906	0.7635654221641333	0.92515933	50776
"GO:0050867"	"positive regulation of cell activation"	-6.405607449624573	4.514149134475438	0.08040993931731226	0.727912009934834	0.95055028	50776
"GO:0051249"	"regulation of lymphocyte activation"	-6.826813731587726	4.673269794418788	0.11599371882419596	0.7489620257882977	0.8517594	50776
"GO:0051250"	"negative regulation of lymphocyte activation"	-3.1051303432547472	4.290768950066559	0.04807514569609547	0.7430891251701658	0.98878617	50776
"GO:0051251"	"positive regulation of lymphocyte activation"	-6.052076380168273	4.472975734594228	0.07313664136871703	0.7113867952623896	0.95133351	50776
"GO:0070664"	"negative regulation of leukocyte proliferation"	-4.3124710387853655	4.093736784562339	0.03054046732526892	0.8377265080029027	0.94509724	50776
"GO:0070665"	"positive regulation of leukocyte proliferation"	-7.073657553374345	4.238773501720696	0.04265032380820921	0.7973983247238139	0.9660363	50776
"GO:1902105"	"regulation of leukocyte differentiation"	-8.739928612014925	4.303044784243365	0.04945350334456022	0.7519798888606489	0.79732576	50776
"GO:1902106"	"negative regulation of leukocyte differentiation"	-3.9829666607012197	3.8611160441613954	0.017874345077055362	0.7483330302784323	0.90810538	50776
"GO:1902107"	"positive regulation of leukocyte differentiation"	-5.010995384301463	4.089410510983544	0.030237720913195414	0.7179889057885189	0.93848339	50776
"GO:1903706"	"regulation of hemopoiesis"	-8.092588639225413	4.404149249209695	0.06241744929895991	0.750465383981174	0.81148833	50776
"GO:1903707"	"negative regulation of hemopoiesis"	-3.2898826348881838	3.868115205327217	0.018164784724410434	0.7482637528002715	0.9090075	50776
"GO:1903708"	"positive regulation of hemopoiesis"	-4.048662481204082	4.090963076595732	0.03034602044271765	0.7181482501805629	0.93869693	50776
"GO:0050789"	"regulation of biological process"	-10.7594507517174	7.03498324614998	26.67823535368239	0.8120762777163967	0.49486593	null
"GO:0050793"	"regulation of developmental process"	-14.87942606879415	5.763972018350213	1.4293716495756061	0.8501412380611731	0.23698226	null
"GO:0050794"	"regulation of cellular process"	-3.899629454882437	7.003509775209796	24.81324853742716	0.804997815589358	0.67600498	null
"GO:0050795"	"regulation of behavior"	-9.11069829749369	3.791971201020768	0.015243158780253906	0.8074180861228474	0.6168675	null
"GO:0050801"	"monoatomic ion homeostasis"	-56.67162039656126	5.666189327431937	1.1412013696346135	0.9725944139937501	-0	null
"GO:0001678"	"intracellular glucose homeostasis"	-4.024568191490737	4.320997416794221	0.05154073064080684	0.9769451504249195	0.96992741	50801
"GO:0006873"	"intracellular monoatomic ion homeostasis"	-44.60032627851896	5.596974053521058	0.9730761954631258	0.9720036646871573	0.9690419	50801
"GO:0006874"	"intracellular calcium ion homeostasis"	-40.01592296609717	5.034492091614136	0.26647837644827854	0.9743057378795963	0.7964005	50801
"GO:0006879"	"intracellular iron ion homeostasis"	-3.9829666607012197	5.2105886991240284	0.399723718054777	0.973733375930943	0.82870837	50801
"GO:0019725"	"cellular homeostasis"	-57.761953896871205	5.779076036136566	1.4799573752742623	0.9731762590958936	0.91989953	50801
"GO:0030003"	"intracellular monoatomic cation homeostasis"	-48.65560772631489	5.594628972065761	0.9678359750460162	0.971887000999728	0.90914099	50801
"GO:0033500"	"carbohydrate homeostasis"	-8.13430394008393	4.505678952441556	0.07885682560984572	0.9777278444600115	0.7129341	50801
"GO:0042593"	"glucose homeostasis"	-8.20690839982342	4.502986698753511	0.07836947772699569	0.976727165754016	0.71255389	50801
"GO:0048878"	"chemical homeostasis"	-59.46597389394387	5.782903837869686	1.4930591569935086	0.9731556240228874	0.89234402	50801
"GO:0051480"	"regulation of cytosolic calcium ion concentration"	-39.15242734085789	4.3310019048442046	0.05274187087732612	0.9771174819775751	0.87155688	50801
"GO:0055074"	"calcium ion homeostasis"	-40.26042765554991	5.051488247049932	0.27711388251795027	0.974758780126027	0.79940849	50801
"GO:0055075"	"potassium ion homeostasis"	-9.096367483915762	4.46217330470679	0.07133985371982547	0.9771450554301435	0.70683942	50801
"GO:0055080"	"monoatomic cation homeostasis"	-51.33629907461035	5.657036720520181	1.1174025480221035	0.9719460575833877	0.9684689	50801
"GO:0055082"	"intracellular chemical homeostasis"	-46.82390874094432	5.653591632098624	1.1085736750130981	0.9725367354635884	0.92289349	50801
"GO:0098771"	"inorganic ion homeostasis"	-53.2518119729938	5.605056036739983	0.9913542024229459	0.9729206558881317	0.91154309	50801
"GO:0050804"	"modulation of chemical synaptic transmission"	-15.462180904926726	5.00094573149735	0.24666940795748515	0.832616456299434	0.69823127	null
"GO:0032228"	"regulation of synaptic transmission, GABAergic"	-3.2403321553103694	3.4574276929464847	0.007054237536607087	0.8653532058349799	0.76969224	50804
"GO:0046928"	"regulation of neurotransmitter secretion"	-3.705533773838407	4.200275799111851	0.03903213498098925	0.7904305678245455	0.86474144	50804
"GO:0048167"	"regulation of synaptic plasticity"	-7.021819483062586	4.398963736125521	0.061676582062910115	0.8101219355345938	0.89427554	50804
"GO:0050805"	"negative regulation of synaptic transmission"	-8.886056647693163	3.4892551683692603	0.007590812478330863	0.846455217142562	0.77333479	50804
"GO:0050806"	"positive regulation of synaptic transmission"	-9.448550002027124	4.315676520348013	0.05091308564016664	0.790711149445721	0.88165322	50804
"GO:0051966"	"regulation of synaptic transmission, glutamatergic"	-6.4089353929735005	4.2820326856053805	0.047117679401001214	0.8496667725786295	0.87665487	50804
"GO:0051967"	"negative regulation of synaptic transmission, glutamatergic"	-8.378823718224965	3.3481100684802376	0.005483894358534749	0.8491401751861246	0.75743764	50804
"GO:0050817"	"coagulation"	-7.657577319177793	4.484356792265614	0.07507864884128611	0.9332853219621677	0.54928722	null
"GO:0050818"	"regulation of coagulation"	-13.45717457304082	3.966939163021113	0.02280689637620421	0.8030573809709133	0.63356677	null
"GO:0050820"	"positive regulation of coagulation"	-3.2403321553103694	3.4533183400470375	0.006987781007127537	0.7690334171207686	0.58692208	null
"GO:0050878"	"regulation of body fluid levels"	-24.193141970481182	4.633306827560638	0.10579633357850049	0.8390421569447704	0.54683611	null
"GO:0050879"	"multicellular organismal movement"	-3.9244530386074694	3.9157163379459936	0.02026924149126286	0.9382407779084868	0.49394147	null
"GO:0050886"	"endocrine process"	-6.158640529545145	3.8949249773595436	0.01932162060794335	0.9280687932482847	0.56795892	null
"GO:0050890"	"cognition"	-18.441291429466833	4.162982370585433	0.03582006938947765	0.9248686225754168	0.59129591	null
"GO:0050896"	"response to stimulus"	-67.34582345812204	6.83782868559364	16.94347616187058	1	-0	null
"GO:0050905"	"neuromuscular process"	-5.320572103387881	4.138365863678996	0.03384606432864063	0.9251159634848017	0.58907318	null
"GO:0050955"	"thermoception"	-3.486782399932061	2.4983105537896004	0.0007728648243177339	0.9377704199031704	0.48620791	null
"GO:0050961"	"detection of temperature stimulus involved in sensory perception"	-3.171984935776023	2.824776462475546	0.0016417224134392628	0.866763361026496	0.95129176	50955
"GO:0050974"	"detection of mechanical stimulus involved in sensory perception"	-9.049148541111453	3.482873583608754	0.0074800515958649465	0.8555283972808965	0.55465209	null
"GO:0035994"	"response to muscle stretch"	-4.180456064458132	3.089905111439398	0.0030250027677913853	0.9190959798104401	0.778235	50974
"GO:0050966"	"detection of mechanical stimulus involved in sensory perception of pain"	-7.72584215073632	2.576341350205793	0.0009254687068263311	0.8702674676979362	0.78272283	50974
"GO:0050982"	"detection of mechanical stimulus"	-6.261219441515631	4.023170121121397	0.025959889497067325	0.9076582599199594	0.88026297	50974
"GO:0071260"	"cellular response to mechanical stimulus"	-8.18775530319963	3.551327988003846	0.008757493773638526	0.9062720528497866	0.82213625	50974
"GO:0051049"	"regulation of transport"	-60.567030709125596	5.454931710220159	0.7016234247156559	0.7894269012368627	0.21704104	null
"GO:0002028"	"regulation of sodium ion transport"	-3.616184634019569	4.329438560779451	0.052552346700662216	0.8136680570301209	0.87523828	51049
"GO:0002090"	"regulation of receptor internalization"	-3.3133637307377066	3.6726519228400023	0.011580665600047573	0.8267802132194649	0.82624621	51049
"GO:0002791"	"regulation of peptide secretion"	-30.32513885926219	4.175221800343053	0.036843992214051456	0.8166690914734506	0.72463471	51049
"GO:0002792"	"negative regulation of peptide secretion"	-5.223298816011589	3.564073978977147	0.009018397185669354	0.8127615892339134	0.9177348	51049
"GO:0002793"	"positive regulation of peptide secretion"	-11.557520230935552	3.8637985386805003	0.01798510595952128	0.7727048108468703	0.95605944	51049
"GO:0010959"	"regulation of metal ion transport"	-19.070070439915412	4.850787097711307	0.174564073472173	0.7997629071345758	0.95871465	51049
"GO:0014059"	"regulation of dopamine secretion"	-4.435333935747911	4.186164961727415	0.03778422903853992	0.8123935961246372	0.96704559	51049
"GO:0017157"	"regulation of exocytosis"	-3.3288271572849166	4.763615149127955	0.14281754320449744	0.797098479915452	0.95119513	51049
"GO:0017158"	"regulation of calcium ion-dependent exocytosis"	-3.6798537138889458	4.250639533911599	0.043831773221178996	0.8113814151315956	0.86976525	51049
"GO:0022898"	"regulation of transmembrane transporter activity"	-13.595166283380062	4.780835563373373	0.14859433856333093	0.7699151454939231	0.99580224	51049
"GO:0030100"	"regulation of endocytosis"	-5.663540266151471	4.484897472816146	0.0751721802531462	0.807628950048027	0.76715447	51049
"GO:0032024"	"positive regulation of insulin secretion"	-4.327902142064283	3.726645720240912	0.013114088483964604	0.7177126578082537	0.98150123	51049
"GO:0032411"	"positive regulation of transporter activity"	-3.5100415205751654	4.32436477820229	0.051941931170627835	0.7365439135941284	0.77827215	51049
"GO:0032412"	"regulation of monoatomic ion transmembrane transporter activity"	-12.567030709125595	4.778288755199132	0.1477254809742094	0.7699866979433536	0.9386532	51049
"GO:0032414"	"positive regulation of ion transmembrane transporter activity"	-3.034798298974088	4.308500385085034	0.050078686992256725	0.7281343901429639	0.97791549	51049
"GO:0032880"	"regulation of protein localization"	-13.73754891026957	4.947016873694681	0.21786419445751556	0.7993683574752477	0.9202676	51049
"GO:0033604"	"negative regulation of catecholamine secretion"	-3.9244530386074694	3.166726055580052	0.003610804768388903	0.8182961940196476	0.87026679	51049
"GO:0034762"	"regulation of transmembrane transport"	-42.872895201635195	5.002813779224673	0.24773271242915798	0.7959969661831583	0.85062857	51049
"GO:0034764"	"positive regulation of transmembrane transport"	-8.628932137728263	4.484499141895491	0.07510326237072297	0.7511176515761534	0.89137277	51049
"GO:0034765"	"regulation of monoatomic ion transmembrane transport"	-40.47495519296316	4.900459986731022	0.19571694067021952	0.7931136510186183	0.8327221	51049
"GO:0034767"	"positive regulation of monoatomic ion transmembrane transport"	-7.647817481888637	4.400002345927956	0.06182426323953134	0.7509481833630478	0.97876123	51049
"GO:0043266"	"regulation of potassium ion transport"	-3.5243288116755704	4.4068466330976666	0.06280634306406248	0.8116332516325436	0.88670177	51049
"GO:0043269"	"regulation of monoatomic ion transport"	-59.6575773191778	4.9822576611249465	0.2362800371821821	0.8010224721489576	0.84697081	51049
"GO:0043270"	"positive regulation of monoatomic ion transport"	-18.163675884293248	4.441836474315132	0.06807609971649645	0.7569355820263013	0.89198257	51049
"GO:0043271"	"negative regulation of monoatomic ion transport"	-5.101823516502323	4.30425349686627	0.04959133910940669	0.7956480610163089	0.8715722	51049
"GO:0045807"	"positive regulation of endocytosis"	-4.696803942579511	3.9890491564382202	0.023998191200948742	0.7661234523438616	0.70126702	51049
"GO:0046883"	"regulation of hormone secretion"	-26.61261017366127	4.305630775996965	0.04974886569780267	0.7491836838642416	0.87782137	51049
"GO:0046887"	"positive regulation of hormone secretion"	-7.403402904373539	3.9731278535996988	0.02313425631771459	0.7112382940115884	0.94354969	51049
"GO:0046888"	"negative regulation of hormone secretion"	-3.9030899869919438	3.66228551572213	0.01130745542329831	0.7532807708658761	0.92809617	51049
"GO:0048259"	"regulation of receptor-mediated endocytosis"	-4.2225731776106885	3.986906031380721	0.023880046259651764	0.8196949293989431	0.86210622	51049
"GO:0048260"	"positive regulation of receptor-mediated endocytosis"	-3.1592667653881934	3.5787537844264348	0.009328527656573922	0.7778599842507161	0.90908708	51049
"GO:0050433"	"regulation of catecholamine secretion"	-8.476253533188435	4.24659704910637	0.04342564998547063	0.8109043782494098	0.86917886	51049
"GO:0050708"	"regulation of protein secretion"	-28.928117992693874	4.319439203046049	0.05135612917003031	0.8083145763396582	0.87986776	51049
"GO:0050709"	"negative regulation of protein secretion"	-5.11975822410452	3.59659709562646	0.009719882774620164	0.8075576309114715	0.91999403	51049
"GO:0050714"	"positive regulation of protein secretion"	-10.000434511774017	3.8705209500127644	0.018265700195101604	0.7664803698903804	0.92980924	51049
"GO:0050764"	"regulation of phagocytosis"	-4.45717457304082	3.7623033632877685	0.0142364654262859	0.8249242969304424	0.83616909	51049
"GO:0050796"	"regulation of insulin secretion"	-21.835647144215564	4.045557669136548	0.027333324439644698	0.7537495948931453	0.98089772	51049
"GO:0051046"	"regulation of secretion"	-37.31785492362617	4.996485403548352	0.2441489825431496	0.8005837089486468	0.84949914	51049
"GO:0051047"	"positive regulation of secretion"	-15.85078088734462	4.331022171041829	0.0527443322302698	0.7604647844972228	0.88159172	51049
"GO:0051048"	"negative regulation of secretion"	-8.239577516576787	4.145569297792989	0.034412175505688654	0.800467341821114	0.75568997	51049
"GO:0051050"	"positive regulation of transport"	-23.26680273489343	4.916648679381189	0.20315022656015438	0.7480035116042015	0.83550391	51049
"GO:0051051"	"negative regulation of transport"	-6.701146923590294	4.67465909631365	0.1163653831186927	0.7917883310886764	0.79576655	51049
"GO:0051222"	"positive regulation of protein transport"	-7.684029654543083	4.227320982548845	0.04154025363060635	0.7596575385792899	0.91591424	51049
"GO:0051223"	"regulation of protein transport"	-19.610833915635467	4.551157116440878	0.08756263097166682	0.8066494212958827	0.92201397	51049
"GO:0051279"	"regulation of release of sequestered calcium ion into cytosol"	-4.573488738635425	3.8068580295188172	0.01577481101609031	0.819184887897708	0.8842479	51049
"GO:0051282"	"regulation of sequestering of calcium ion"	-8.441291429466835	4.560253443542344	0.08941602973826317	0.8126996934296741	0.77826675	51049
"GO:0051588"	"regulation of neurotransmitter transport"	-8.108462542327436	4.224248100962593	0.04124735263030759	0.8218714162530925	0.73104951	51049
"GO:0051924"	"regulation of calcium ion transport"	-16.939302159646388	4.4785376378588975	0.07407933954614916	0.8097082564206296	0.89758965	51049
"GO:0051926"	"negative regulation of calcium ion transport"	-3.2350770153501114	3.819214799882384	0.01623016131067241	0.8063675270095525	0.88579524	51049
"GO:0051928"	"positive regulation of calcium ion transport"	-6.863279432843593	3.966751664051378	0.022797050964429463	0.7693763791144527	0.91730361	51049
"GO:0051952"	"regulation of amine transport"	-10.09528445472132	4.326458757071222	0.05219298917088391	0.8193216983535191	0.74479512	51049
"GO:0060341"	"regulation of cellular localization"	-5.866461091629782	5.029286354912474	0.26330323115092225	0.7990152295706009	0.8553859	51049
"GO:0060627"	"regulation of vesicle-mediated transport"	-6.61261017366127	5.044363341426878	0.2726046839251156	0.7946748877915142	0.85811921	51049
"GO:0070201"	"regulation of establishment of protein localization"	-18.943095148663527	4.679337030520794	0.11762559582586046	0.8070444576249854	0.79649886	51049
"GO:0090087"	"regulation of peptide transport"	-21.54821356447571	4.175946470095546	0.03690552603764364	0.8230511766472859	0.72472871	51049
"GO:0090276"	"regulation of peptide hormone secretion"	-23.659555885159882	4.172515363010772	0.03661508639028856	0.7516755560082313	0.99902621	51049
"GO:0090277"	"positive regulation of peptide hormone secretion"	-6.889410289700751	3.861175835513029	0.01787680642999905	0.7145515347523236	0.95571023	51049
"GO:1901019"	"regulation of calcium ion transmembrane transporter activity"	-5.1598939055432425	4.17376882313665	0.03672092456686711	0.7840875873819768	0.93261948	51049
"GO:1901385"	"regulation of voltage-gated calcium channel activity"	-4.570247719997592	3.957415714722669	0.02231216443452311	0.790173969365186	0.9034769	51049
"GO:1901386"	"negative regulation of voltage-gated calcium channel activity"	-3.092588639225414	3.643847310299714	0.010837337011054084	0.7810149890669817	0.78907316	51049
"GO:1903169"	"regulation of calcium ion transmembrane transport"	-10.987162775294827	4.335979142340353	0.05334982505441682	0.8069688947137967	0.87619541	51049
"GO:1903305"	"regulation of regulated secretory pathway"	-3.3133637307377066	4.474886134650251	0.07345907860434002	0.8053654067750019	0.90358068	51049
"GO:1903530"	"regulation of secretion by cell"	-30.09420411963213	4.974695871909683	0.23220157535449268	0.7916114599126827	0.85895407	51049
"GO:1903531"	"negative regulation of secretion by cell"	-7.167491087293763	4.0948552900836805	0.030619230619466913	0.7970861627449243	0.84008557	51049
"GO:1903532"	"positive regulation of secretion by cell"	-11.204815410317575	4.300399811671333	0.0491532182854304	0.7548304113619032	0.87704862	51049
"GO:1904062"	"regulation of monoatomic cation transmembrane transport"	-15.684029654543082	4.786105176895488	0.1504083556828283	0.7962162541960304	0.94750306	51049
"GO:1904064"	"positive regulation of cation transmembrane transport"	-6.939302159646388	4.350635608258955	0.055181071644519984	0.7522682883208438	0.87834782	51049
"GO:1904427"	"positive regulation of calcium ion transmembrane transport"	-4.195860567664649	3.87742894078822	0.01855860119540036	0.7656537261283828	0.91759974	51049
"GO:1904951"	"positive regulation of establishment of protein localization"	-6.841637507904751	4.3404441148401185	0.053901168113802723	0.7630233029814986	0.92507554	51049
"GO:1905952"	"regulation of lipid localization"	-6.404503778174426	4.160138257723402	0.03558624085982738	0.8268827263890466	0.72268369	51049
"GO:2001257"	"regulation of cation channel activity"	-8.8153085691824	4.505177120876829	0.07876575555092931	0.775947582647329	0.95170102	51049
"GO:0051091"	"positive regulation of DNA-binding transcription factor activity"	-6.82102305270683	4.503082164576042	0.0783867071976015	0.8260382077058066	0.69520734	null
"GO:0051092"	"positive regulation of NF-kappaB transcription factor activity"	-4.645891560852599	4.264298247190216	0.045232283046136926	0.8318457128485606	0.90228489	51091
"GO:0051093"	"negative regulation of developmental process"	-5.94692155651658	4.8752465228514374	0.1846777727177831	0.8185660423477378	0.69651694	null
"GO:0051094"	"positive regulation of developmental process"	-13.124360062995832	5.12076142698027	0.3250364243315372	0.7745975432187635	0.55337306	null
"GO:0022603"	"regulation of anatomical structure morphogenesis"	-6.749579997691106	5.568935882496253	0.9122389347540132	0.8223474967280492	0.81740158	51094
"GO:0045595"	"regulation of cell differentiation"	-10.177178354696895	5.19929157277753	0.38945987627960205	0.8278904926913958	0.74260171	51094
"GO:0051098"	"regulation of binding"	-3.6478174818886377	3.334252642334231	0.005311599652476655	0.8718163105868897	0.56781775	null
"GO:0051099"	"positive regulation of binding"	-3.6736641390712483	2.5575072019056577	0.0008860870597273381	0.881174260412347	0.50611717	null
"GO:0051130"	"positive regulation of cellular component organization"	-3.2069083998234196	5.209107337076062	0.3983625898769181	0.7834988628489739	0.60196033	null
"GO:0051174"	"regulation of phosphorus metabolic process"	-18.30539480106643	5.431204493647577	0.664319159501135	0.8384329341894633	0.26223565	null
"GO:0051179"	"localization"	-50.367542707815275	6.901755360044326	19.630402257434774	1	-0	null
"GO:0051180"	"vitamin transport"	-7.347753658996677	4.76609295770849	0.14363471238180153	0.9726673326848913	0.28758631	null
"GO:0051238"	"sequestering of metal ion"	-3.815308569182401	4.386267042105014	0.05989948523756806	0.9747729318052171	0.25084807	null
"GO:0019915"	"lipid storage"	-3.7328282715969863	4.27776961008365	0.04665740640053173	0.9714050100198531	0.80924262	51238
"GO:0051239"	"regulation of multicellular organismal process"	-50.7825160557861	5.543332844310566	0.8600139479948613	0.8559988059541676	0.2223941	null
"GO:0051246"	"regulation of protein metabolic process"	-10.468521082957745	6.002777101043048	2.477140061467859	0.8252723278528108	0.3573542	null
"GO:0051247"	"positive regulation of protein metabolic process"	-14.603800652904264	5.446585315795559	0.68826812364321	0.7654064467788655	0.66487051	null
"GO:0030162"	"regulation of proteolysis"	-3.0476919903378747	5.322223430852146	0.5168865795272243	0.8326947624064821	0.7041219	51247
"GO:0031399"	"regulation of protein modification process"	-13.522878745280337	5.3634709522948985	0.5683854671679884	0.8315303955225527	0.7107113	51247
"GO:0051248"	"negative regulation of protein metabolic process"	-5.4089353929735005	5.34683590735996	0.5470258463226723	0.8078685985185142	0.70803903	51247
"GO:0051259"	"protein complex oligomerization"	-9.224025668870631	4.980952778597704	0.23557116753440024	0.9889322059246387	0.01313455	null
"GO:0051260"	"protein homooligomerization"	-9.212539525481585	4.721975401585953	0.12976006583823763	0.9885507219908299	0.56972941	null
"GO:0051262"	"protein tetramerization"	-7.18111458540599	4.211894423300987	0.04009051674677468	0.9893700722825123	0.83442507	51260
"GO:0051289"	"protein homotetramerization"	-4.924453038607469	3.8003045775561985	0.015538521133496352	0.9899557419596451	0.78312515	51260
"GO:0051339"	"regulation of lyase activity"	-4.651695136951839	4.232869105132614	0.04207436721938644	0.8540483935639274	0.66093167	null
"GO:0051341"	"regulation of oxidoreductase activity"	-12.244887733604928	3.835056101720116	0.016833192781875738	0.8617757501704033	0.61620254	null
"GO:0051349"	"positive regulation of lyase activity"	-3.7594507517174	4.011570443597278	0.02527563337872232	0.8559560978048416	0.63527955	null
"GO:0051481"	"negative regulation of cytosolic calcium ion concentration"	-7.1700533040583645	3.380211241711606	0.0059047857119052345	0.8638974760460603	0.44361987	null
"GO:0051604"	"protein maturation"	-3.447331783887807	5.957500016962309	2.2318933155118255	0.9459413128859053	0.35252179	null
"GO:0051701"	"biological process involved in interaction with host"	-5.735182176990463	4.475540444554744	0.07356983948680594	0.9878539470082252	0.61567651	null
"GO:0044409"	"symbiont entry into host"	-5.311580177997289	4.066735795350929	0.02869937532339101	0.9885104582245332	0.91934197	51701
"GO:0046718"	"symbiont entry into host cell"	-4.739928612014925	4.064420548433594	0.028546771440882412	0.988514109493148	0.9190232	51701
"GO:0051716"	"cellular response to stimulus"	-36.1331221856625	6.749069834706852	13.811589142499587	0.8801806073129755	0.6276778	null
"GO:0051769"	"regulation of nitric-oxide synthase biosynthetic process"	-4.72584215073632	2.5877109650189114	0.0009500822362632016	0.8904435982099999	0.12186476	null
"GO:0051770"	"positive regulation of nitric-oxide synthase biosynthetic process"	-4.546681659952962	2.4409090820652177	0.0006768720595139389	0.8430939623478506	0.35180451	null
"GO:0051896"	"regulation of phosphatidylinositol 3-kinase/protein kinase B signal transduction"	-18.954677021213342	4.334212409393176	0.05313322599537236	0.823184529876853	0.61306061	null
"GO:0051937"	"catecholamine transport"	-3.709965388637482	3.475380593143361	0.0073520612427932204	0.9718384403326229	0.3434481	null
"GO:0015872"	"dopamine transport"	-3.092588639225414	3.3506356082589543	0.005515891946802681	0.9721835030143349	0.96045888	51937
"GO:0015874"	"norepinephrine transport"	-3.1791420105603	3.2605483726369795	0.004482123710454119	0.9725126728141188	0.87554633	51937
"GO:0051954"	"positive regulation of amine transport"	-5.129011186239425	3.402433346219312	0.006214916182809803	0.7889013724155275	0.63657616	null
"GO:0014060"	"regulation of epinephrine secretion"	-3.5228787452803374	3.1720188094245563	0.0036551091213752698	0.8351550642981176	0.75909348	51954
"GO:0051953"	"negative regulation of amine transport"	-4.152427340857888	3.3854275148051305	0.005976164947272159	0.8209011299954196	0.77832013	51954
"GO:0051970"	"negative regulation of transmission of nerve impulse"	-3.5228787452803374	1.9344984512435677	0.00020921500021339932	0.803080730589905	0.50596084	null
"GO:0055024"	"regulation of cardiac muscle tissue development"	-3.9507819773298185	2.2227164711475833	0.0004085845886520504	0.8851552918494678	0.11539918	null
"GO:0016202"	"regulation of striated muscle tissue development"	-3.2700257143004445	3.569724949226159	0.009136542126966333	0.8655383098440329	0.98719451	55024
"GO:0045844"	"positive regulation of striated muscle tissue development"	-3.0301183562535	3.482158695411276	0.007467744831146512	0.7626380659132939	0.84889643	55024
"GO:0048636"	"positive regulation of muscle organ development"	-3.0301183562535	3.4874212113594742	0.007558814890062933	0.7625250179298351	0.97302791	55024
"GO:0055025"	"positive regulation of cardiac muscle tissue development"	-3.5361070110140926	1.7993405494535817	0.00015260388250859714	0.8025556586828474	0.72089141	55024
"GO:0055064"	"chloride ion homeostasis"	-7.30715308072277	4.043794392325779	0.02722256355717878	0.9785924170716583	0.65314307	null
"GO:0055078"	"sodium ion homeostasis"	-6.761953896871205	4.23809630768141	0.04258386727872966	0.9779395225492884	0.67702916	null
"GO:0055081"	"monoatomic anion homeostasis"	-8.559090917934782	4.045362102653348	0.02732101767492626	0.9787384329916798	0.65332905	null
"GO:0055085"	"transmembrane transport"	-73.84771165561695	6.721216453410256	12.953593503918547	0.948840150400361	0.54364926	null
"GO:0006810"	"transport"	-61.71669877129645	6.876331770196184	18.51422792453157	0.9564614263573975	0.72016737	55085
"GO:0051234"	"establishment of localization"	-59.25026368443094	6.888323017729411	19.032544550119077	0.9573791785617604	0.78220361	55085
"GO:0055086"	"nucleobase-containing small molecule metabolic process"	-17.694648630553377	6.310497039098203	5.031190018367107	0.9178597102381802	0.59636014	null
"GO:0060004"	"reflex"	-3.3010299956639813	3.2757719001649312	0.004642111651793778	0.927260308120439	0.47053311	null
"GO:0060078"	"regulation of postsynaptic membrane potential"	-36.493494967595126	4.801389988015998	0.15579625727655924	0.8259992510340173	0.56444985	null
"GO:0001508"	"action potential"	-22.82102305270683	4.398599635095352	0.06162489365109269	0.8358069769861486	0.79818311	60078
"GO:0003254"	"regulation of membrane depolarization"	-4.886056647693163	3.9969929818907057	0.02444123473081241	0.8355022422847235	0.74824375	60078
"GO:0019228"	"neuronal action potential"	-14.562249437179611	4.003072595967675	0.0247858241429286	0.7707151276085481	0.90180381	60078
"GO:0030322"	"stabilization of membrane potential"	-3.9244530386074694	4.298809426529585	0.048973539520541245	0.8380661620435553	0.78516232	60078
"GO:0051899"	"membrane depolarization"	-30.510041520575164	4.124178055474675	0.032758146327530956	0.8418718599720891	0.76336961	60078
"GO:0060048"	"cardiac muscle contraction"	-6.230622673923862	4.119981307304154	0.03244309315073901	0.9163137329733587	0.91199266	60078
"GO:0060306"	"regulation of membrane repolarization"	-4.7121982700697735	3.8049567998574916	0.01570589313366707	0.8438543665150707	0.72650728	60078
"GO:0060372"	"regulation of atrial cardiac muscle cell membrane repolarization"	-3.1791420105603	2.2600713879850747	0.0004455048828073562	0.8693911860360887	0.82925866	60078
"GO:0086001"	"cardiac muscle cell action potential"	-11.806875401645538	3.765668554759014	0.014347226308751817	0.846427196710234	0.87268233	60078
"GO:0086002"	"cardiac muscle cell action potential involved in contraction"	-11.782516055786093	3.735918116531297	0.013397144072488617	0.7836624098691674	0.89348333	60078
"GO:0086009"	"membrane repolarization"	-3.4485500020271247	3.77952434332479	0.01481242201510867	0.8488757127136668	0.72372284	60078
"GO:0086010"	"membrane depolarization during action potential"	-24.15552282425432	4.099438915553507	0.0309441292080336	0.839225341623626	0.76037974	60078
"GO:0086012"	"membrane depolarization during cardiac muscle cell action potential"	-13.554395796726402	2.8808135922807914	0.0018681668842584712	0.8606787776313849	0.84572387	60078
"GO:0086013"	"membrane repolarization during cardiac muscle cell action potential"	-3.9318141382538383	3.461198288622493	0.0071157713601992635	0.8502730898435451	0.95818299	60078
"GO:0086014"	"atrial cardiac muscle cell action potential"	-3.815308569182401	2.6053050461411096	0.0009894638833621943	0.7203246102066635	0.86184668	60078
"GO:0086016"	"AV node cell action potential"	-4.649751981665837	2.330413773349191	0.0005242681770053417	0.7740242562853815	0.98009419	60078
"GO:0086045"	"membrane depolarization during AV node cell action potential"	-5.812479279163537	2.1172712956557644	0.0003199758826793166	0.7787478059191264	0.77374975	60078
"GO:0086047"	"membrane depolarization during Purkinje myocyte cell action potential"	-3.486782399932061	1.9777236052888478	0.00023136717670658278	0.7820240259456137	0.84964046	60078
"GO:0086048"	"membrane depolarization during bundle of His cell action potential"	-3.486782399932061	2.0211892990699383	0.0002559807061434533	0.7810618099570038	0.85300521	60078
"GO:0098912"	"membrane depolarization during atrial cardiac muscle cell action potential"	-3.486782399932061	1.9912260756924949	0.00023875123553764393	0.7371678566113764	0.94188638	60078
"GO:0099623"	"regulation of cardiac muscle cell membrane repolarization"	-4.021819483062586	3.787176992470554	0.015075786780083185	0.8438491374265968	0.72455844	60078
"GO:0060080"	"inhibitory postsynaptic potential"	-3.1791420105603	3.2095150145426308	0.003984930415829335	0.7388129830172557	0.68868011	null
"GO:0060081"	"membrane hyperpolarization"	-3.5391021572434522	2.9656719712201065	0.0022718287670231477	0.8631684055951007	0.64463462	null
"GO:0060134"	"prepulse inhibition"	-4.168770306132937	2.48572142648158	0.0007507126478245505	0.7512210376702309	0.59976544	null
"GO:0001964"	"startle response"	-3.815308569182401	3.0429690733931802	0.002714872296886817	0.8720129256133592	0.83714834	60134
"GO:0050881"	"musculoskeletal movement"	-3.9244530386074694	3.8867162741164782	0.01895980172522135	0.9267191448145516	0.78431961	60134
"GO:0060191"	"regulation of lipase activity"	-14.213248577854438	3.663229634532868	0.011332068952735181	0.8636561761533983	0.59870042	null
"GO:0060249"	"anatomical structure homeostasis"	-8.14086170270547	4.248488225577443	0.043615174162134535	0.9164292734427398	0.63414153	null
"GO:0001659"	"temperature homeostasis"	-3.473660722610156	3.326335860928751	0.00521560688767286	0.9259783185028726	0.77427549	60249
"GO:0001776"	"leukocyte homeostasis"	-4.0400051616715835	3.8180938691466357	0.01618831831062973	0.9004406671504549	0.8275345	60249
"GO:0001894"	"tissue homeostasis"	-3.7375489102695707	4.244994166139669	0.04326566204413098	0.9164701206946573	0.88007724	60249
"GO:0031649"	"heat generation"	-4.649751981665837	2.90687353472207	0.0019838504726117628	0.9296343253715289	0.73396251	60249
"GO:0048872"	"homeostasis of number of cells"	-3.714442690992226	4.306832322684375	0.04988670146264914	0.9157412320628463	0.88824628	60249
"GO:0050891"	"multicellular organismal-level water homeostasis"	-4.407823242604133	3.2367890994092927	0.0042433724749164755	0.8033956403429974	0.76530441	60249
"GO:0060251"	"regulation of glial cell proliferation"	-3.3535962737769305	2.998695158311656	0.0024515075319123023	0.879328112515853	0.65814825	null
"GO:0060330"	"regulation of response to type II interferon"	-3.1778319206319825	3.0429690733931802	0.002714872296886817	0.8266286580385527	0.67625688	null
"GO:0001959"	"regulation of cytokine-mediated signaling pathway"	-3.137868620686963	3.9591368311703743	0.022400773140495846	0.8319345439042941	0.88414035	60330
"GO:0060334"	"regulation of type II interferon-mediated signaling pathway"	-3.1778319206319825	3.0429690733931802	0.002714872296886817	0.8137943008551544	0.88414035	60330
"GO:0060359"	"response to ammonium ion"	-18.80966830182971	2.437750562820388	0.0006719493536265648	0.9053208967318028	0.19586263	null
"GO:0060371"	"regulation of atrial cardiac muscle cell membrane depolarization"	-6.158015195409886	2.754348335711019	0.0013955871190705577	0.8586693219176144	0.62683189	null
"GO:0060402"	"calcium ion transport into cytosol"	-11.75448733218585	2.2278867046136734	0.00041350729453942445	0.8521068998802716	0.37789939	null
"GO:0060688"	"regulation of morphogenesis of a branching structure"	-3.0177287669604316	3.7491176623563223	0.013810651367028042	0.8012011689829168	0.61291067	null
"GO:0060749"	"mammary gland alveolus development"	-7.30715308072277	2.9370161074648142	0.0021266089433456116	0.9795800015814674	0.44248784	null
"GO:0007595"	"lactation"	-7.086716098239582	3.106870544478654	0.0031456090620320502	0.8193480537053613	0.84822642	60749
"GO:0060759"	"regulation of response to cytokine stimulus"	-3.5214335044061564	3.9759829437125465	0.023286860200223185	0.8479084127687351	0.5248832	null
"GO:0061041"	"regulation of wound healing"	-14.330683119433887	4.047158001128309	0.027434239910335865	0.8343590550833373	0.69656964	null
"GO:0010544"	"negative regulation of platelet activation"	-3.3344190089820467	2.747411807886423	0.0013734349425773742	0.7358251216178904	0.83001469	61041
"GO:0030193"	"regulation of blood coagulation"	-13.212539525481585	3.8840019247687874	0.01884165678392437	0.7215123795707684	0.9595657	61041
"GO:0030194"	"positive regulation of blood coagulation"	-3.3535962737769305	3.425697213362591	0.006557044241982302	0.703131886649137	0.95215911	61041
"GO:0030195"	"negative regulation of blood coagulation"	-11.995678626217357	3.697490887171057	0.012262460365448886	0.7135950256906892	0.97423316	61041
"GO:0042730"	"fibrinolysis"	-9.46344155742847	3.4807253789884878	0.00744313130170964	0.7209100977442088	0.9092333	61041
"GO:0050819"	"negative regulation of coagulation"	-12.363512103646634	3.8076703012304836	0.015804347251414552	0.7858227229261238	0.96759307	61041
"GO:0051917"	"regulation of fibrinolysis"	-3.709965388637482	3.084933574936716	0.0029905438265797665	0.7466503663257741	0.86470408	61041
"GO:0061043"	"regulation of vascular wound healing"	-4.141462802430361	2.7134905430939424	0.001270058118942518	0.7815594074774334	0.82667962	61041
"GO:0061044"	"negative regulation of vascular wound healing"	-4.649751981665837	2.606381365110605	0.0009919252363058814	0.7683541927110991	0.81631917	61041
"GO:0061045"	"negative regulation of wound healing"	-12.91721462968355	3.7777167386096258	0.014750888191516494	0.8191285421305681	0.97578115	61041
"GO:0090303"	"positive regulation of wound healing"	-4.928117992693875	3.678700434998304	0.011743114894330917	0.7944665951740357	0.93326629	61041
"GO:1900047"	"negative regulation of hemostasis"	-12.84163750790475	3.7004441010277516	0.012346146365534244	0.8255764687903987	0.97461015	61041
"GO:1903035"	"negative regulation of response to wounding"	-11.429457060118102	3.830716949436898	0.016665820781705018	0.8213877811956481	0.95259862	61041
"GO:1903036"	"positive regulation of response to wounding"	-4.698970004336019	3.7456992266025058	0.013702351837505811	0.7929660124579186	0.94168927	61041
"GO:0061577"	"calcium ion transmembrane transport via high voltage-gated calcium channel"	-3.486782399932061	1.6127838567197355	9.845411774748203E-05	0.9704161835263294	0.41746676	null
"GO:0062012"	"regulation of small molecule metabolic process"	-13.787812395596042	4.847214712241026	0.17313402741189082	0.8583253000091436	0.27374882	null
"GO:0062013"	"positive regulation of small molecule metabolic process"	-10.876148359032914	3.9484618700612835	0.02185681413994101	0.8099583007985804	0.44252074	null
"GO:0010565"	"regulation of cellular ketone metabolic process"	-6.223298816011589	4.4752497618479286	0.0735206124279322	0.8494850142264876	0.81154979	62013
"GO:1902930"	"regulation of alcohol biosynthetic process"	-9.651695136951838	3.6114046377115936	0.01005708812790529	0.8694927301691154	0.71999414	62013
"GO:0065007"	"biological regulation"	-28.61798295742513	7.055508065118343	27.969320810822822	1	-0	null
"GO:0065008"	"regulation of biological quality"	-137.16430942850758	6.0900643235623235	3.028571729559731	0.8475766844969957	0	null
"GO:0065009"	"regulation of molecular function"	-19.701146923590294	5.770877038060686	1.4522794614225014	0.8566129197215733	0.23746975	null
"GO:0070050"	"neuron cellular homeostasis"	-3.0296531237699065	3.625312450961674	0.010384448069415667	0.9808975525298903	0.56744993	null
"GO:0070167"	"regulation of biomineral tissue development"	-3.705533773838407	3.8456560599835443	0.01724916142935885	0.7954384743560636	0.68554064	null
"GO:0070302"	"regulation of stress-activated protein kinase signaling cascade"	-3.0409586076789066	3.7670816213633223	0.014393992014681873	0.8287302797183548	0.66857666	null
"GO:0070371"	"ERK1 and ERK2 cascade"	-5.18111458540599	3.229425847920695	0.004171993239549551	0.8281458541084633	0.51721964	null
"GO:0070372"	"regulation of ERK1 and ERK2 cascade"	-16.092588639225415	4.481858091100589	0.07464791207614087	0.8188284381965478	0.63008072	null
"GO:0070482"	"response to oxygen levels"	-27.17979854051436	4.571510850866108	0.09176416044654062	0.9125834972057096	0.65261068	null
"GO:0006970"	"response to osmotic stress"	-5.335358024443875	4.676748464410772	0.11692657158985334	0.904374699689873	0.75398892	70482
"GO:0009266"	"response to temperature stimulus"	-8.161780778092375	5.205074381062382	0.3946804058731623	0.9032042684242814	0.73940544	70482
"GO:0009314"	"response to radiation"	-7.684029654543083	5.117069019829141	0.322284631740495	0.9046274612289149	0.82180635	70482
"GO:0009408"	"response to heat"	-3.8297382846050425	5.132054664397105	0.3335994712226244	0.8968387281720547	0.82432972	70482
"GO:0009416"	"response to light stimulus"	-5.33161408331	5.013852202500837	0.2541100779062511	0.9059090910833165	0.80483705	70482
"GO:0009581"	"detection of external stimulus"	-3.721246399047171	4.580320418404609	0.09364463409551753	0.9111914430366996	0.75570565	70482
"GO:0009582"	"detection of abiotic stimulus"	-3.987162775294828	4.57992072059266	0.09355848674248848	0.9113420582427837	0.74055009	70482
"GO:0071214"	"cellular response to abiotic stimulus"	-5.600326278518962	4.812679442785524	0.15989933263368555	0.8994269950454612	0.77369933	70482
"GO:0070633"	"transepithelial transport"	-8.485452247339714	3.2041199826559246	0.003935703356955594	0.9786262298244282	0.20894759	null
"GO:0070920"	"regulation of regulatory ncRNA processing"	-4.600326278518962	3.5634810853944106	0.009006090420950918	0.8737311382018452	0.20547456	null
"GO:0060965"	"negative regulation of miRNA-mediated gene silencing"	-3.0213630516155257	3.2487087356009177	0.004361517416213454	0.8055009482171195	0.88792214	70920
"GO:1903798"	"regulation of miRNA processing"	-4.600326278518962	3.2860071220794747	0.004752872534259695	0.8779516659172946	0.89188175	70920
"GO:1903800"	"positive regulation of miRNA processing"	-4.168770306132937	2.8356905714924254	0.0016835654134819424	0.8312731891257511	0.84630018	70920
"GO:0070989"	"oxidative demethylation"	-4.72584215073632	3.688864568054792	0.012021247776967555	0.9881363638358164	0.03466678	null
"GO:0071216"	"cellular response to biotic stimulus"	-7.527243550682788	4.361028625813672	0.056517586292942054	0.9123017739610069	0.61771067	null
"GO:0071229"	"cellular response to acid chemical"	-15.97469413473523	4.228220648868423	0.0416264009836354	0.8790313469138811	0.48201579	null
"GO:0009415"	"response to water"	-3.709965388637482	3.9348013417465366	0.021179942080427068	0.8734619270361421	0.78697288	71229
"GO:0043200"	"response to amino acid"	-9.346787486224656	4.768578908868907	0.14445926561793668	0.883643630460747	0.89245532	71229
"GO:0071236"	"cellular response to antibiotic"	-7.698970004336019	2.5490032620257876	0.0008688575891215289	0.90334047667442	0.25551922	null
"GO:0071242"	"cellular response to ammonium ion"	-8.339134521996131	2.225309281725863	0.0004110459415957375	0.8967999069635473	0.45556042	null
"GO:1903831"	"signal transduction involved in cellular response to ammonium ion"	-7.149966742310231	0.47712125471966244	4.922705887374102E-06	0.8424739703300484	0.81497827	71242
"GO:0071248"	"cellular response to metal ion"	-12.368556230986828	4.604798253272669	0.09907437868929116	0.8692627909083754	0.5573736	null
"GO:0010039"	"response to iron ion"	-6.133712660915805	4.258589397561461	0.044641558339652034	0.8890025825192359	0.81531098	71248
"GO:0010043"	"response to zinc ion"	-4.94692155651658	4.342027688087472	0.05409807634929769	0.8876603534910397	0.82615982	71248
"GO:0010288"	"response to lead ion"	-4.180456064458132	3.519827993775719	0.00814461689066045	0.89960747274766	0.73038309	71248
"GO:0046686"	"response to cadmium ion"	-7.87942606879415	4.053884790394692	0.027862515322537414	0.8921618889809805	0.78986362	71248
"GO:0046688"	"response to copper ion"	-7.347753658996677	3.9962051061783246	0.024396930377826045	0.8930194642793857	0.78297751	71248
"GO:0071276"	"cellular response to cadmium ion"	-5.129011186239425	3.4831592097169795	0.007484974301752321	0.8878205308185922	0.72662555	71248
"GO:0071280"	"cellular response to copper ion"	-4.943095148663527	3.2342641243787895	0.004218758945479605	0.8912947498606512	0.70210496	71248
"GO:0071294"	"cellular response to zinc ion"	-3.9318141382538383	3.2137832993353044	0.004024312062928328	0.8915710028563366	0.70016043	71248
"GO:0071396"	"cellular response to lipid"	-25.32605800136591	4.900798477444064	0.19586954455272812	0.8573100818110009	0.65601041	null
"GO:0009753"	"response to jasmonic acid"	-4.649751981665837	3.849357981661299	0.017396842605980074	0.8734843198413441	0.9619711	71396
"GO:0031663"	"lipopolysaccharide-mediated signaling pathway"	-5.129011186239425	3.6487502126980194	0.010960404658238438	0.7529204675451311	0.88965395	71396
"GO:0032496"	"response to lipopolysaccharide"	-24.115771230367397	4.367374559874197	0.05734952358790828	0.8547169850451231	0.86354824	71396
"GO:0032526"	"response to retinoic acid"	-11.315154638355587	3.8737854608182007	0.018403535959948078	0.8791274735188006	0.7973891	71396
"GO:0070542"	"response to fatty acid"	-8.078313524516398	4.011020355516257	0.025243635790454393	0.8768567272348313	0.81474467	71396
"GO:0071219"	"cellular response to molecule of bacterial origin"	-8.504455662453552	4.312388949370592	0.05052911458095146	0.9009815841069859	0.98007661	71396
"GO:0071222"	"cellular response to lipopolysaccharide"	-8.08460016478773	4.281374302355047	0.04704630016563428	0.8451372277301391	0.97534246	71396
"GO:0071300"	"cellular response to retinoic acid"	-5.718966632752273	3.5972562829251418	0.009734650892282285	0.8726137773590728	0.76456886	71396
"GO:0071379"	"cellular response to prostaglandin stimulus"	-3.598599459218456	3.3324384599156054	0.0052894474759834715	0.8795031770635595	0.73557058	71396
"GO:0071395"	"cellular response to jasmonic acid stimulus"	-4.649751981665837	3.771881320190099	0.01455397995602153	0.8641529520220734	0.95210553	71396
"GO:0071398"	"cellular response to fatty acid"	-7.327902142064283	3.8901414600645774	0.019109944254786262	0.8669759253269529	0.7994187	71396
"GO:0071407"	"cellular response to organic cyclic compound"	-25.79317412396815	4.776526850213981	0.14712737220889346	0.8559329142970107	0.57427336	null
"GO:0007210"	"serotonin receptor signaling pathway"	-18.4145392704915	3.370698092575577	0.0057767953588335075	0.7713073063765712	0.76684913	71407
"GO:0014072"	"response to isoquinoline alkaloid"	-3.2403321553103694	3.0008677215312267	0.0024638142966307377	0.8891640749205842	0.93352015	71407
"GO:0014074"	"response to purine-containing compound"	-17.302770657240284	3.9555915504057246	0.022218633022663005	0.8771786835164614	0.83602249	71407
"GO:0030518"	"nuclear receptor-mediated steroid hormone signaling pathway"	-3.6497519816658373	3.966751664051378	0.022797050964429463	0.7540376140445914	0.92288888	71407
"GO:0031000"	"response to caffeine"	-6.605548319173784	2.5728716022004803	0.00091808464799527	0.8933010797491338	0.86383346	71407
"GO:0031960"	"response to corticosteroid"	-20.7594507517174	3.8361341494653747	0.01687503578191842	0.8731462567026779	0.82090048	71407
"GO:0032355"	"response to estradiol"	-14.448550002027124	3.8687619582120503	0.01819185960679099	0.8732715227508413	0.82497629	71407
"GO:0033198"	"response to ATP"	-5.595166283380062	3.6634182122526795	0.011336991658622555	0.8737378528513642	0.91258022	71407
"GO:0042220"	"response to cocaine"	-9.809668301829708	2.9552065375419416	0.0022176790022620328	0.883552015605133	0.72425903	71407
"GO:0043278"	"response to morphine"	-3.2403321553103694	2.998695158311656	0.0024515075319123023	0.8891926017588472	0.93329383	71407
"GO:0043401"	"steroid hormone receptor signaling pathway"	-7.257274868695302	4.333265860726174	0.053017542407019065	0.742930574963266	0.97528062	71407
"GO:0048148"	"behavioral response to cocaine"	-3.3010299956639813	2.6434526764861874	0.0010805339422786152	0.8366971722535056	0.8701867	71407
"GO:0048545"	"response to steroid hormone"	-21.869666231504993	4.458078570949283	0.0706703657191426	0.8630448199337873	0.90624031	71407
"GO:0051384"	"response to glucocorticoid"	-17.164943898279883	3.8107700112343634	0.015917569486824157	0.8726398015331557	0.83174918	71407
"GO:0051385"	"response to mineralocorticoid"	-5.432973633840939	2.7403626894942437	0.0013512827660841907	0.8883901346942997	0.87041758	71407
"GO:0051591"	"response to cAMP"	-7.866461091629782	3.549738731264899	0.008725496185370593	0.8755611698716746	0.78677872	71407
"GO:0070305"	"response to cGMP"	-3.1791420105603	2.444044795918076	0.0006817947654013131	0.8908811816732413	0.79181588	71407
"GO:0071312"	"cellular response to alkaloid"	-5.595166283380062	3.2496874278053016	0.004371362827988202	0.8818925887282518	0.92878608	71407
"GO:0071318"	"cellular response to ATP"	-3.3344190089820467	2.6794278966121188	0.001174065354138723	0.8784195622429823	0.81260666	71407
"GO:0071320"	"cellular response to cAMP"	-3.3133637307377066	3.4991369945373827	0.007765568537332645	0.8658319755314751	0.89422318	71407
"GO:0071383"	"cellular response to steroid hormone stimulus"	-9.651695136951838	4.427745699349721	0.06590272506722078	0.85059429357683	0.90555164	71407
"GO:0071384"	"cellular response to corticosteroid stimulus"	-8.289036881004725	3.745777217889759	0.013704813190449496	0.8630435734654469	0.98472667	71407
"GO:0071385"	"cellular response to glucocorticoid stimulus"	-5.7544873321858505	3.7335182514344876	0.013323303484178007	0.8632295705948927	0.98315321	71407
"GO:0071392"	"cellular response to estradiol stimulus"	-4.987162775294828	3.5703093854358796	0.009148848891684767	0.8676560267831206	0.78913488	71407
"GO:0071548"	"response to dexamethasone"	-4.5951662833800615	3.2278867046136734	0.004157225121887429	0.8757702592269907	0.92235511	71407
"GO:0071549"	"cellular response to dexamethasone stimulus"	-3.2403321553103694	3.196728722623287	0.003869246827476043	0.8668603564171322	0.91885272	71407
"GO:0071868"	"cellular response to monoamine stimulus"	-6.008330992620052	4.22533513181854	0.04135072945394245	0.8675098675061383	0.99904365	71407
"GO:0071869"	"response to catecholamine"	-5.402304814074488	4.22665145045481	0.04147625845407049	0.8644348515172589	0.99924567	71407
"GO:0071870"	"cellular response to catecholamine stimulus"	-6.008330992620052	4.225283430094444	0.041345806748055075	0.8529472465865084	0.8874758	71407
"GO:0071420"	"cellular response to histamine"	-6.158015195409886	2.187520720836463	0.00037658700038411874	0.8912475071145631	0.65671133	null
"GO:0071495"	"cellular response to endogenous stimulus"	-41.361510743045365	5.451290473578162	0.6957654047096807	0.8951151328837554	0.36345271	null
"GO:0009725"	"response to hormone"	-39.356547323513816	5.403883727818924	0.6238151354598208	0.8604939831909287	0.94764641	71495
"GO:0009755"	"hormone-mediated signaling pathway"	-10.404503778174426	5.13002160770718	0.3320414348092705	0.72764611713546	0.89167001	71495
"GO:0032870"	"cellular response to hormone stimulus"	-22.723538195826755	5.304944834393971	0.4967256375654837	0.8473960135669925	0.92663079	71495
"GO:0035924"	"cellular response to vascular endothelial growth factor stimulus"	-4.152427340857888	3.9185545305502734	0.020402154550221964	0.9163206999246972	0.70694047	71495
"GO:0070848"	"response to growth factor"	-9.522878745280337	4.9209108146244525	0.20515376785631567	0.9041176825039056	0.85318869	71495
"GO:0071363"	"cellular response to growth factor stimulus"	-8.321481620959887	4.917090447138433	0.2033569802074241	0.9029175028084087	0.85251653	71495
"GO:0071496"	"cellular response to external stimulus"	-14.022733787572708	3.552911450216509	0.008789491361906458	0.9245957770812415	0.48849829	null
"GO:0071872"	"cellular response to epinephrine stimulus"	-3.092588639225414	2.3909351071033793	0.0006030314712033274	0.905071369733594	0.3163828	null
"GO:0071875"	"adrenergic receptor signaling pathway"	-11.882728704344236	4.32608996426356	0.05214868481789754	0.7991273995172906	0.62954642	null
"GO:0072337"	"modified amino acid transport"	-6.333482019445119	4.663389930814253	0.11338468470388767	0.9696640634597292	0.28064251	null
"GO:0072338"	"lactam metabolic process"	-3.486782399932061	4.049954148022047	0.027611457322281333	0.9485582075129952	0.28059068	null
"GO:0072347"	"response to anesthetic"	-10.027334407733889	1.9344984512435677	0.00020921500021339932	0.9200298005666662	0.24095963	null
"GO:0072376"	"protein activation cascade"	-3.3565473235138126	3.2214142378423385	0.0040956912982952525	0.9653559903284072	0.36931054	null
"GO:0072488"	"ammonium transmembrane transport"	-7.756961951313706	4.421324177463862	0.06493541336035177	0.9593702895237392	0.5841351	null
"GO:0072521"	"purine-containing compound metabolic process"	-14.134896025358872	6.128667711565982	3.3101012792586566	0.9807718068709408	0.06676886	null
"GO:0072523"	"purine-containing compound catabolic process"	-8.393618634889394	5.450412323089719	0.6943599721788354	0.9486673533668905	0.51126715	null
"GO:0006164"	"purine nucleotide biosynthetic process"	-5.72584215073632	5.761193877021937	1.420257259625133	0.8832701193948359	0.80121585	72523
"GO:0072522"	"purine-containing compound biosynthetic process"	-7.062983892535186	5.883979233764215	1.8843108982161147	0.9556833241605648	0.73709355	72523
"GO:0072527"	"pyrimidine-containing compound metabolic process"	-6.037157318798758	5.560602374290914	0.8949011646186815	0.983238736880129	0.05159595	null
"GO:0072528"	"pyrimidine-containing compound biosynthetic process"	-6.370590400897281	5.455504182126205	0.7025488934224823	0.9653308552720036	0.05021899	null
"GO:0006220"	"pyrimidine nucleotide metabolic process"	-3.452225294612177	5.3476129465061275	0.5480054647942597	0.8971224617133322	0.91964101	72528
"GO:0008655"	"pyrimidine-containing compound salvage"	-4.7594507517174005	4.235275876687052	0.042308195749036714	0.9468564514002797	0.73455128	72528
"GO:0072593"	"reactive oxygen species metabolic process"	-6.655607726314889	5.129190230657091	0.33140640574979924	0.9682898131509479	0.12246019	null
"GO:0090066"	"regulation of anatomical structure size"	-17.97881070093006	5.195708742179063	0.38626011745280886	0.8246071057871078	0.61058821	null
"GO:0090218"	"positive regulation of lipid kinase activity"	-9.34582345812204	1.9084850188786497	0.00019690823549496406	0.8116759581297561	0.6470058	null
"GO:0090279"	"regulation of calcium ion import"	-3.7351821769904636	3.312811826212088	0.005055618946333202	0.8354190293253174	0.67293612	null
"GO:1902514"	"regulation of calcium ion transmembrane transport via high voltage-gated calcium channel"	-3.092588639225414	3.1473671077937864	0.003453278179992932	0.834032247840106	0.71431516	90279
"GO:0090520"	"sphingolipid mediated signaling pathway"	-3.9244530386074694	3.6886867242841235	0.012016325071080181	0.820448207263528	0.30762169	null
"GO:0097164"	"ammonium ion metabolic process"	-15.667561540084394	4.194264516025517	0.03849556003926547	0.9871296336086879	0.03803692	null
"GO:0097190"	"apoptotic signaling pathway"	-4.896196279044043	4.6552441130877975	0.11127776658409155	0.7937629142378576	0.3652966	null
"GO:0051402"	"neuron apoptotic process"	-3.1791420105603	3.905418068702542	0.019794200373131263	0.9934992280189023	0.72538493	97190
"GO:0097242"	"amyloid-beta clearance"	-3.1778319206319825	3.295567099962479	0.004858710710838238	0.9428672815429773	0.44502904	null
"GO:0097267"	"omega-hydroxylase P450 pathway"	-6.638272163982407	1.919078092376074	0.00020183094138233817	0.9340030859647105	0.6736614	null
"GO:0097327"	"response to antineoplastic agent"	-3.034798298974088	1.0413926851582251	2.4613529436870507E-05	0.9272743592893627	0.22195079	null
"GO:0097366"	"response to bronchodilator"	-12.96657624451305	4.74170298395774	0.13579084205394779	0.8852449338152897	0.53241151	null
"GO:0097646"	"calcitonin family receptor signaling pathway"	-3.1791420105603	2.9916690073799486	0.0024121258848133096	0.8309745908069128	0.45454151	null
"GO:0097647"	"amylin receptor signaling pathway"	-3.5228787452803374	2.0453229787866576	0.0002707488238055756	0.8480521998181013	0.40604816	null
"GO:0098656"	"monoatomic anion transmembrane transport"	-15.943095148663527	5.277178143644761	0.4659611871223392	0.9535975143128425	0.67266989	null
"GO:0006821"	"chloride transport"	-12.421360790031928	5.0822322798435655	0.2974421964798616	0.9622608140373128	0.93718004	98656
"GO:1902476"	"chloride transmembrane transport"	-13.212539525481585	5.072771766971064	0.29103283341450054	0.9530843343723608	0.93535859	98656
"GO:0098657"	"import into cell"	-18.69897000433602	5.7162362968393845	1.2805877868356113	0.9669930189524031	0.37295553	null
"GO:0098660"	"inorganic ion transmembrane transport"	-66.47108329972235	6.190487735959	3.8164655749516183	0.9523588794242072	0.55485039	null
"GO:0098662"	"inorganic cation transmembrane transport"	-59.6903698325741	6.125479313810896	3.285888950351606	0.9477636542434836	0.54219435	null
"GO:0035725"	"sodium ion transmembrane transport"	-19.39902710431325	5.326604139262278	0.5221267999443341	0.9503148489592232	0.7245691	98662
"GO:0051209"	"release of sequestered calcium ion into cytosol"	-4.767003889607846	4.467563712055963	0.07223086348544018	0.7594280084150693	0.84926673	98662
"GO:0051283"	"negative regulation of sequestering of calcium ion"	-4.651695136951839	4.477208104931312	0.07385289507532995	0.7964409312916624	0.97111511	98662
"GO:0070509"	"calcium ion import"	-9.517126416391246	4.414103889258189	0.0638647248298479	0.9650209990519513	0.84113293	98662
"GO:0070588"	"calcium ion transmembrane transport"	-22.97469413473523	5.221510737005474	0.40990387382986665	0.9500232899643017	0.70489604	98662
"GO:0071805"	"potassium ion transmembrane transport"	-29.329754146925875	5.353237054922488	0.5551483110368395	0.9500449384303516	0.72973032	98662
"GO:0097553"	"calcium ion transmembrane import into cytosol"	-10.060980223551333	4.717429161244508	0.12840878307215342	0.9544117424410226	0.88946734	98662
"GO:0098661"	"inorganic anion transmembrane transport"	-11.163675884293248	5.39502569079866	0.6112203924469742	0.9543332170074457	0.73797845	98662
"GO:1902600"	"proton transmembrane transport"	-3.5590909179347823	5.774673137677676	1.4650292696708005	0.9466888225104162	0.82243129	98662
"GO:0098664"	"G protein-coupled serotonin receptor signaling pathway"	-17.68402965454308	4.327930804554236	0.05237020658282938	0.7990750337762572	0.62974831	null
"GO:0098735"	"positive regulation of the force of heart contraction"	-3.9746941347352296	2.1522883443830563	0.00034705076505987413	0.8059415782918999	0.49451294	null
"GO:0098739"	"import across plasma membrane"	-20.279840696594043	5.284613437501947	0.4740073498952522	0.9539993762283602	0.32863898	null
"GO:0006897"	"endocytosis"	-4.2716462179787715	5.373257828645101	0.5813395677106135	0.9526687075290138	0.8194923	98739
"GO:0006898"	"receptor-mediated endocytosis"	-5.573488738635425	4.814906530466386	0.16072142451687704	0.9569692268279995	0.73009099	98739
"GO:0006909"	"phagocytosis"	-3.9507819773298185	4.541803820948174	0.08569692544035204	0.9589079097711456	0.75843326	98739
"GO:0089718"	"amino acid import across plasma membrane"	-3.3535962737769305	4.443841661071163	0.06839115289328838	0.9591485244164032	0.79201593	98739
"GO:0098659"	"inorganic cation import across plasma membrane"	-13.866461091629782	4.932539715606996	0.2107213482149358	0.9519963095028583	0.74726606	98739
"GO:0098719"	"sodium ion import across plasma membrane"	-4.119186407719209	4.2610962581323335	0.044900000398739176	0.9527844506263746	0.88651085	98739
"GO:0099587"	"inorganic ion import across plasma membrane"	-13.866461091629782	4.9329960244977835	0.2109428699798676	0.9526831069144212	0.86440331	98739
"GO:1990573"	"potassium ion import across plasma membrane"	-12.14206473528057	4.580514424693191	0.0936864770955602	0.9502427711757889	0.93615112	98739
"GO:0098900"	"regulation of action potential"	-6.782516055786093	3.523226041965701	0.008208612067196313	0.8493213408172318	0.69680767	null
"GO:0098976"	"excitatory chemical synaptic transmission"	-4.542118103266008	2.322219294733919	0.0005144227652305936	0.8837431255174636	0.60828239	null
"GO:0099177"	"regulation of trans-synaptic signaling"	-15.400116927926312	5.00105405543172	0.24673094178107735	0.8356157626062543	0.69824703	null
"GO:0099505"	"regulation of presynaptic membrane potential"	-5.812479279163537	2.9542425094393248	0.0022127562963746585	0.8633498246260131	0.64364622	null
"GO:0099622"	"cardiac muscle cell membrane repolarization"	-3.9318141382538383	3.461198288622493	0.0071157713601992635	0.8539746827916255	0.69059142	null
"GO:0086011"	"membrane repolarization during action potential"	-3.9318141382538383	3.755951041004132	0.014029711779016187	0.8460102106418352	0.95711443	99622
"GO:0104004"	"cellular response to environmental stimulus"	-5.600326278518962	4.812679442785524	0.15989933263368555	0.9127613358992221	0.30768993	null
"GO:0106027"	"neuron projection organization"	-3.3516399890190685	3.7011360660925265	0.012365837189083743	0.9918842268942235	0.24380981	null
"GO:0120162"	"positive regulation of cold-induced thermogenesis"	-3.6216020990518625	3.479719235439571	0.007425901831103832	0.7636813075830802	0.58915191	null
"GO:0120188"	"regulation of bile acid secretion"	-3.9746941347352296	2.0293837776852097	0.00026090341203082736	0.8589668214333606	0.52329066	null
"GO:0032892"	"positive regulation of organic acid transport"	-3.9507819773298185	3.351409751925439	0.005525737358577428	0.7916027519364959	0.84128313	120188
"GO:0140157"	"ammonium import across plasma membrane"	-3.486782399932061	1.591064607026499	9.353141186010792E-05	0.9678974893273776	0.44733552	null
"GO:0150094"	"amyloid-beta clearance by cellular catabolic process"	-3.1791420105603	2.9552065375419416	0.0022176790022620328	0.9072870000516761	0.4220783	null
"GO:1900046"	"regulation of hemostasis"	-13.954677021213342	3.8884041677370464	0.019033642313531964	0.8424555584799761	0.48039747	null
"GO:0007589"	"body fluid secretion"	-9.812479279163536	3.6568644915489172	0.011167158305508148	0.8270784571941667	0.77481073	1900046
"GO:0007596"	"blood coagulation"	-7.790484985457369	4.482659240683335	0.07478574784098735	0.7311411885925845	0.86827203	1900046
"GO:0007599"	"hemostasis"	-8.555955204081924	4.485749810814252	0.07531986142976743	0.8341132791785778	0.9512729	1900046
"GO:0030168"	"platelet activation"	-6.0400051616715835	4.025264892154508	0.026085418497195364	0.7367277517928084	0.93062252	1900046
"GO:0042060"	"wound healing"	-5.411168274405793	4.688428721388616	0.12011402365192808	0.9128512309589208	0.92559794	1900046
"GO:0070527"	"platelet aggregation"	-5.4179366370882915	3.686546899063006	0.011957252600431692	0.7459308343283073	0.88589507	1900046
"GO:1900048"	"positive regulation of hemostasis"	-3.3535962737769305	3.425697213362591	0.006557044241982302	0.7995589290411956	0.75214268	1900046
"GO:1900221"	"regulation of amyloid-beta clearance"	-4.119186407719209	2.959994838328416	0.002242292531698903	0.825748607802719	0.54814379	null
"GO:1900222"	"negative regulation of amyloid-beta clearance"	-3.815308569182401	2.4533183400470375	0.0006965628830634353	0.8193994688410126	0.51326453	null
"GO:1900273"	"positive regulation of long-term synaptic potentiation"	-3.3089185078770313	2.6794278966121188	0.001174065354138723	0.8013261546682529	0.50651508	null
"GO:1900407"	"regulation of cellular response to oxidative stress"	-3.336299074610352	3.116275587580544	0.0032145269444552884	0.8529705000436391	0.6114621	null
"GO:1900449"	"regulation of glutamate receptor signaling pathway"	-5.823908740944319	3.0707764628434346	0.0028945510617759715	0.850826046270313	0.49745319	null
"GO:1901070"	"guanosine-containing compound biosynthetic process"	-4.443697499232712	0.47712125471966244	4.922705887374102E-06	0.9434925168239434	0.23076969	null
"GO:1901135"	"carbohydrate derivative metabolic process"	-13.576754126063193	6.429946135493561	6.623993042050591	0.979115812422322	0.0984493	null
"GO:1901136"	"carbohydrate derivative catabolic process"	-8.274088367704952	5.704056953207529	1.245173840681842	0.9388291584059331	0.54877343	null
"GO:1901160"	"primary amino compound metabolic process"	-3.9244530386074694	4.170906808930748	0.03647971197838578	0.9871800251652139	0.0378668	null
"GO:1901222"	"regulation of non-canonical NF-kappaB signal transduction"	-3.832682665251824	3.794975744051132	0.015348996956832449	0.8357078697720611	0.55746219	null
"GO:1901224"	"positive regulation of non-canonical NF-kappaB signal transduction"	-4.238824186844268	3.510410948010177	0.00796986083165867	0.7933987074934117	0.56120225	null
"GO:1901264"	"carbohydrate derivative transport"	-3.449771646944906	5.2229582564460495	0.41127238606655664	0.9702140914531434	0.32315389	null
"GO:1901342"	"regulation of vasculature development"	-13.34582345812204	4.425159104599705	0.06551136994917453	0.7791493260091173	0.68190806	null
"GO:0045765"	"regulation of angiogenesis"	-11.714442690992227	4.419790586106362	0.06470650753658887	0.7775139424673431	0.74730747	1901342
"GO:0045766"	"positive regulation of angiogenesis"	-10.906578314837764	4.111564935454498	0.03182037085598619	0.7412493681797742	0.95166994	1901342
"GO:0051960"	"regulation of nervous system development"	-3.318758762624413	4.88899899184618	0.19061947872384363	0.7640911116406878	0.80670446	1901342
"GO:1901343"	"negative regulation of vasculature development"	-3.316052869248488	4.022634539944119	0.02592789190879939	0.7707962535506193	0.93917753	1901342
"GO:1903670"	"regulation of sprouting angiogenesis"	-5.424812155072339	3.3298045221640695	0.00525744988771554	0.806397141054254	0.85202991	1901342
"GO:1903672"	"positive regulation of sprouting angiogenesis"	-5.958607314841775	2.9370161074648142	0.0021266089433456116	0.7754648037466525	0.80942632	1901342
"GO:1904018"	"positive regulation of vasculature development"	-11.171984935776024	4.116076171728611	0.03215265350338394	0.7411863563135764	0.95231251	1901342
"GO:1901568"	"fatty acid derivative metabolic process"	-16.67366413907125	5.147855568954347	0.34596038570582077	0.9565496260563224	0.47532629	null
"GO:1901570"	"fatty acid derivative biosynthetic process"	-5.452225294612178	4.857688230899298	0.1773601704162015	0.9500396159459789	0.44843784	null
"GO:1901571"	"fatty acid derivative transport"	-10.588380294036769	0.6020599913279624	7.384058831061151E-06	0.9819596624177129	0.43867123	null
"GO:1901605"	"alpha-amino acid metabolic process"	-17.546681659952963	6.204814027521744	3.9444608507292327	0.9009487855452794	0.69522703	null
"GO:0006633"	"fatty acid biosynthetic process"	-7.236572006437063	5.530095916325892	0.8341968169685278	0.8893713170105698	0.76104729	1901605
"GO:0008652"	"amino acid biosynthetic process"	-6.5968794788241825	6.048555994777868	2.752513767454623	0.9511903284640197	0.8026577	1901605
"GO:0009063"	"amino acid catabolic process"	-13.098541678603887	5.66589698238364	1.1404334275161834	0.9458585463353043	0.71088897	1901605
"GO:0009064"	"glutamine family amino acid metabolic process"	-3.6675615400843946	5.660914783748703	1.1274251772087973	0.9110396592172695	0.70983232	1901605
"GO:0016053"	"organic acid biosynthetic process"	-13.534617148551582	6.236575046487796	4.243739216505085	0.896433323034767	0.82526669	1901605
"GO:0019752"	"carboxylic acid metabolic process"	-40.935542010773084	6.517258199558676	8.099010481966873	0.8979466829999366	0.80487431	1901605
"GO:0043436"	"oxoacid metabolic process"	-38.61439372640169	6.526826292968412	8.279422730033247	0.8979586189012976	0.90424573	1901605
"GO:0046394"	"carboxylic acid biosynthetic process"	-13.603800652904264	6.234378064251388	4.222325445895008	0.8951147503650828	0.722099	1901605
"GO:0072330"	"monocarboxylic acid biosynthetic process"	-6.555955204081924	5.658166951214499	1.1203143285544854	0.9056766896428645	0.79036012	1901605
"GO:1901607"	"alpha-amino acid biosynthetic process"	-4.928117992693875	6.010750134117194	2.5230369098087917	0.8951547350281658	0.88410808	1901605
"GO:1901615"	"organic hydroxy compound metabolic process"	-34.08724669632868	5.82401057106121	1.6412842926152864	0.9821837265663611	-0	null
"GO:1901652"	"response to peptide"	-20.226213555018806	5.073641379946688	0.29161617406215434	0.8789842296352325	0.57100285	null
"GO:1901653"	"cellular response to peptide"	-14.76447155309245	2.2430380486862944	0.00042827541220154676	0.9042940256727292	0.6311684	null
"GO:1901654"	"response to ketone"	-16.07727454200674	4.0050088206723675	0.02489658502539452	0.884212848229509	0.69212269	null
"GO:1901655"	"cellular response to ketone"	-9.447331783887806	3.7424894645817752	0.013601436366814641	0.8756771250938542	0.66241331	null
"GO:1901657"	"glycosyl compound metabolic process"	-13.94692155651658	5.376452855189143	0.5856321672444037	0.9607877468170751	0.04923076	null
"GO:1901685"	"glutathione derivative metabolic process"	-5.131355561605174	1.7558748556724915	0.00013783576484647483	0.9794142024675139	0.27033695	null
"GO:1901687"	"glutathione derivative biosynthetic process"	-5.131355561605174	1.7558748556724915	0.00013783576484647483	0.9741239656579788	0.09724534	null
"GO:1901698"	"response to nitrogen compound"	-54.45717457304082	5.194450511165822	0.3851426632163749	0.8765286537674342	0.58647438	null
"GO:1901699"	"cellular response to nitrogen compound"	-30.39902710431325	4.935814488495356	0.212316304922445	0.8548745867206557	0.66067631	null
"GO:0032868"	"response to insulin"	-4.958607314841775	4.440720217316904	0.06790134365749467	0.8596304177161611	0.9401576	1901699
"GO:0032869"	"cellular response to insulin stimulus"	-3.6798537138889458	4.378615902031224	0.05885341023650107	0.8492322647512123	0.93070099	1901699
"GO:0043279"	"response to alkaloid"	-16.505845405981557	3.422917980767662	0.006515201241939623	0.8935260098997413	0.70128253	1901699
"GO:0043434"	"response to peptide hormone"	-12.126098402135538	4.731693498907015	0.13269645990005627	0.8538179420077004	0.86667077	1901699
"GO:0071375"	"cellular response to peptide hormone stimulus"	-8.714442690992227	4.664529157142216	0.11368250841007381	0.8427736456754268	0.85630809	1901699
"GO:0071867"	"response to monoamine"	-5.402304814074488	4.227140825423186	0.041523024160000546	0.881449520797784	0.79444682	1901699
"GO:1901700"	"response to oxygen-containing compound"	-86.25414480482627	5.564509832144328	0.9029891703916372	0.8683291057783878	0.37551818	null
"GO:0009636"	"response to toxic substance"	-44.57839607313017	5.620163132442645	1.0264457113410923	0.8669985342564328	0.7161887	1901700
"GO:0070887"	"cellular response to chemical stimulus"	-59.935542010773084	5.946342695005116	2.1752846591599666	0.8501746015960844	0.70543593	1901700
"GO:1901701"	"cellular response to oxygen-containing compound"	-50.41341269532825	5.358646658683822	0.5621065558086429	0.8446530760666493	0.64005696	null
"GO:0000302"	"response to reactive oxygen species"	-18.67366413907125	5.018317618326985	0.2567363414971652	0.8581883550173989	0.83701118	1901701
"GO:0009743"	"response to carbohydrate"	-4.542118103266008	4.33635965446523	0.053396590760346876	0.8786753023506987	0.73365176	1901701
"GO:0009746"	"response to hexose"	-3.714442690992226	4.258230090449129	0.04460463804549673	0.8773066416435252	0.98609337	1901701
"GO:0009749"	"response to glucose"	-3.9746941347352296	4.169292274879936	0.03634433756648299	0.8788360207228306	0.71210841	1901701
"GO:0034284"	"response to monosaccharide"	-4.34008379993015	4.259474419531076	0.04473262839856846	0.8773922734659415	0.96354943	1901701
"GO:0034599"	"cellular response to oxidative stress"	-11.0695604052333	5.1302340301621	0.33220388410355384	0.8539513385620182	0.89847354	1901701
"GO:0034614"	"cellular response to reactive oxygen species"	-12.818156412055227	4.716812715219713	0.1282266429543206	0.8510127481466584	0.78793368	1901701
"GO:0042542"	"response to hydrogen peroxide"	-10.651695136951838	4.679427896612119	0.11765020935529734	0.8651238616530857	0.88770707	1901701
"GO:0070301"	"cellular response to hydrogen peroxide"	-5.614393726401688	4.025141949625193	0.026078034438364303	0.8652302828972963	0.798012	1901701
"GO:0071322"	"cellular response to carbohydrate stimulus"	-3.5214335044061564	4.003934206173708	0.02483505120180234	0.8697815007771718	0.92859392	1901701
"GO:0071326"	"cellular response to monosaccharide stimulus"	-3.9829666607012197	3.961516011448949	0.0225238407876802	0.8702620148209862	0.98749049	1901701
"GO:0071331"	"cellular response to hexose stimulus"	-4.069050968832477	3.960851153719686	0.02248938184646858	0.8702593313010475	0.99904329	1901701
"GO:0071333"	"cellular response to glucose stimulus"	-4.244887733604929	3.9568404901592333	0.022282628199198868	0.8499830898298532	0.94453352	1901701
"GO:0097237"	"cellular response to toxic substance"	-9.325138859262188	5.550580539260246	0.8744867033037411	0.8509069492524809	0.96833873	1901701
"GO:0097305"	"response to alcohol"	-22.212539525481585	4.451279718904047	0.06957260230625817	0.8766270062081185	0.74924324	1901701
"GO:0098754"	"detoxification"	-9.325138859262188	5.60186125613835	0.9840882885331819	0.8660893032108362	0.96825659	1901701
"GO:0098869"	"cellular oxidant detoxification"	-6.882728704344236	5.506568616038737	0.7902075171589529	0.852029647488095	0.98068782	1901701
"GO:1990748"	"cellular detoxification"	-9.056505484093897	5.550235693181492	0.8737926017736214	0.8508749775668972	0.75488783	1901701
"GO:1901861"	"regulation of muscle tissue development"	-3.178486471595227	3.577836341292744	0.009308836833024425	0.8677996346788064	0.55788829	null
"GO:1901888"	"regulation of cell junction assembly"	-3.0385789059335515	4.398200507219428	0.061568282533387884	0.8704541089596907	0.64497409	null
"GO:1902004"	"positive regulation of amyloid-beta formation"	-3.3344190089820467	3.156851901070011	0.00352958012124723	0.8269613536936476	0.61339793	null
"GO:1902993"	"positive regulation of amyloid precursor protein catabolic process"	-3.4485500020271247	3.2030328870147105	0.0039258579451808455	0.8260047133905086	0.96413971	1902004
"GO:1902644"	"tertiary alcohol metabolic process"	-10.96657624451305	3.7741518589547103	0.01463028189727583	0.9389573968352309	0.60544683	null
"GO:1902803"	"regulation of synaptic vesicle transport"	-3.1203307943679466	3.0211892990699383	0.002581959237927716	0.8438027519668421	0.60055617	null
"GO:1902893"	"regulation of miRNA transcription"	-4.528708288941061	3.533772058384718	0.008410443008578652	0.8765859814027883	0.20460889	null
"GO:1902932"	"positive regulation of alcohol biosynthetic process"	-5.732828271596986	2.9508514588885464	0.0021955268257688493	0.8285617348638673	0.66279069	null
"GO:0010919"	"regulation of inositol phosphate biosynthetic process"	-3.5128616245228135	2.6324572921847245	0.0010534590598980577	0.8650226073639778	0.8296369	1902932
"GO:0030810"	"positive regulation of nucleotide biosynthetic process"	-3.4424927980943423	2.9143431571194407	0.0020183094138233816	0.8147715096634351	0.94216335	1902932
"GO:0031394"	"positive regulation of prostaglandin biosynthetic process"	-3.1791420105603	2.960946195733831	0.0022472152375862774	0.8157860079329964	0.78643714	1902932
"GO:0032960"	"regulation of inositol trisphosphate biosynthetic process"	-3.5228787452803374	2.1492191126553797	0.0003445894121161871	0.8720038002834413	0.78985531	1902932
"GO:0060557"	"positive regulation of vitamin D biosynthetic process"	-3.486782399932061	1.9084850188786497	0.00019690823549496406	0.8347819670873969	0.70620289	1902932
"GO:1900373"	"positive regulation of purine nucleotide biosynthetic process"	-3.4424927980943423	2.9132839017604186	0.0020133867079360074	0.8147939933050506	0.78242552	1902932
"GO:1902951"	"negative regulation of dendritic spine maintenance"	-3.486782399932061	1.8920946026904804	0.0001895241766639029	0.8586871606325926	0.36215679	null
"GO:1902991"	"regulation of amyloid precursor protein catabolic process"	-3.6345120151091	3.3384564936046046	0.005363288064294083	0.8742483120055534	0.19909394	null
"GO:1903115"	"regulation of actin filament-based movement"	-4.435333935747911	3.27207378750001	0.004602730004694785	0.8921565055461104	0.13612569	null
"GO:1903140"	"regulation of establishment of endothelial barrier"	-3.171984935776023	3.1228709228644354	0.0032637540033290287	0.806883225625874	0.56037085	null
"GO:1901550"	"regulation of endothelial cell development"	-3.171984935776023	3.1228709228644354	0.0032637540033290287	0.806883225625874	0.94007877	1903140
"GO:1903409"	"reactive oxygen species biosynthetic process"	-5.354577730650908	2.6757783416740852	0.001164219942363975	0.9726580009579989	0.1099603	null
"GO:1903522"	"regulation of blood circulation"	-40.31069114087638	4.515357149738369	0.08063392243518777	0.7790732171769902	0.69230565	null
"GO:0001996"	"positive regulation of heart rate by epinephrine-norepinephrine"	-5.812479279163537	3.29928933408768	0.004900553710880918	0.6886412332104385	0.94986616	1903522
"GO:0002026"	"regulation of the force of heart contraction"	-3.598599459218456	3.048053173115609	0.0027468698851547484	0.7862197618504954	0.73627263	1903522
"GO:0002027"	"regulation of heart rate"	-14.114638779968487	4.072213122603382	0.02906365555905669	0.7581569222722264	0.90841007	1903522
"GO:0006937"	"regulation of muscle contraction"	-12.651695136951838	4.259163671340216	0.044700630810300526	0.785484495231331	0.87471015	1903522
"GO:0006940"	"regulation of smooth muscle contraction"	-7.327902142064283	3.7429606702141522	0.013616204484476762	0.7992184664143654	0.91368561	1903522
"GO:0006942"	"regulation of striated muscle contraction"	-5.8326826652518236	3.919601023784111	0.020451381609095706	0.7946982775986917	0.93661764	1903522
"GO:0008016"	"regulation of heart contraction"	-26.277366077466187	4.34022592125719	0.05387409323142216	0.7826774865368723	0.88585576	1903522
"GO:0010460"	"positive regulation of heart rate"	-7.617982957425132	3.5690225860295635	0.00912177400930421	0.7318951117583967	0.89972865	1903522
"GO:0010613"	"positive regulation of cardiac muscle hypertrophy"	-3.473660722610156	2.816241299991783	0.0016097248251713309	0.7598240716702078	0.71460599	1903522
"GO:0014742"	"positive regulation of muscle hypertrophy"	-3.473660722610156	2.850033257689769	0.001740176531186745	0.7794893322952449	0.93218542	1903522
"GO:0031644"	"regulation of nervous system process"	-8.145693958198919	4.030073230712518	0.026375858144550433	0.7929688883092213	0.84467508	1903522
"GO:0045823"	"positive regulation of heart contraction"	-7	3.642958879409791	0.0108151848345609	0.756935277370853	0.99043312	1903522
"GO:0045907"	"positive regulation of vasoconstriction"	-16.57186520597121	3.7797407511767407	0.01481980607393973	0.6720546219139804	0.81412657	1903522
"GO:0045933"	"positive regulation of muscle contraction"	-4.473660722610156	3.339650157613684	0.005378056181956205	0.7670158606474102	0.76545083	1903522
"GO:0045986"	"negative regulation of smooth muscle contraction"	-3.092588639225414	3.024074987307426	0.0025991887085335254	0.7990371655685102	0.73397134	1903522
"GO:0051930"	"regulation of sensory perception of pain"	-5.277366077466188	2.7528164311882715	0.0013906644131831836	0.8217973909619781	0.73887651	1903522
"GO:0051931"	"regulation of sensory perception"	-6.008330992620052	2.781755374652469	0.0014866571779869786	0.8212236922573685	0.71148994	1903522
"GO:0051969"	"regulation of transmission of nerve impulse"	-4.546681659952962	3.003029470553618	0.002476121061349173	0.7945035600121794	0.75849966	1903522
"GO:0055117"	"regulation of cardiac muscle contraction"	-6.4089353929735005	3.828788748184953	0.016591980193394407	0.7947666826641505	0.92468632	1903522
"GO:0061337"	"cardiac conduction"	-21.08830984124614	3.9291633832050645	0.020906731903677808	0.7933040449038309	0.88970619	1903522
"GO:0086004"	"regulation of cardiac muscle cell contraction"	-4.152427340857888	3.1405080430381798	0.003399128415231817	0.8073041411100951	0.76635072	1903522
"GO:0086065"	"cell communication involved in cardiac conduction"	-3.4485500020271247	3.445136968713304	0.006857329301112124	0.78767619873833	0.92166802	1903522
"GO:0086091"	"regulation of heart rate by cardiac conduction"	-11.023191662661933	3.7895102040902544	0.015157011427224858	0.7657448626664659	0.81527731	1903522
"GO:0090257"	"regulation of muscle system process"	-13.387216143280265	4.310778251612534	0.05034205175723125	0.7851543688308771	0.88177418	1903522
"GO:0098801"	"regulation of renal system process"	-4.7121982700697735	3.1000257301078626	0.00309638200315831	0.8152132913856251	0.74131013	1903522
"GO:1903524"	"positive regulation of blood circulation"	-17.333482019445118	3.643847310299714	0.010837337011054084	0.7580324353622685	0.79844972	1903522
"GO:1903793"	"positive regulation of monoatomic anion transport"	-4.823908740944319	2.250420002308894	0.0004356594710326079	0.8120422457117658	0.53879614	null
"GO:0010359"	"regulation of anion channel activity"	-3.5228787452803374	3.0784568180532927	0.0029462394735933995	0.813078975905234	0.88278316	1903793
"GO:2001225"	"regulation of chloride transport"	-4.141462802430361	2.3283796034387376	0.0005218068240616547	0.8540475654010681	0.81393104	1903793
"GO:1903795"	"regulation of inorganic anion transmembrane transport"	-3.5228787452803374	2.041392685158225	0.0002682874708618885	0.8575153060930983	0.52411168	null
"GO:1903997"	"positive regulation of non-membrane spanning protein tyrosine kinase activity"	-3.1791420105603	0.3010299956639812	2.461352943687051E-06	0.8482079269436703	0.37292593	null
"GO:1904035"	"regulation of epithelial cell apoptotic process"	-9.53313237964589	3.228913405994688	0.004167070533662176	0.8820804224725542	0.68258917	null
"GO:1904036"	"negative regulation of epithelial cell apoptotic process"	-7.086716098239582	2.9822712330395684	0.0023604374729958816	0.867736448612016	0.65829144	null
"GO:1904645"	"response to amyloid-beta"	-17.567030709125593	3.1231980750319988	0.0032662153562727165	0.8898807324543874	0.67190642	null
"GO:1904646"	"cellular response to amyloid-beta"	-11.806875401645538	3.042181594515766	0.0027099495909994427	0.8803214174607544	0.66438153	null
"GO:1904847"	"regulation of cell chemotaxis to fibroblast growth factor"	-3.1791420105603	2.9122220565324155	0.002008464002048633	0.8444433007936023	0.67958954	null
"GO:1904862"	"inhibitory synapse assembly"	-3.092588639225414	3.0549958615291417	0.0027911742381411153	0.9236831871034543	0.45113966	null
"GO:1904892"	"regulation of receptor signaling pathway via STAT"	-6.367542707815276	3.951094556841663	0.02198972719890011	0.8332377281950523	0.57234195	null
"GO:1905165"	"regulation of lysosomal protein catabolic process"	-3.5228787452803374	2.494154594018443	0.0007654807654866728	0.8843858934755117	0.33372245	null
"GO:1905167"	"positive regulation of lysosomal protein catabolic process"	-3.486782399932061	2.1072099696478683	0.00031259182384825543	0.845006579889476	0.94828479	1905165
"GO:1905664"	"regulation of calcium ion import across plasma membrane"	-4.649751981665837	2.494154594018443	0.0007654807654866728	0.8457330791564328	0.64669882	null
"GO:0090280"	"positive regulation of calcium ion import"	-3.9318141382538383	3.128722284338427	0.0033080583563153956	0.7915069907805254	0.89532888	1905664
"GO:1990384"	"hyaloid vascular plexus regression"	-3.9746941347352296	2.27415784926368	0.0004602730004694785	0.9358004620759266	0.39938121	null
"GO:2000117"	"negative regulation of cysteine-type endopeptidase activity"	-3.0969100130080562	3.893817223967463	0.019272393549069605	0.8180731740666537	0.62242483	null
"GO:2000273"	"positive regulation of signaling receptor activity"	-5.294136287716081	3.0569048513364727	0.0028034810028595507	0.8229993673922117	0.67013818	null
"GO:0099601"	"regulation of neurotransmitter receptor activity"	-4.09799710864927	4.139532771597939	0.03393713438755705	0.7992225969933743	0.81577611	2000273
"GO:2000310"	"regulation of NMDA receptor activity"	-6.421360790031928	2.3979400086720375	0.0006128768829780756	0.7934142383936539	0.54963757	null
"GO:2000352"	"negative regulation of endothelial cell apoptotic process"	-6.935542010773082	3.1370374547895126	0.0033720535328512595	0.8652650076015733	0.67333256	null
"GO:2000377"	"regulation of reactive oxygen species metabolic process"	-13.906578314837764	3.8928734068887656	0.019230550549026927	0.8720020045091089	0.20197413	null
"GO:2000379"	"positive regulation of reactive oxygen species metabolic process"	-13.503070351926786	3.3242824552976926	0.00519099335823599	0.8253236446630353	0.39986271	null
"GO:0032930"	"positive regulation of superoxide anion generation"	-3.0213630516155257	2.5899496013257077	0.0009550049421505757	0.839473459905675	0.86378115	2000379
"GO:1903426"	"regulation of reactive oxygen species biosynthetic process"	-8.120330794367947	3.3191060593097763	0.005129459534643814	0.8782564859099241	0.86657335	2000379
"GO:1903428"	"positive regulation of reactive oxygen species biosynthetic process"	-7.498940737782249	2.709269960975831	0.0012577513542240829	0.8365663791013712	0.80897792	2000379
"GO:2000544"	"regulation of endothelial cell chemotaxis to fibroblast growth factor"	-3.1791420105603	2.9122220565324155	0.002008464002048633	0.8432493602848299	0.67958954	null
"GO:2001023"	"regulation of response to drug"	-5.8326826652518236	2.060697840353612	0.00028059423558032375	0.879133180521775	0.39952312	null
"GO:2001025"	"positive regulation of response to drug"	-3.7328282715969863	1.0791812460476249	2.707488238055756E-05	0.8533621429084285	0.35469464	null
"GO:2001057"	"reactive nitrogen species metabolic process"	-3.7594507517174	4.601440680327289	0.09831135927674817	0.9861804324930107	0.04126891	null
