TermID	Name	Value	LogSize	Frequency	Uniqueness	Dispensability	Representative
"GO:0000165"	"MAPK cascade"	-6.716698771296451	4.759176625403369	0.14136534496772205	0.7987168803081036	0.45795022	null
"GO:0007264"	"small GTPase-mediated signal transduction"	-5.342944147142896	5.2043262235564915	0.3940010724607046	0.782801428168716	0.79398316	165
"GO:0007265"	"Ras protein signal transduction"	-4.8124792791635365	4.656740061467408	0.11166173764330672	0.8020476722927005	0.7190438	165
"GO:0000183"	"rDNA heterochromatin formation"	-3.1319436381769585	3.4604467838807205	0.007103464595480827	0.8513778848431155	0.58456607	null
"GO:0000272"	"polysaccharide catabolic process"	-3.5128616245228135	5.421692750748088	0.6499276288393968	0.9120773406086128	0.58476021	null
"GO:0001101"	"response to acid chemical"	-7.8297382846050425	4.828292459459625	0.16575242993377337	0.8939587763131714	0.54196644	null
"GO:0001558"	"regulation of cell growth"	-8.504455662453552	4.6858312746260635	0.11939776994531513	0.8490567616670492	0.1794596	null
"GO:0030307"	"positive regulation of cell growth"	-7.481486060122113	4.216614485501277	0.040528637570750974	0.8061954797332853	0.85880308	1558
"GO:0045927"	"positive regulation of growth"	-6.966576244513051	4.411905774756818	0.06354228759422491	0.8176617889342372	0.88620939	1558
"GO:0046620"	"regulation of organ growth"	-3.9030899869919438	3.937517892017347	0.02131285513938617	0.83470096404482	0.82245242	1558
"GO:0048638"	"regulation of developmental growth"	-4.567030709125595	4.6391875599357535	0.10723868640350111	0.8495798001637979	0.92039184	1558
"GO:0055021"	"regulation of cardiac muscle tissue growth"	-4.032452023781138	3.149834696715785	0.0034729690035424287	0.8481100431750389	0.84061537	1558
"GO:0055022"	"negative regulation of cardiac muscle tissue growth"	-3.1319436381769585	2.629409599102719	0.0010460750010669966	0.8419857847368721	0.90543675	1558
"GO:0060420"	"regulation of heart growth"	-4.1904402853647325	3.3352572564345317	0.005323906417195091	0.8451777388321778	0.75360843	1558
"GO:0061052"	"negative regulation of cell growth involved in cardiac muscle cell development"	-3.1163385648463824	2.012837224705172	0.00025105800025607914	0.8080905393331417	0.94141266	1558
"GO:0061117"	"negative regulation of heart growth"	-3.1319436381769585	2.629409599102719	0.0010460750010669966	0.8422297836307434	0.90543675	1558
"GO:0001666"	"response to hypoxia"	-8.276544327964814	4.481442628502305	0.07457653284077395	0.9077721566620283	0.42068955	null
"GO:0036293"	"response to decreased oxygen levels"	-7.764471553092451	4.486331281184666	0.0754207769004586	0.9138400766442012	0.97106719	1666
"GO:0036294"	"cellular response to decreased oxygen levels"	-4.5376020021010435	4.018367578387845	0.025674372555599623	0.8784639845919315	0.9864831	1666
"GO:0071453"	"cellular response to oxygen levels"	-4.236572006437063	4.062243441026478	0.028404012970148565	0.8780000337426046	0.90935915	1666
"GO:0071456"	"cellular response to hypoxia"	-4.978810700930062	4.010978012174742	0.025241174437510703	0.8742621569607827	0.92788706	1666
"GO:0001667"	"ameboidal-type cell migration"	-4.1598939055432425	4.480466878908958	0.07440916084060323	0.9897891153234667	0.01324276	null
"GO:0016477"	"cell migration"	-3.021819483062586	5.292579456000397	0.48278207313949656	0.9885308739999326	0.7565361	1667
"GO:0001676"	"long-chain fatty acid metabolic process"	-7.467245621007502	4.90723395179748	0.19879363184982835	0.8411740010698411	0.67738546	null
"GO:0001775"	"cell activation"	-9.787812395596042	4.785315595613992	0.150135145506079	0.9646292875698915	0.01412061	null
"GO:0001782"	"B cell homeostasis"	-3.1319436381769585	3.4239009185284166	0.006529969359601745	0.9495555640614614	0.56742155	null
"GO:0001889"	"liver development"	-5.97469413473523	3.961516011448949	0.0225238407876802	0.9553374446192857	0.61560307	null
"GO:0007595"	"lactation"	-3.490797477668897	3.106870544478654	0.0031456090620320502	0.865950060102711	0.79119282	1889
"GO:0060736"	"prostate gland growth"	-3.3535962737769305	3.0770043267933502	0.0029363940618186515	0.9572405725556492	0.78830157	1889
"GO:0060749"	"mammary gland alveolus development"	-3.2781893847874533	2.9370161074648142	0.0021266089433456116	0.9789168615912194	0.84822642	1889
"GO:0002154"	"thyroid hormone receptor signaling pathway"	-3.8416375079047502	3.123524980942732	0.0032686767092164034	0.8065453522679231	0.61789779	null
"GO:0048384"	"retinoic acid receptor signaling pathway"	-3.815308569182401	3.7570162347313008	0.014064170720227807	0.7896984225375347	0.82026847	2154
"GO:0002252"	"immune effector process"	-7.3819519032879075	4.663531319592994	0.11342160499804296	0.965894998773071	0.6868246	null
"GO:0002376"	"immune system process"	-9.518557371497694	5.567019304402755	0.9082220067499159	1	-0	null
"GO:0002431"	"Fc receptor mediated stimulatory signaling pathway"	-3.3080348972326394	2.8796692056320534	0.0018632441783710974	0.7493761104522909	0.65608114	null
"GO:0002433"	"immune response-regulating cell surface receptor signaling pathway involved in phagocytosis"	-3.4271283977995197	1.7323937598229686	0.00013045170601541368	0.8045196216651096	0.58188105	null
"GO:0002521"	"leukocyte differentiation"	-4.3655227298392685	4.472068637583486	0.07298403748620842	0.9691374398176393	0.56157137	null
"GO:0030099"	"myeloid cell differentiation"	-3.39040559077478	4.343566132386124	0.05429006187890528	0.9697577433468842	0.89103684	2521
"GO:0002682"	"regulation of immune system process"	-8.681936665037238	5.28814410553558	0.47787659672272825	0.8665539077780275	0.20761263	null
"GO:0002931"	"response to ischemia"	-3.3353580244438743	3.0835026198302673	0.0029806984148050184	0.9380324100228049	0.22269233	null
"GO:0002933"	"lipid hydroxylation"	-4.443697499232712	2.225309281725863	0.0004110459415957375	0.9415514963921252	0.34141177	null
"GO:0003006"	"developmental process involved in reproduction"	-3.661543506395395	5.217189050287228	0.4058451028257267	0.9729788930099074	0.62301628	null
"GO:0048608"	"reproductive structure development"	-3.3516399890190685	4.767474973821422	0.14409252402932732	0.9515273979913088	0.74970006	3006
"GO:0003008"	"system process"	-4.590066876668706	5.658049574713654	1.1200115821424117	0.9681250732241256	0.58391363	null
"GO:0003013"	"circulatory system process"	-3.0861861476162833	4.796213427493061	0.15395024256879394	0.9708552267125379	0.64083341	null
"GO:0003376"	"sphingosine-1-phosphate receptor signaling pathway"	-3.642065152999546	3.682686478249768	0.011851414423853148	0.8322159685993299	0.24199037	null
"GO:0005975"	"carbohydrate metabolic process"	-10.79860287567955	6.322974310459075	5.177832504046095	0.9481852935890656	0.12789186	null
"GO:0005996"	"monosaccharide metabolic process"	-11.804100347590767	5.625798958668663	1.0398527008253557	0.8609263191834231	0.42485312	null
"GO:0006059"	"hexitol metabolic process"	-3.8416375079047502	4.071992407124176	0.02904888744139457	0.8786071059047789	0.63823021	null
"GO:0006066"	"alcohol metabolic process"	-20.02826040911222	5.644477979471213	1.085552640930793	0.8500954712725767	0.42725034	null
"GO:0018958"	"phenol-containing compound metabolic process"	-5.966576244513051	4.838275947525585	0.1696069086435873	0.9489217596013912	0.74152367	6066
"GO:0019751"	"polyol metabolic process"	-3.856985199745905	5.300412859229037	0.49156910314845936	0.8586555498732337	0.85260312	6066
"GO:0034308"	"primary alcohol metabolic process"	-12.801342913045577	5.060762035662704	0.28309497017110985	0.8650781836108099	0.77808513	6066
"GO:0034310"	"primary alcohol catabolic process"	-5.095825631715837	3.593728998707911	0.0096558875980843	0.8752094798770539	0.76059725	6066
"GO:0046164"	"alcohol catabolic process"	-4.749579997691106	4.916753902946922	0.20319945361902814	0.846038334739449	0.75402124	6066
"GO:0046165"	"alcohol biosynthetic process"	-8.939302159646388	5.359378189398367	0.5630541766919623	0.8421423166924548	0.83322546	6066
"GO:0046173"	"polyol biosynthetic process"	-3.4111682744057927	4.913702616381913	0.20177679161757703	0.8546772587142606	0.83399094	6066
"GO:1901616"	"organic hydroxy compound catabolic process"	-5.337242168318426	5.050978769901794	0.27678898392938356	0.9163306238437628	0.77640182	6066
"GO:1901617"	"organic hydroxy compound biosynthetic process"	-14.133712660915805	5.529634363247561	0.8333107299088005	0.9210739132184502	0.86830913	6066
"GO:1902652"	"secondary alcohol metabolic process"	-10.322393047279506	4.967608810624577	0.22844308940948255	0.8674174915772609	0.76234727	6066
"GO:0006067"	"ethanol metabolic process"	-5.0385789059335515	2.496929648073215	0.0007704034713740469	0.9082914132331645	0.49607625	null
"GO:0006081"	"cellular aldehyde metabolic process"	-8.05453141486818	5.362896967802544	0.5676347545201639	0.9428817116846286	0.13505575	null
"GO:0006082"	"organic acid metabolic process"	-38.45222529461218	6.535454260345129	8.445551746967404	0.8246230049232831	0.6199216	null
"GO:0006090"	"pyruvate metabolic process"	-6.991399828238082	5.3942817824175275	0.6101743174459072	0.8497007481127632	0.55246848	null
"GO:0006091"	"generation of precursor metabolites and energy"	-10.259637310505756	5.994197012048046	2.4286809447125486	0.9338503599766288	0.16385306	null
"GO:0006103"	"2-oxoglutarate metabolic process"	-3.2781893847874533	3.358315640082196	0.005614346064550162	0.8971302316991968	0.25271393	null
"GO:0006109"	"regulation of carbohydrate metabolic process"	-8.98296666070122	4.7283131918551256	0.1316676143695951	0.8574341036433663	0.26423515	null
"GO:0006139"	"nucleobase-containing compound metabolic process"	-11.935542010773082	6.873482138619112	18.39314412781983	0.9385904088846295	0.17390821	null
"GO:0006144"	"purine nucleobase metabolic process"	-5.82102305270683	5.071171096656961	0.2899621448839967	0.8313203814194401	0.63495688	null
"GO:0006325"	"chromatin organization"	-10.602059991327963	5.833474781755866	1.6774440287109929	0.9851283114547154	-0	null
"GO:0006338"	"chromatin remodeling"	-3.0087739243075053	5.785161068138012	1.5008394936485032	0.9846573905443726	0.44274765	null
"GO:0006352"	"DNA-templated transcription initiation"	-4.876148359032914	5.498863065954816	0.7763107184388958	0.8766043022779234	0.68600726	null
"GO:0006367"	"transcription initiation at RNA polymerase II promoter"	-6.0467236633326955	4.892250475298266	0.1920519861370695	0.8906687209993936	0.29541672	null
"GO:0006468"	"protein phosphorylation"	-37.39577394691553	6.183647586752504	3.756826993126081	0.850783722226153	0.6496435	null
"GO:0036211"	"protein modification process"	-25.785156151952304	6.5265191621302225	8.273569632733158	0.9199744384721825	0.70996449	6468
"GO:0006473"	"protein acetylation"	-3.3477536589966768	4.466734198826303	0.07209302772059371	0.9439001432233273	0.64985176	null
"GO:0006475"	"internal protein amino acid acetylation"	-3.2132485778544386	3.1215598441875008	0.003253908591554281	0.9537594097237014	0.73593211	6473
"GO:0018394"	"peptidyl-lysine acetylation"	-3.669586226650809	3.220631019448092	0.004088307239464191	0.9489569813130884	0.74562049	6473
"GO:0006479"	"protein methylation"	-6.511449283499556	4.919971923220444	0.204710724326452	0.9386677797296322	0.64948042	null
"GO:0001510"	"RNA methylation"	-4.019996628416254	5.461833047775286	0.712861962256531	0.8950650133629043	0.83312702	6479
"GO:0018022"	"peptidyl-lysine methylation"	-3.306273051076353	4.416756969168746	0.06425607994789415	0.9384673496103254	0.9125591	6479
"GO:0018027"	"peptidyl-lysine dimethylation"	-3.657577319177794	3.3705130895985924	0.005774334005889821	0.9475635459730116	0.77471244	6479
"GO:0031167"	"rRNA methylation"	-3.3767507096020997	5.1868942082741425	0.3784994716213636	0.8663588732424646	0.88179973	6479
"GO:0006482"	"protein demethylation"	-5.476253533188435	4.145538235712233	0.034409714152744963	0.9502570212905953	0.38974108	null
"GO:0006508"	"proteolysis"	-3.2781893847874533	6.335491800413612	5.329242630377004	0.9328429007038777	0.40390962	null
"GO:0006518"	"peptide metabolic process"	-4.823908740944319	5.210141876169784	0.3993126721131813	0.9714917186445572	0.04907629	null
"GO:0006520"	"amino acid metabolic process"	-16.939302159646388	6.349827285704941	5.5080894579711925	0.9477918605454871	0.12927537	null
"GO:0006534"	"cysteine metabolic process"	-3.2781893847874533	5.032916782799791	0.26551352609435325	0.8503176155225992	0.69415223	null
"GO:0006536"	"glutamate metabolic process"	-4.172630726946175	5.034496102960969	0.2664808378012222	0.8561322615498084	0.61360589	null
"GO:0006538"	"glutamate catabolic process"	-3.3535962737769305	4.298612947759947	0.04895138734404807	0.8550821089076948	0.65872947	null
"GO:0006553"	"lysine metabolic process"	-3.4509967379742124	5.090677679897707	0.303282987015231	0.8560632495126412	0.50158173	null
"GO:0006554"	"lysine catabolic process"	-3.642065152999546	3.963882228928777	0.022646908434864554	0.8637756970418562	0.28338286	null
"GO:0006575"	"cellular modified amino acid metabolic process"	-8.55129368009492	5.644975954811678	1.0867980855202988	0.9391847610655965	0.14656546	null
"GO:0006576"	"biogenic amine metabolic process"	-9.10292299679058	5.35309646946214	0.5549686322719504	0.9624600622931745	0.05088127	null
"GO:0006586"	"indolalkylamine metabolic process"	-3.815308569182401	5.094261442720502	0.3057960283707355	0.9641560100646229	0.90323123	6576
"GO:0006595"	"polyamine metabolic process"	-3.1209041204999273	4.884387490566489	0.18860609201590764	0.9655606439869604	0.86516697	6576
"GO:0009309"	"amine biosynthetic process"	-4.345823458122039	5.196026879288802	0.38654317304133284	0.943428338434263	0.92292014	6576
"GO:0042401"	"biogenic amine biosynthetic process"	-4.512861624522814	5.19602411388335	0.38654071168838916	0.9432338890671952	0.9229196	6576
"GO:0006629"	"lipid metabolic process"	-24.605548319173785	6.385531203866832	5.980051423570241	0.9472587771362116	0.12489329	null
"GO:0006690"	"icosanoid metabolic process"	-9.818156412055227	4.565847818673518	0.09057532697473977	0.8764803044476099	0.32225128	null
"GO:0006693"	"prostaglandin metabolic process"	-6.962573502059376	4.017325554561722	0.02561283873200745	0.8609398922954311	0.46536223	null
"GO:0006692"	"prostanoid metabolic process"	-6.962573502059376	4.018783688874697	0.025698986085036495	0.8609082424553641	0.84667003	6693
"GO:0019369"	"arachidonate metabolic process"	-4.838631997765025	4.277861238225117	0.04666725181230648	0.8527414628746259	0.87854424	6693
"GO:0019373"	"epoxygenase P450 pathway"	-4.886056647693163	3.5090680450171616	0.007945247302221799	0.8689458441569833	0.79055051	6693
"GO:0006694"	"steroid biosynthetic process"	-14.829738284605043	4.957947119978726	0.22341700669847356	0.9107115813989448	0.57473511	null
"GO:0006695"	"cholesterol biosynthetic process"	-6.376750709602099	4.1361813269606005	0.033676230975526224	0.8491333181551073	0.7735537	6694
"GO:0006704"	"glucocorticoid biosynthetic process"	-3.1163385648463824	3.6310376965367404	0.01052228383426214	0.9279372913800533	0.71459713	6694
"GO:0008203"	"cholesterol metabolic process"	-9.931814138253838	4.630193882888373	0.10504069822478856	0.8477235961836475	0.84143898	6694
"GO:0016125"	"sterol metabolic process"	-10.09312646527793	5.048375760906674	0.2751349547512259	0.9043673272228042	0.90896095	6694
"GO:0016126"	"sterol biosynthetic process"	-5.866461091629782	4.786389359196785	0.15050680980057576	0.8934105471261689	0.88032117	6694
"GO:1902653"	"secondary alcohol biosynthetic process"	-6.376750709602099	4.583096708442514	0.09424520421377716	0.8625364598436577	0.87775487	6694
"GO:0006720"	"isoprenoid metabolic process"	-12.0695604052333	5.380844126464666	0.5915837186622389	0.9068839120903429	0.6426384	null
"GO:0006721"	"terpenoid metabolic process"	-12.787812395596042	5.129638340833355	0.33174853380897174	0.906620314265531	0.60049524	null
"GO:0001523"	"retinoid metabolic process"	-7.399027104313252	4.197611323169714	0.038793383745451604	0.9195659405332818	0.75200016	6721
"GO:0008299"	"isoprenoid biosynthetic process"	-3.774690718274137	5.295448339918479	0.4859818319662897	0.8896577986567621	0.92426525	6721
"GO:0016101"	"diterpenoid metabolic process"	-8.331614083309999	4.522118064146713	0.08189905784824292	0.915471299064685	0.79584563	6721
"GO:0016114"	"terpenoid biosynthetic process"	-4.370590400897281	5.0322076383302115	0.2650803279762643	0.8942228564122899	0.87614126	6721
"GO:0042572"	"retinol metabolic process"	-6.7594507517174005	4.034307529596563	0.02663430020363757	0.7422180736771978	0.8829891	6721
"GO:0045337"	"farnesyl diphosphate biosynthetic process"	-5.124360062995832	3.9810026899413997	0.023557609024028762	0.8606554683490928	0.7253256	6721
"GO:0045338"	"farnesyl diphosphate metabolic process"	-4.443697499232712	4.110657037558031	0.03175391432650664	0.8690695691972271	0.7410599	6721
"GO:0006730"	"one-carbon metabolic process"	-4.847711655616943	5.140313163880555	0.3400039115820981	0.8733160515894745	0.37078179	null
"GO:0006749"	"glutathione metabolic process"	-7.158015195409886	5.115703683637	0.32127301568063965	0.9330620381257286	0.12635996	null
"GO:0000096"	"sulfur amino acid metabolic process"	-4.1249387366083	5.4070695266584865	0.6284080200527409	0.8472454449683947	0.78404362	6749
"GO:0006084"	"acetyl-CoA metabolic process"	-5.767003889607846	4.982415973744758	0.23636618453521116	0.8059492990642826	0.92963337	6749
"GO:0006637"	"acyl-CoA metabolic process"	-5.575118363368933	5.306300619215061	0.4982787512729502	0.7935756869830074	0.76497001	6749
"GO:0035383"	"thioester metabolic process"	-5.575118363368933	5.306300619215061	0.4982787512729502	0.9337921859625887	0.76497001	6749
"GO:0042398"	"cellular modified amino acid biosynthetic process"	-3.3353580244438743	5.273785767516637	0.4623356142362882	0.9285889078021415	0.80465629	6749
"GO:0044272"	"sulfur compound biosynthetic process"	-6.130181792020672	5.769108393861636	1.4463771370635399	0.9096918646314586	0.73131963	6749
"GO:0006753"	"nucleoside phosphate metabolic process"	-33.35359627377693	6.262731985027961	4.507187667479684	0.767922059846185	0.10778411	null
"GO:0006163"	"purine nucleotide metabolic process"	-24.1765257708297	5.9883979616328205	2.3964667573855727	0.7692677416027051	0.83128153	6753
"GO:0006164"	"purine nucleotide biosynthetic process"	-7.72584215073632	5.761193877021937	1.420257259625133	0.7678465436310927	0.86957433	6753
"GO:0006183"	"GTP biosynthetic process"	-3.1163385648463824	4.511509038309229	0.07992259143446222	0.80642536679512	0.74741405	6753
"GO:0006739"	"NADP metabolic process"	-4.716698771296451	5.14250522083399	0.34172439728973536	0.8010360257254149	0.87698826	6753
"GO:0006740"	"NADPH regeneration"	-3.8416375079047502	5.0338739015808995	0.26609932809495074	0.8040775273201368	0.85605211	6753
"GO:0009117"	"nucleotide metabolic process"	-33.35556141053216	6.13588096544101	3.36553833160932	0.7713103653623009	0.87477152	6753
"GO:0009123"	"nucleoside monophosphate metabolic process"	-10.312471038785366	5.661446361227424	1.1288059962102055	0.7948204935526446	0.74875798	6753
"GO:0009124"	"nucleoside monophosphate biosynthetic process"	-8.00480370840282	5.586086339566542	0.9489844728503172	0.7808143167074844	0.94507917	6753
"GO:0009126"	"purine nucleoside monophosphate metabolic process"	-7.667561540084395	5.395466183681937	0.6118406533887834	0.7987349814743666	0.90284156	6753
"GO:0009127"	"purine nucleoside monophosphate biosynthetic process"	-4.6777807052660805	5.358614328904606	0.5620647128086002	0.7897961933928764	0.98559914	6753
"GO:0009129"	"pyrimidine nucleoside monophosphate metabolic process"	-3.657577319177794	5.070477482697985	0.28949941053058353	0.8111342140584736	0.83891932	6753
"GO:0009130"	"pyrimidine nucleoside monophosphate biosynthetic process"	-3.4509967379742124	5.069608904532888	0.28892099258881704	0.8011812295905454	0.8387606	6753
"GO:0009141"	"nucleoside triphosphate metabolic process"	-7.718966632752273	5.674915309398467	1.1643627008347086	0.7942216211993693	0.75183267	6753
"GO:0009142"	"nucleoside triphosphate biosynthetic process"	-4.087246696328677	5.377821487841651	0.5874806433051126	0.7917684137639792	0.89982639	6753
"GO:0009144"	"purine nucleoside triphosphate metabolic process"	-8.191114132640188	5.591471984569938	0.9608260418623955	0.7924525213291777	0.73318052	6753
"GO:0009145"	"purine nucleoside triphosphate biosynthetic process"	-3.835647144215563	5.247975719996016	0.43565947103260794	0.7961062658163498	0.93942948	6753
"GO:0009150"	"purine ribonucleotide metabolic process"	-22.055024091587953	5.818828076029202	1.6218149908307218	0.7668573348216177	0.83928719	6753
"GO:0009152"	"purine ribonucleotide biosynthetic process"	-7.081445469449727	5.639061948233577	1.0720988857405997	0.7650831086938198	0.94572159	6753
"GO:0009156"	"ribonucleoside monophosphate biosynthetic process"	-6.416801226031377	5.53150574028484	0.8369092279124709	0.7827844861008497	0.9478493	6753
"GO:0009157"	"deoxyribonucleoside monophosphate biosynthetic process"	-3.987162775294828	4.659374181772188	0.11234107105576435	0.8143649415718597	0.76995973	6753
"GO:0009159"	"deoxyribonucleoside monophosphate catabolic process"	-3.1163385648463824	3.2533380053261065	0.004408283122143508	0.8425361546797164	0.80193804	6753
"GO:0009161"	"ribonucleoside monophosphate metabolic process"	-9.266000713461613	5.5569919988211325	0.8874924922581835	0.791931989055102	0.72574066	6753
"GO:0009162"	"deoxyribonucleoside monophosphate metabolic process"	-6.59176003468815	4.67625452172978	0.11679365853089424	0.8242345274765789	0.77256735	6753
"GO:0009165"	"nucleotide biosynthetic process"	-13.655607726314889	5.945347438482978	2.170305342154888	0.7662524245919636	0.86687753	6753
"GO:0009167"	"purine ribonucleoside monophosphate metabolic process"	-7.1830961606243395	5.3951183712519155	0.6113508441529896	0.7976581920110497	0.90276794	6753
"GO:0009168"	"purine ribonucleoside monophosphate biosynthetic process"	-4.1432711096171175	5.3582395081717715	0.5615798262786938	0.7896318316711021	0.98551639	6753
"GO:0009173"	"pyrimidine ribonucleoside monophosphate metabolic process"	-3.2781893847874533	4.9369207028228095	0.21285780257005613	0.8147244402364839	0.97138362	6753
"GO:0009199"	"ribonucleoside triphosphate metabolic process"	-6.886056647693163	5.599375371074778	0.9784714811156879	0.7921048016577967	0.94933477	6753
"GO:0009201"	"ribonucleoside triphosphate biosynthetic process"	-3.549750891680639	5.318945642755704	0.5130001032291425	0.7932598104986108	0.95378452	6753
"GO:0009205"	"purine ribonucleoside triphosphate metabolic process"	-7.3214816209598865	5.554741062533541	0.8829045303711508	0.7935384789406019	0.93892739	6753
"GO:0009206"	"purine ribonucleoside triphosphate biosynthetic process"	-3.896196279044043	5.24788001798839	0.43556347826780417	0.795919799356563	0.87312076	6753
"GO:0009259"	"ribonucleotide metabolic process"	-24.2572748686953	5.903150783963722	1.9693555651263899	0.7686402033788843	0.94250575	6753
"GO:0009260"	"ribonucleotide biosynthetic process"	-9.280668713016274	5.75331029453189	1.3947084160696614	0.7655014799241826	0.91733811	6753
"GO:0009435"	"NAD biosynthetic process"	-4.1904402853647325	4.929434253484342	0.20921992291928668	0.7992578005862402	0.97173248	6753
"GO:0019359"	"nicotinamide nucleotide biosynthetic process"	-5.1911141326401875	5.01040597262518	0.2521016139042025	0.8019895452924719	0.85165984	6753
"GO:0019362"	"pyridine nucleotide metabolic process"	-11.010995384301463	5.639958378642196	1.074314103389918	0.7866639769709564	0.96679678	6753
"GO:0019363"	"pyridine nucleotide biosynthetic process"	-5.1911141326401875	5.0376137221717805	0.2684006930972981	0.8010951873877453	0.93729697	6753
"GO:0019674"	"NAD metabolic process"	-5.8326826652518236	5.174815456482182	0.3681174849048916	0.7997945705109255	0.88341433	6753
"GO:0019693"	"ribose phosphate metabolic process"	-24.33161408331	5.9265178785086015	2.078218744472724	0.8378192599336005	0.71983707	6753
"GO:0046034"	"ATP metabolic process"	-5.335358024443875	5.510916146553601	0.798157687167062	0.7764977556505234	0.96241481	6753
"GO:0046039"	"GTP metabolic process"	-3.425968732272281	4.538988226858225	0.08514312102802246	0.8137615893159305	0.75145142	6753
"GO:0046049"	"UMP metabolic process"	-3.2781893847874533	4.936357891266193	0.2125821310403632	0.7958658880646157	0.97127872	6753
"GO:0046390"	"ribose phosphate biosynthetic process"	-9.455931955649724	5.773199678110848	1.4600671821363274	0.8212848929967741	0.90872404	6753
"GO:0046496"	"nicotinamide nucleotide metabolic process"	-11.010995384301463	5.633319962082531	1.058017485549766	0.7867408870998946	0.74241769	6753
"GO:0072522"	"purine-containing compound biosynthetic process"	-10.076755981369724	5.883979233764215	1.8843108982161147	0.9040942511467643	0.85563281	6753
"GO:0072525"	"pyridine-containing compound biosynthetic process"	-5.578396073130169	5.177086100751223	0.37004718561274225	0.938869206774989	0.86525835	6753
"GO:0090407"	"organophosphate biosynthetic process"	-14.749579997691106	6.27930731614437	4.68253445118795	0.8337047644859201	0.81475031	6753
"GO:1901137"	"carbohydrate derivative biosynthetic process"	-7.675717544702307	6.247150517744046	4.348346716611784	0.8904733406029153	0.72325675	6753
"GO:1901293"	"nucleoside phosphate biosynthetic process"	-14.096367483915762	6.062122253663818	2.839852415308414	0.7680314551044161	0.85246714	6753
"GO:0006766"	"vitamin metabolic process"	-7.920818753952375	5.691244211502647	1.2089747229390366	0.869122371294151	0.43337255	null
"GO:0006775"	"fat-soluble vitamin metabolic process"	-4.627087997029894	4.161817040167692	0.035724076624673855	0.9006721162525524	0.29508632	null
"GO:0006767"	"water-soluble vitamin metabolic process"	-3.549750891680639	5.678217819759129	1.1732506463143628	0.8677145607558552	0.70454579	6775
"GO:0009235"	"cobalamin metabolic process"	-3.250263684430939	4.991748687131003	0.24150056677574236	0.8850274980663781	0.83312594	6775
"GO:0006790"	"sulfur compound metabolic process"	-12.020451625295905	5.985815233869408	2.3822573668416673	0.933989884375993	0.16339051	null
"GO:0006793"	"phosphorus metabolic process"	-65.89279003035213	6.713141707407333	12.714975181439863	0.9189970903547026	0.21640122	null
"GO:0006796"	"phosphate-containing compound metabolic process"	-64.08407278830289	6.711039325075964	12.653571809553702	0.8572898122314105	0.69682692	null
"GO:0016310"	"phosphorylation"	-44.98716277529483	6.404965865659897	6.253736641437635	0.8691007922095879	0.74398633	6796
"GO:0019637"	"organophosphate metabolic process"	-28.518557371497696	6.4396515857619026	6.773690066732693	0.8680750561343814	0.75647118	6796
"GO:0006805"	"xenobiotic metabolic process"	-38.98716277529483	4.777216512043379	0.14736120073854372	0.8382197378627876	0.30509057	null
"GO:0042178"	"xenobiotic catabolic process"	-13.507239610973162	4.519210883619447	0.08135263749474439	0.8159941646748504	0.94990834	6805
"GO:0071466"	"cellular response to xenobiotic stimulus"	-15.939302159646388	4.792216535439859	0.15253988733206128	0.8780772075242989	0.9834872	6805
"GO:0006809"	"nitric oxide biosynthetic process"	-6.59176003468815	3.66228551572213	0.01130745542329831	0.9613420400282511	0.08775538	null
"GO:0046209"	"nitric oxide metabolic process"	-5.82102305270683	3.981048058913173	0.02356007037697245	0.9758443525180628	0.79330811	6809
"GO:0006869"	"lipid transport"	-6.747146969020107	5.554812489062661	0.8830497501948285	0.989952957370692	0.28706805	null
"GO:0015908"	"fatty acid transport"	-3.779891911959945	4.718949868661722	0.12885921066084816	0.9890794324483152	0.81504712	6869
"GO:0015909"	"long-chain fatty acid transport"	-3.2298847052128985	4.5656353400556435	0.0905310226217534	0.9893251995264954	0.82842085	6869
"GO:0006950"	"response to stress"	-19.246416941107093	6.428160883324095	6.596819705552286	0.8992922750728102	0.6276778	null
"GO:0006952"	"defense response"	-5.347753658996677	5.6598135537959715	1.1245700077941203	0.9064589776670416	0.66772524	null
"GO:0006954"	"inflammatory response"	-4.459670525209126	4.819649206293057	0.16248621457750065	0.9194020738903482	0.44970026	null
"GO:0006979"	"response to oxidative stress"	-17.59176003468815	5.493504057283511	0.7667902052527142	0.9094568372569971	0.36785954	null
"GO:0007154"	"cell communication"	-3.7189666327522723	6.574350790896292	9.236864411598072	0.9879889360688494	0.0234648	null
"GO:0007166"	"cell surface receptor signaling pathway"	-7.943095148663527	5.8500516596084555	1.7427092633657988	0.7586999330241536	0.61586777	null
"GO:0007169"	"cell surface receptor protein tyrosine kinase signaling pathway"	-11.108462542327436	5.168016959978657	0.36239976201670654	0.7780061786208416	0.50529504	null
"GO:0007167"	"enzyme-linked receptor protein signaling pathway"	-9.162411561764488	5.316071039749486	0.5096157429315727	0.7739750515294933	0.73015715	7169
"GO:0007173"	"epidermal growth factor receptor signaling pathway"	-5.527243550682788	4.0180344027045285	0.025654681732050127	0.8142876227473757	0.75636837	7169
"GO:0038127"	"ERBB signaling pathway"	-7.490797477668897	4.099542528695332	0.030951513266864662	0.8125551893518135	0.76673042	7169
"GO:0038128"	"ERBB2 signaling pathway"	-4.568636235841013	3.1528995963937474	0.003497582532979299	0.834871586179878	0.87192828	7169
"GO:0048010"	"vascular endothelial growth factor receptor signaling pathway"	-4.424812155072339	3.844228581301628	0.017192550311654047	0.8193137794815794	0.73518114	7169
"GO:0048013"	"ephrin receptor signaling pathway"	-4.5003129173815966	4.279758172802473	0.0468715441066325	0.8074661949159809	0.79067984	7169
"GO:0007507"	"heart development"	-6.812479279163537	4.8837522584889	0.18833042048621468	0.9501944278714499	0.61068672	null
"GO:0001525"	"angiogenesis"	-4.600326278518962	4.630966594800627	0.1052277610485088	0.953040662896413	0.87193358	7507
"GO:0007586"	"digestion"	-4.962573502059376	4.092615390941555	0.03046170403107094	0.9748181070609879	0.43972871	null
"GO:0007596"	"blood coagulation"	-7.026872146400302	4.482659240683335	0.07478574784098735	0.7934473785239864	0.50435407	null
"GO:0007599"	"hemostasis"	-6.7594507517174005	4.485749810814252	0.07531986142976743	0.8714768966279893	0.9512729	7596
"GO:0030168"	"platelet activation"	-3.669586226650809	4.025264892154508	0.026085418497195364	0.7957388858765974	0.93062252	7596
"GO:1900046"	"regulation of hemostasis"	-3.148130399270234	3.8884041677370464	0.019033642313531964	0.8776433395927562	0.86827203	7596
"GO:0007610"	"behavior"	-4.987162775294828	4.6345377245814365	0.1060966186376303	0.9728279930517038	0.48083209	null
"GO:0007623"	"circadian rhythm"	-7.150580586203101	4.511495663673566	0.07992013008151853	0.9982410442175703	-0	null
"GO:0032922"	"circadian regulation of gene expression"	-3.9788107009300617	4.258637282724076	0.04464648104553941	0.8620207692749219	0.8842643	7623
"GO:0008150"	"biological_process"	-15.00480370840282	7.608826117220222	100	1	-0	null
"GO:0008152"	"metabolic process"	-98.22475374025976	7.372900851027942	58.08643542977757	1	-0	null
"GO:0008202"	"steroid metabolic process"	-16.787812395596042	5.230425928708833	0.41840538689736173	0.9297695084666417	0.61672184	null
"GO:0008213"	"protein alkylation"	-6.511449283499556	4.919971923220444	0.204710724326452	0.9429925487127101	0.45961101	null
"GO:0008214"	"protein dealkylation"	-5.476253533188435	4.145538235712233	0.034409714152744963	0.9502570212905953	0.38974108	null
"GO:0008217"	"regulation of blood pressure"	-5.5968794788241825	4.401400540781544	0.062023632827969986	0.8536724847518685	0.4974327	null
"GO:0003018"	"vascular process in circulatory system"	-3.3429441471428962	4.530302174485271	0.08345709426159682	0.9704332041102282	0.89350898	8217
"GO:0003073"	"regulation of systemic arterial blood pressure"	-3.5272435506827877	4.191283300818515	0.038232195274290955	0.8580398386849498	0.85164193	8217
"GO:0008219"	"cell death"	-6.655607726314889	5.231841537884141	0.41977143778110804	0.9913339931865192	0.0156391	null
"GO:0008277"	"regulation of G protein-coupled receptor signaling pathway"	-5.707743928643524	4.441852175773292	0.06807856106944013	0.8286247536107587	0.67102952	null
"GO:0008283"	"cell population proliferation"	-4.667561540084395	4.601059963546283	0.09822521192371914	0.992319742665493	0.01357665	null
"GO:0008284"	"positive regulation of cell population proliferation"	-8.625251653989896	4.967150002647506	0.22820187682100118	0.796617315831965	0.51233615	null
"GO:0008285"	"negative regulation of cell population proliferation"	-5.351639989019068	4.705906455700312	0.12504657495107693	0.8435365925081263	0.86084593	8284
"GO:0048660"	"regulation of smooth muscle cell proliferation"	-7.489454989793388	3.659250468772661	0.011228692129100324	0.885375418334867	0.72413889	8284
"GO:0050678"	"regulation of epithelial cell proliferation"	-3.5590909179347823	4.386641626135628	0.059951173649385486	0.872408534490368	0.81397497	8284
"GO:0008631"	"intrinsic apoptotic signaling pathway in response to oxidative stress"	-5.3260580013659125	3.1934029030624176	0.0038397105921517986	0.833270398162163	0.65527674	null
"GO:0009056"	"catabolic process"	-23.496209316942817	6.565667808795279	9.05402280817628	0.9597059155685429	0.13686274	null
"GO:0009058"	"biosynthetic process"	-33.37365963262496	7.06378821024573	28.507692540195496	0.9521332525052266	0.20885996	null
"GO:0009063"	"amino acid catabolic process"	-12.397940008672037	5.66589698238364	1.1404334275161834	0.9080162573356285	0.54278291	null
"GO:0009066"	"aspartate family amino acid metabolic process"	-5.116338564846383	5.570684179365189	0.9159186574048253	0.840836347417786	0.59765404	null
"GO:0009064"	"glutamine family amino acid metabolic process"	-4.2644011003018205	5.660914783748703	1.1274251772087973	0.8376774130297893	0.71003608	9066
"GO:0009069"	"serine family amino acid metabolic process"	-4.325138859262188	5.435272465699856	0.6705709959781001	0.8453476693839226	0.67199569	null
"GO:0009072"	"aromatic amino acid metabolic process"	-4.522878745280337	5.6191465701964445	1.0240458922209974	0.8411743206081896	0.60501907	null
"GO:0009081"	"branched-chain amino acid metabolic process"	-3.906578314837765	5.378554146166975	0.5884725685414185	0.849096480418894	0.57013856	null
"GO:0009112"	"nucleobase metabolic process"	-8.351639989019068	5.385488301050675	0.5979438546687262	0.8281801761121912	0.69087025	null
"GO:0009116"	"nucleoside metabolic process"	-11.723538195826755	5.280778627725314	0.46984027936159006	0.8073318382541232	0.671181	null
"GO:0006152"	"purine nucleoside catabolic process"	-3.1163385648463824	4.449771429797611	0.06933138971777683	0.8054080323767544	0.96429196	9116
"GO:0006213"	"pyrimidine nucleoside metabolic process"	-5.866461091629782	4.485920077863703	0.07534939766509167	0.827437262928949	0.81427767	9116
"GO:0009119"	"ribonucleoside metabolic process"	-10.387216143280265	5.088075815079899	0.3014714312486773	0.8132768921968705	0.91540172	9116
"GO:0009163"	"nucleoside biosynthetic process"	-7.482804102050026	5.020593286421175	0.2580851629103057	0.8035029577154531	0.90283651	9116
"GO:0009164"	"nucleoside catabolic process"	-4.954677021213342	4.659221914613612	0.11230168940866538	0.8048557966667715	0.84101671	9116
"GO:0016137"	"glycoside metabolic process"	-4.345823458122039	4.5891226502058515	0.09556202803864973	0.9213636735530432	0.82999228	9116
"GO:0030647"	"aminoglycoside antibiotic metabolic process"	-5.446116973356125	3.685024785105714	0.011915409600389011	0.9310783691073002	0.70995604	9116
"GO:0042278"	"purine nucleoside metabolic process"	-7.82102305270683	4.894974759888139	0.19326051043241985	0.8136295841578238	0.88034219	9116
"GO:0042451"	"purine nucleoside biosynthetic process"	-3.3767507096020997	4.745254408625765	0.1369053734337611	0.8055652806876217	0.95115667	9116
"GO:0042454"	"ribonucleoside catabolic process"	-4.872895201635193	4.367598163679833	0.05737905982323253	0.8135088882142172	0.9514921	9116
"GO:0042455"	"ribonucleoside biosynthetic process"	-5.476253533188435	5.01966452676886	0.2575338198509198	0.802971265893287	0.99724022	9116
"GO:0043174"	"nucleoside salvage"	-3.2781893847874533	4.706888394981617	0.12532963053960094	0.8066056714039309	0.94042658	9116
"GO:0046128"	"purine ribonucleoside metabolic process"	-8.05453141486818	4.777006099803747	0.1472898215031768	0.8159317030083303	0.86021491	9116
"GO:0046129"	"purine ribonucleoside biosynthetic process"	-3.3767507096020997	4.745230984528141	0.13689798937493006	0.8052222203357561	0.95115276	9116
"GO:0046130"	"purine ribonucleoside catabolic process"	-3.1163385648463824	4.0097057883905185	0.025167333849200092	0.8181585224786968	0.89948934	9116
"GO:1901658"	"glycosyl compound catabolic process"	-4.735182176990463	4.830145809002618	0.16646129958155523	0.8912901299825942	0.86916628	9116
"GO:1901659"	"glycosyl compound biosynthetic process"	-6.896196279044043	5.084343877152251	0.2988919333636933	0.8969122080719726	0.91469771	9116
"GO:0009132"	"nucleoside diphosphate metabolic process"	-6.703334809738469	5.356473313428258	0.5593006134528395	0.8074845839531004	0.68529961	null
"GO:0009166"	"nucleotide catabolic process"	-11.723538195826755	5.4229639007171535	0.6518327160178106	0.7805220814221325	0.69820071	null
"GO:0006195"	"purine nucleotide catabolic process"	-8.679853713888946	5.329513811358952	0.5256366892420318	0.7789400198204354	0.95641087	9166
"GO:0009154"	"purine ribonucleotide catabolic process"	-7.292429823902063	5.26259583043562	0.4505752698713515	0.7742217376519348	0.94228906	9166
"GO:0009214"	"cyclic nucleotide catabolic process"	-6.903089986991944	3.9348013417465366	0.021179942080427068	0.8296098421669816	0.72876952	9166
"GO:0009261"	"ribonucleotide catabolic process"	-7.6439741428068775	5.2856833036363104	0.4751764925435035	0.7783221644702133	0.94711389	9166
"GO:0046058"	"cAMP metabolic process"	-4.189095719331299	4.426234656211552	0.06567381924345789	0.8192666810057954	0.81348355	9166
"GO:1901292"	"nucleoside phosphate catabolic process"	-11.48412615628832	5.4583477189522105	0.7071639301918955	0.7831035083609386	0.94230199	9166
"GO:0009170"	"purine deoxyribonucleoside monophosphate metabolic process"	-6.406713932979542	2.738780558484369	0.0013463600601968167	0.8666730008333157	0.39666113	null
"GO:0009185"	"ribonucleoside diphosphate metabolic process"	-5.903089986991944	5.308163012577934	0.5004201283339579	0.8064139096026007	0.67622109	null
"GO:0006096"	"glycolytic process"	-3.260427655549908	5.226434919292073	0.4145779830699283	0.7461484910412569	0.97910707	9185
"GO:0009135"	"purine nucleoside diphosphate metabolic process"	-5.321481620959886	5.270296768427931	0.45863620076192657	0.8078618965196741	0.96557974	9185
"GO:0009179"	"purine ribonucleoside diphosphate metabolic process"	-5.321481620959886	5.270292106990392	0.4586312780560392	0.8077284987562571	0.98821991	9185
"GO:0046031"	"ADP metabolic process"	-4.920818753952375	5.236255029535826	0.4240591146090109	0.7902515387376269	0.95854603	9185
"GO:0009187"	"cyclic nucleotide metabolic process"	-5.476253533188435	4.815438273573759	0.160918332752372	0.8224717376906828	0.59572953	null
"GO:0009226"	"nucleotide-sugar biosynthetic process"	-3.1319436381769585	5.0647985521947065	0.2857384632326297	0.8029399722296123	0.63391673	null
"GO:0009262"	"deoxyribonucleotide metabolic process"	-4.735182176990463	5.067862804697876	0.2877616953523405	0.8084874547829866	0.63441646	null
"GO:0009308"	"amine metabolic process"	-11.779891911959945	5.439788858197747	0.6775809291617207	0.9700279779893158	0.05204201	null
"GO:0009394"	"2'-deoxyribonucleotide metabolic process"	-4.338187314462739	4.889475385564775	0.19082869372405703	0.8109759301827628	0.60657869	null
"GO:0009151"	"purine deoxyribonucleotide metabolic process"	-4.5934598195660445	4.366647051390854	0.057253530823104484	0.8219405731343937	0.89412884	9394
"GO:0009155"	"purine deoxyribonucleotide catabolic process"	-3.3535962737769305	4.360725915641955	0.056478204645843064	0.8072395145263676	0.89324161	9394
"GO:0009264"	"deoxyribonucleotide catabolic process"	-3.653647025549361	4.694999832747095	0.12194527024203125	0.8017473453740214	0.89954519	9394
"GO:0046386"	"deoxyribose phosphate catabolic process"	-3.5361070110140926	4.679155241283354	0.11757636876698672	0.8450548638653842	0.94359411	9394
"GO:0009409"	"response to cold"	-3.021819483062586	4.38751440114948	0.06007177994362616	0.9115386813252625	0.63369633	null
"GO:0009410"	"response to xenobiotic stimulus"	-27.441291429466833	4.82675488069819	0.16516662793317585	0.8939860934328395	0.54179378	null
"GO:0009411"	"response to UV"	-5.046240308266771	4.32333461859905	0.051818863523443476	0.9165076773501163	0.62735407	null
"GO:0009416"	"response to light stimulus"	-3.705533773838407	5.013852202500837	0.2541100779062511	0.9068711260070592	0.84473564	9411
"GO:0009605"	"response to external stimulus"	-15.374687549038326	5.806780784629541	1.5774441813148754	0.9123045489103381	0.40423315	null
"GO:0009607"	"response to biotic stimulus"	-6.34008379993015	5.596143873584628	0.9712178739906423	0.9159700479872246	0.37903385	null
"GO:0009611"	"response to wounding"	-6.995678626217358	4.806064599188238	0.15748228404298487	0.9200230795647897	0.44845809	null
"GO:0009612"	"response to mechanical stimulus"	-4.473660722610156	4.2433357485598755	0.04310075139690395	0.9164027240806891	0.65798183	null
"GO:0009628"	"response to abiotic stimulus"	-17.2572748686953	5.578317093840565	0.9321586641272724	0.9162659119773268	0.3770446	null
"GO:0009712"	"catechol-containing compound metabolic process"	-4.627087997029894	4.465427468452574	0.07187642866154925	0.9515493865237888	0.68739384	null
"GO:0006584"	"catecholamine metabolic process"	-4.627087997029894	4.086644520610805	0.030045735383587825	0.9475845761503577	0.82988619	9712
"GO:0009719"	"response to endogenous stimulus"	-17.467245621007503	5.524614188342792	0.8237336056049143	0.9171444286839124	0.37117626	null
"GO:0009725"	"response to hormone"	-13.130768280269024	5.403883727818924	0.6238151354598208	0.8707361613147534	0.61538007	null
"GO:0009755"	"hormone-mediated signaling pathway"	-6.181774106386045	5.13002160770718	0.3320414348092705	0.7432970840354576	0.88264491	9725
"GO:0032870"	"cellular response to hormone stimulus"	-7.2403321553103694	5.304944834393971	0.4967256375654837	0.8568749874815254	0.91688797	9725
"GO:0070848"	"response to growth factor"	-6.308034897232639	4.9209108146244525	0.20515376785631567	0.9076072366090753	0.84492216	9725
"GO:0071363"	"cellular response to growth factor stimulus"	-5.23284413391782	4.917090447138433	0.2033569802074241	0.9072799306503173	0.84426294	9725
"GO:0071495"	"cellular response to endogenous stimulus"	-11.7594507517174	5.451290473578162	0.6957654047096807	0.8984680424753618	0.94764641	9725
"GO:0009894"	"regulation of catabolic process"	-5.7423214251308154	5.522579847844276	0.8198840496009876	0.8373216735901179	0.31278582	null
"GO:0009987"	"cellular process"	-36.769551078621724	7.481258236372406	74.54733381080298	1	-0	null
"GO:0010038"	"response to metal ion"	-4.705533773838407	5.011895936734436	0.25296801014038034	0.8905906628265815	0.56340637	null
"GO:0010506"	"regulation of autophagy"	-5.962573502059376	4.910747099756023	0.20040827938088707	0.8447309658185639	0.28756405	null
"GO:0009895"	"negative regulation of catabolic process"	-3.494850021680094	4.765206452090041	0.14334181138150276	0.8320485963692666	0.74675225	10506
"GO:0016241"	"regulation of macroautophagy"	-3.9030899869919438	4.376814111968197	0.058609736295076056	0.8577726449779554	0.89084589	10506
"GO:0031329"	"regulation of cellular catabolic process"	-3.910094888560602	4.961459063508849	0.22523102381797094	0.8437159037701841	0.77416883	10506
"GO:0010628"	"positive regulation of gene expression"	-4.321481620959886	5.294221453198817	0.484610858376656	0.7710138862632203	0.69075789	null
"GO:0010631"	"epithelial cell migration"	-3.774690718274137	3.344981413927258	0.005444512711435756	0.9687268097301184	0.62363018	null
"GO:0010646"	"regulation of cell communication"	-18.22112552799726	5.899918945937375	1.9547548194644382	0.842434935064928	0.24696378	null
"GO:0010712"	"regulation of collagen metabolic process"	-3.9281179926938745	2.993876914941211	0.002424432649531745	0.8909977787249402	0.1450841	null
"GO:0010817"	"regulation of hormone levels"	-15.302770657240282	5.059059541001648	0.28198736134645064	0.8630674078915167	0.55958328	null
"GO:0010827"	"regulation of D-glucose transmembrane transport"	-3.2313618987523856	3.6885977750811696	0.012013863718136494	0.8617431137085743	0.66657482	null
"GO:0010839"	"negative regulation of keratinocyte proliferation"	-4.101274818410507	2.937517892017347	0.002129070296289299	0.8781832596523607	0.65263691	null
"GO:0050679"	"positive regulation of epithelial cell proliferation"	-3.1890957193312994	4.207849711130526	0.039718852452277936	0.8191849955064814	0.79780628	10839
"GO:0010887"	"negative regulation of cholesterol storage"	-4.382999658879101	3.392169149489736	0.006069696359132267	0.8538575449885777	0.63555013	null
"GO:0032368"	"regulation of lipid transport"	-3.40340290437354	3.8025684983139563	0.015619745780638024	0.8632623232236579	0.85938483	10887
"GO:2000191"	"regulation of fatty acid transport"	-3.2211255279972604	3.180412632838324	0.003726488356742195	0.8742437718804633	0.79751948	10887
"GO:0010906"	"regulation of glucose metabolic process"	-9.636388020107855	4.366945663852573	0.057292912470203475	0.8450817677711104	0.24680527	null
"GO:0006140"	"regulation of nucleotide metabolic process"	-4.518557371497695	4.04688519083771	0.027417010439730057	0.8370200516123834	0.81037193	10906
"GO:0010565"	"regulation of cellular ketone metabolic process"	-5	4.4752497618479286	0.0735206124279322	0.8437640166177781	0.86482334	10906
"GO:0010907"	"positive regulation of glucose metabolic process"	-4.847711655616943	3.2681097298084785	0.004560887004652105	0.8213651942136614	0.75874596	10906
"GO:0030808"	"regulation of nucleotide biosynthetic process"	-4.195860567664649	3.6501131644435714	0.010994863599450054	0.8445015563283416	0.89949144	10906
"GO:0043255"	"regulation of carbohydrate biosynthetic process"	-3.7375489102695707	4.398374086151356	0.06159289606282476	0.8584807232055448	0.89168135	10906
"GO:0043470"	"regulation of carbohydrate catabolic process"	-3.289036881004724	3.8265283063406517	0.01650583284036536	0.867046272388793	0.81908347	10906
"GO:0045913"	"positive regulation of carbohydrate metabolic process"	-5.037630664329979	3.4800069429571505	0.007430824536991206	0.8289639231565841	0.78056767	10906
"GO:0046321"	"positive regulation of fatty acid oxidation"	-3.2781893847874533	2.7041505168397992	0.0012429832365619606	0.8257679605560132	0.79156846	10906
"GO:0062013"	"positive regulation of small molecule metabolic process"	-6.586700235918748	3.9484618700612835	0.02185681413994101	0.8091678648975078	0.79881529	10906
"GO:0062014"	"negative regulation of small molecule metabolic process"	-3.3344190089820467	4.342047446258668	0.05410053770224137	0.8311879503142094	0.84712379	10906
"GO:0070873"	"regulation of glycogen metabolic process"	-3.3458234581220396	4.071145290451083	0.02899227632368977	0.8618066900763748	0.84864039	10906
"GO:1900371"	"regulation of purine nucleotide biosynthetic process"	-4.246416941107094	3.649918718735419	0.010989940893562682	0.8443263361850464	0.76569174	10906
"GO:1900542"	"regulation of purine nucleotide metabolic process"	-3.6989700043360187	4.045088161542816	0.027303788204320455	0.8359047990898715	0.94674962	10906
"GO:1902930"	"regulation of alcohol biosynthetic process"	-4.019996628416254	3.6114046377115936	0.01005708812790529	0.8657618467489238	0.76161727	10906
"GO:2001169"	"regulation of ATP biosynthetic process"	-3.0048037084028207	3.465977368285823	0.007194534654397249	0.848163711773636	0.97713501	10906
"GO:0014070"	"response to organic cyclic compound"	-17.401209493236884	4.89256205278148	0.19218982190191597	0.8928040073690452	0.54928328	null
"GO:0015671"	"oxygen transport"	-3.642065152999546	4.356178885553375	0.055889941292301855	0.9936278242493507	0.22283654	null
"GO:0015701"	"bicarbonate transport"	-3.7235381958267557	4.327174958937619	0.05227913652391295	0.9912052911348794	0.64300728	null
"GO:0015711"	"organic anion transport"	-3.285670240254767	5.735843121663261	1.3397267140135802	0.9919219042164283	0.34506919	null
"GO:0015718"	"monocarboxylic acid transport"	-4.235823867609669	5.142849174377076	0.3419951461135409	0.9899379717340825	0.26119247	null
"GO:0015949"	"nucleobase-containing small molecule interconversion"	-5.91721462968355	4.136213065513025	0.033678692328469914	0.8628887320692142	0.51175539	null
"GO:0015966"	"diadenosine tetraphosphate biosynthetic process"	-3.8416375079047502	2.8779469516291885	0.0018558601195400363	0.8596178523124393	0.40575826	null
"GO:0015960"	"diadenosine polyphosphate biosynthetic process"	-3.8416375079047502	2.8779469516291885	0.0018558601195400363	0.8596178523124393	0.83632094	15966
"GO:0015965"	"diadenosine tetraphosphate metabolic process"	-3.8416375079047502	2.8836614351536176	0.0018804736489769068	0.8663025787432935	0.83682695	15966
"GO:0016032"	"viral process"	-3.5575202309355514	4.69107264693143	0.1208475068291468	1	-0	null
"GO:0016043"	"cellular component organization"	-3.27083521030723	6.699986972694328	12.335614236288208	0.982063247658111	0.54017561	null
"GO:0016052"	"carbohydrate catabolic process"	-8.856985199745905	5.8325740519931975	1.673968598354507	0.910595752874838	0.64867339	null
"GO:0016098"	"monoterpenoid metabolic process"	-3.987162775294828	2.0791812460476247	0.00029290100029875904	0.9402687701783546	0.33411368	null
"GO:0016192"	"vesicle-mediated transport"	-4.1979107421182675	6.022337625916402	2.591260690701909	0.9813493616757617	0.32790996	null
"GO:0016485"	"protein processing"	-3.2765443279648143	5.300927924466898	0.49215244379611317	0.9106069188122131	0.64339986	null
"GO:0016999"	"antibiotic metabolic process"	-14.401209493236886	4.860840897869223	0.1786523807116372	0.9734544389460521	0.0451617	null
"GO:0017001"	"antibiotic catabolic process"	-7.928117992693875	4.355930187078868	0.05585794370403393	0.9474873447009404	0.04049279	null
"GO:0018076"	"N-terminal peptidyl-lysine acetylation"	-3.8416375079047502	2.113943352306837	0.0003175145297356295	0.9329501404168817	0.39334657	null
"GO:0018393"	"internal peptidyl-lysine acetylation"	-3.2992962828549808	3.12057393120585	0.00324652453272322	0.9491586414459195	0.87881389	18076
"GO:0018105"	"peptidyl-serine phosphorylation"	-18.289036881004723	5.236466720693501	0.42426586825628054	0.8744200498009389	0.5463667	null
"GO:0018107"	"peptidyl-threonine phosphorylation"	-10.473660722610155	4.515741416669365	0.0807053016705547	0.8904860252575653	0.58293789	null
"GO:0018108"	"peptidyl-tyrosine phosphorylation"	-27.950781977329818	3.9444826721501687	0.02165744455150236	0.8994798225870311	0.44726651	null
"GO:0038083"	"peptidyl-tyrosine autophosphorylation"	-6.59176003468815	3.04688519083771	0.0027394858263236873	0.9113616844673799	0.84060866	18108
"GO:0018193"	"peptidyl-amino acid modification"	-43.74232142513082	5.977677887673994	2.338036699855386	0.9286150725201722	0	null
"GO:0018205"	"peptidyl-lysine modification"	-4.573488738635425	5.1205212862598	0.324856745566648	0.9358510155496335	0.65547005	null
"GO:0018209"	"peptidyl-serine modification"	-19.659555885159882	5.2436307662151025	0.4313225671458314	0.9342902308053297	0.67250311	null
"GO:0018210"	"peptidyl-threonine modification"	-10.474955192963154	4.5358002908248976	0.08452039873326962	0.9423373325946873	0.58508529	null
"GO:0018212"	"peptidyl-tyrosine modification"	-28.82102305270683	4.14992695911359	0.03475922627074853	0.9459323286213684	0.39007714	null
"GO:0019216"	"regulation of lipid metabolic process"	-15.698970004336019	4.630366845751405	0.10508254122483125	0.8597516035574879	0.25927229	null
"GO:0019222"	"regulation of metabolic process"	-13.67366413907125	6.806314448734751	15.757534779778567	0.8120427781948367	0.39439172	null
"GO:0019318"	"hexose metabolic process"	-11.517126416391246	5.482233098635759	0.7471461474091479	0.8622632347214385	0.59337455	null
"GO:0006000"	"fructose metabolic process"	-4.168130225719499	4.3284407673684075	0.052431740406421554	0.888878699922179	0.72587666	19318
"GO:0006006"	"glucose metabolic process"	-10.209714835966759	5.290513185087556	0.4804905535489239	0.8673858373995216	0.88299101	19318
"GO:0019319"	"hexose biosynthetic process"	-4.139661993429006	5.021540728567295	0.25864881273441004	0.8606654553957933	0.83260752	19318
"GO:0046364"	"monosaccharide biosynthetic process"	-4.357535479757878	5.085015711684586	0.29935466771710645	0.8591647448736646	0.84397216	19318
"GO:0046365"	"monosaccharide catabolic process"	-5.815308569182402	5.087536525907451	0.3010973056012369	0.849612881043089	0.84442989	19318
"GO:0019395"	"fatty acid oxidation"	-7.669586226650809	5.228721084278399	0.4167661258368661	0.8291858502928646	0.64304074	null
"GO:0006633"	"fatty acid biosynthetic process"	-6.721246399047171	5.530095916325892	0.8341968169685278	0.8079195529267941	0.77201109	19395
"GO:0006635"	"fatty acid beta-oxidation"	-6.0030507515046185	5.212576430258595	0.40155742599782385	0.809062890374024	0.98268415	19395
"GO:0033539"	"fatty acid beta-oxidation using acyl-CoA dehydrogenase"	-4.101274818410507	4.652835962028358	0.1106624283481698	0.8276855433935025	0.87960246	19395
"GO:0034440"	"lipid oxidation"	-7.301029995663981	5.251645519453799	0.4393564231540259	0.9068347372558572	0.91488824	19395
"GO:0019538"	"protein metabolic process"	-28.866461091629784	6.885479051662408	18.90831760569825	0.9304219000891955	0.27012598	null
"GO:0019692"	"deoxyribose phosphate metabolic process"	-4.1249387366083	4.9379339333457475	0.21335499586468093	0.868014501622218	0.54268395	null
"GO:0019748"	"secondary metabolic process"	-8.214670164989233	5.412868609276585	0.6368553833554749	0.9702076250253534	0.05167594	null
"GO:0022402"	"cell cycle process"	-3.4989407377822483	5.875800671392008	1.8491578554743764	0.990011590022917	0.01850965	null
"GO:0022414"	"reproductive process"	-4.083019952679618	5.62658773183261	1.0417430198861073	1	-0	null
"GO:0022617"	"extracellular matrix disassembly"	-4.72584215073632	2.9474337218870508	0.0021782973551630396	0.9909089711043044	0.24753744	null
"GO:0022900"	"electron transport chain"	-4.478861916295964	5.5178896866418805	0.8110773287684753	0.9386584231032359	0.1411461	null
"GO:0023051"	"regulation of signaling"	-18.437707135543526	5.9013275229365645	1.9611051100591508	0.8490796869631578	0.2470716	null
"GO:0030155"	"regulation of cell adhesion"	-5.982966660701219	4.8665944864062345	0.18103497036112626	0.8707629933394	0.18707289	null
"GO:0030162"	"regulation of proteolysis"	-3.0550240915879523	5.322223430852146	0.5168865795272243	0.8250588072189221	0.69120854	null
"GO:0030258"	"lipid modification"	-6.350665141287858	5.4274163177532	0.6585497482011325	0.905984645485246	0.65111005	null
"GO:0030522"	"intracellular receptor signaling pathway"	-7.7544873321858505	4.787814567063023	0.15100154174225688	0.7991987636960785	0.33240669	null
"GO:0030638"	"polyketide metabolic process"	-5.823908740944319	4.410996433516383	0.06340937453526581	0.9722739447707267	0.04095456	null
"GO:0009404"	"toxin metabolic process"	-3.3767507096020997	4.579131665823532	0.09338865338937408	0.9478881037298584	0.70074853	30638
"GO:0030855"	"epithelial cell differentiation"	-6.276544327964814	4.787467559199322	0.1508809354480162	0.9682331417720207	0.59844542	null
"GO:0031099"	"regeneration"	-4.860120913598763	4.069038764986071	0.028851979205899606	0.9793138770294886	0.52058157	null
"GO:0031100"	"animal organ regeneration"	-4.732828271596986	2.8920946026904804	0.0019173939431322126	0.9809924898592093	0.42908574	null
"GO:0031346"	"positive regulation of cell projection organization"	-8.404503778174426	4.6555705925491955	0.11136145258417691	0.7989052071440025	0.61578865	null
"GO:0010638"	"positive regulation of organelle organization"	-3.567030709125594	4.908426036610615	0.19934005220332685	0.7907193677920803	0.8455257	31346
"GO:0010975"	"regulation of neuron projection development"	-5.1904402853647325	4.867160957549899	0.1812712602437202	0.8526491838666488	0.96059703	31346
"GO:0010976"	"positive regulation of neuron projection development"	-5.273272790973428	4.193152436852078	0.03839710592151799	0.8128219015964501	0.80563636	31346
"GO:0031334"	"positive regulation of protein-containing complex assembly"	-3.0867160982395814	4.431412016420789	0.06646145218543774	0.8055853217617553	0.77973598	31346
"GO:0120035"	"regulation of plasma membrane bounded cell projection organization"	-6.198596289982645	5.008957678852527	0.25126229255040516	0.8490278946044799	0.92399491	31346
"GO:0031347"	"regulation of defense response"	-8.067526235322847	5.000620597487598	0.24648480648670862	0.8174152153846757	0.69486667	null
"GO:0002218"	"activation of innate immune response"	-4.835647144215563	4.445277191869633	0.0686175973641076	0.751797876547964	0.96830206	31347
"GO:0002221"	"pattern recognition receptor signaling pathway"	-3.856985199745905	4.3492580955127895	0.05500631558551821	0.6949952676226754	0.95352272	31347
"GO:0002224"	"toll-like receptor signaling pathway"	-3.24184537803261	4.169674434058807	0.03637633515475092	0.7027201920896805	0.96707518	31347
"GO:0002758"	"innate immune response-activating signaling pathway"	-3.9788107009300617	4.367877506637881	0.05741598011738783	0.6942095338508426	0.97265353	31347
"GO:0030193"	"regulation of blood coagulation"	-3.1999706407558657	3.8840019247687874	0.01884165678392437	0.7903224370421519	0.9595657	31347
"GO:0031349"	"positive regulation of defense response"	-6.070070439915412	4.664030524947218	0.11355205670405838	0.7746289790394686	0.83920667	31347
"GO:0032872"	"regulation of stress-activated MAPK cascade"	-4.280668713016273	3.763502865467597	0.014275847073384895	0.8355928449256816	0.7220964	31347
"GO:0045088"	"regulation of innate immune response"	-5.497572880015567	4.751625477375546	0.13892860555347186	0.804765022621131	0.89685454	31347
"GO:0045089"	"positive regulation of innate immune response"	-4.591760034688151	4.577261953585815	0.0929874528595531	0.7632349023190345	0.94311777	31347
"GO:0050727"	"regulation of inflammatory response"	-4.920818753952375	4.480438147177817	0.07440423813471585	0.8302079822257001	0.85680625	31347
"GO:0061041"	"regulation of wound healing"	-3.3809066693732572	4.047158001128309	0.027434239910335865	0.8421460277915785	0.75529819	31347
"GO:0070302"	"regulation of stress-activated protein kinase signaling cascade"	-4.605548319173784	3.7670816213633223	0.014393992014681873	0.8363316984853852	0.72249712	31347
"GO:0080135"	"regulation of cellular response to stress"	-6.931814138253839	4.857060977521578	0.17710418971005804	0.8173209848602501	0.86942978	31347
"GO:1903034"	"regulation of response to wounding"	-3.2218487496163566	4.111766433052562	0.031835138973648314	0.841242506410845	0.76329169	31347
"GO:0031365"	"N-terminal protein amino acid modification"	-4.042871802323187	4.523239060190306	0.08211073420140001	0.9469665118009302	0.42095168	null
"GO:0031399"	"regulation of protein modification process"	-16.91364016932525	5.3634709522948985	0.5683854671679884	0.8237009558457334	0.30168181	null
"GO:0031401"	"positive regulation of protein modification process"	-15.790484985457368	5.059582349244611	0.28232702805267945	0.771659804743455	0.65334495	null
"GO:0031400"	"negative regulation of protein modification process"	-4.441291429466834	4.779538773870285	0.14815129503346727	0.8149645816644716	0.83018584	31401
"GO:0031667"	"response to nutrient levels"	-13.950781977329818	5.293537121475543	0.48384783896411304	0.9207186478444715	0.34787873	null
"GO:0031669"	"cellular response to nutrient levels"	-6.396855627379818	5.113354986024232	0.319540223208284	0.9060071241288755	0.33164711	null
"GO:0007584"	"response to nutrient"	-6.114638779968488	4.507734468072263	0.07923095125728616	0.8945994219867358	0.82339174	31669
"GO:0009267"	"cellular response to starvation"	-5.334419008982047	5.042481004718527	0.2714256958650895	0.8998542976369036	0.91037892	31669
"GO:0042149"	"cellular response to glucose starvation"	-3.490797477668897	3.7771367125041726	0.014731197367966997	0.9179725328714647	0.72830808	31669
"GO:0042594"	"response to starvation"	-6.166852888087215	5.107647436650064	0.3153682299687344	0.9107585234919726	0.92225219	31669
"GO:0032103"	"positive regulation of response to external stimulus"	-5.978810700930062	4.755165691252543	0.1400657506134553	0.7750417555736505	0.65981002	null
"GO:0032259"	"methylation"	-12.57186520597121	6.033478038904545	2.6585910004764686	0.9653933037583057	0.06472555	null
"GO:0032501"	"multicellular organismal process"	-7.5638373529592435	6.163132142633867	3.5834862120669206	1	-0	null
"GO:0032502"	"developmental process"	-10.692503962086787	6.192100572841233	3.830665120083749	1	-0	null
"GO:0032768"	"regulation of monooxygenase activity"	-3.8827287043442356	3.2013971243204513	0.003911089827518723	0.8755218805074858	0.55622819	null
"GO:0050999"	"regulation of nitric-oxide synthase activity"	-3.96657624451305	3.040602340114073	0.0027001041792246946	0.8780532764568215	0.84070032	32768
"GO:0051353"	"positive regulation of oxidoreductase activity"	-3.4294570601181027	3.747489492258673	0.013758962955210613	0.8640012965784613	0.91260009	32768
"GO:0032787"	"monocarboxylic acid metabolic process"	-25.946921556516582	6.126984864672973	3.2972997825985404	0.8292105486797058	0.50014856	null
"GO:0008652"	"amino acid biosynthetic process"	-7.673664139071248	6.048555994777868	2.752513767454623	0.911025835866383	0.8026577	32787
"GO:0016053"	"organic acid biosynthetic process"	-18.26600071346161	6.236575046487796	4.243739216505085	0.8097607893051548	0.82526669	32787
"GO:0019752"	"carboxylic acid metabolic process"	-40.1944991418416	6.517258199558676	8.099010481966873	0.8113562407490359	0.80487431	32787
"GO:0043436"	"oxoacid metabolic process"	-38.14874165128092	6.526826292968412	8.279422730033247	0.8112961118678998	0.90424573	32787
"GO:0046394"	"carboxylic acid biosynthetic process"	-17.66554624884907	6.234378064251388	4.222325445895008	0.8082802031330149	0.70242299	32787
"GO:0072330"	"monocarboxylic acid biosynthetic process"	-10.681936665037238	5.658166951214499	1.1203143285544854	0.8273900437660868	0.79036012	32787
"GO:1901605"	"alpha-amino acid metabolic process"	-15.278189384787453	6.204814027521744	3.9444608507292327	0.8177666487134817	0.722099	32787
"GO:1901607"	"alpha-amino acid biosynthetic process"	-6.39577394691553	6.010750134117194	2.5230369098087917	0.8097356267964443	0.88410808	32787
"GO:0032879"	"regulation of localization"	-10.303643611266669	5.565863160327171	0.9058074195121588	0.8591925213959115	0.2238009	null
"GO:0032886"	"regulation of microtubule-based process"	-4.202732459169283	4.853180886542993	0.17552892382609833	0.8710617156093263	0.18648583	null
"GO:0032890"	"regulation of organic acid transport"	-5.1911141326401875	3.4690852991231202	0.007246223066214677	0.8706019617428374	0.64332006	null
"GO:0032940"	"secretion by cell"	-6.920818753952375	5.476002229822549	0.7365032572806451	0.9783840487801011	0.28172875	null
"GO:0006887"	"exocytosis"	-6.578396073130169	5.152985103063503	0.35007084512177816	0.9786313884412635	0.91001822	32940
"GO:0045055"	"regulated exocytosis"	-6.6252516539898965	4.672301097151566	0.11573527676510881	0.9799169037873293	0.82372787	32940
"GO:0032965"	"regulation of collagen biosynthetic process"	-4.450996737974212	2.905256048748451	0.0019764664137807016	0.8884285629671506	0.12809479	null
"GO:0010713"	"negative regulation of collagen metabolic process"	-3.856985199745905	2.1072099696478683	0.00031259182384825543	0.884094590011638	0.90414691	32965
"GO:0032966"	"negative regulation of collagen biosynthetic process"	-4.101274818410507	2.0086001717619175	0.0002485966473123921	0.8845264387828348	0.89542152	32965
"GO:0032989"	"cellular anatomical entity morphogenesis"	-4.51427857351842	4.509565403222792	0.07956569525762759	0.9884937159859112	0.32688797	null
"GO:0033013"	"tetrapyrrole metabolic process"	-4.497572880015567	5.448144929117498	0.6907442447045591	0.9699717547170207	0.05215669	null
"GO:0033146"	"regulation of intracellular estrogen receptor signaling pathway"	-3.0985416786038877	3.3126004392612596	0.005053157593389515	0.8525262689567359	0.55088278	null
"GO:0033273"	"response to vitamin"	-3.7166987712964503	3.345765693114488	0.005454358123210505	0.9109115364105618	0.68181106	null
"GO:0033353"	"S-adenosylmethionine cycle"	-3.258060922270801	4.404354702725426	0.062446985534284155	0.944105659550386	0.55614401	null
"GO:0033500"	"carbohydrate homeostasis"	-5.082494490447453	4.505678952441556	0.07885682560984572	0.9942630319161628	0.68224701	null
"GO:0033554"	"cellular response to stress"	-12.017728766960431	6.254747656865193	4.425081855984172	0.8796365985677711	0.63571703	null
"GO:0033559"	"unsaturated fatty acid metabolic process"	-9.920818753952375	4.6358254182207554	0.10641167181442227	0.8487275365886036	0.53192339	null
"GO:0033628"	"regulation of cell adhesion mediated by integrin"	-4.051098239029787	3.6952189189051508	0.012198465188913023	0.8829920013047478	0.14673242	null
"GO:0033865"	"nucleoside bisphosphate metabolic process"	-8.531652669587842	4.37737911315744	0.05868603823633035	0.8391731435946418	0.53871844	null
"GO:0033993"	"response to lipid"	-11.33348201944512	5.0331462008952395	0.26565382321214337	0.8901867443700157	0.56599786	null
"GO:0034032"	"purine nucleoside bisphosphate metabolic process"	-8.531652669587842	4.37737911315744	0.05868603823633035	0.8295693036121609	0.53871844	null
"GO:0033866"	"nucleoside bisphosphate biosynthetic process"	-3.8827287043442356	3.9391696796251776	0.021394079786527843	0.8382513800701358	0.93594797	34032
"GO:0033875"	"ribonucleoside bisphosphate metabolic process"	-8.531652669587842	4.37737911315744	0.05868603823633035	0.8350001740307659	0.99941314	34032
"GO:0034030"	"ribonucleoside bisphosphate biosynthetic process"	-3.8827287043442356	3.9391696796251776	0.021394079786527843	0.8380332554934585	0.99978606	34032
"GO:0034033"	"purine nucleoside bisphosphate biosynthetic process"	-3.8827287043442356	3.9391696796251776	0.021394079786527843	0.8327990938171713	0.93594797	34032
"GO:0034097"	"response to cytokine"	-6.573488738635425	5.073168262265102	0.29129865953241874	0.8870576693275873	0.57094386	null
"GO:0019221"	"cytokine-mediated signaling pathway"	-3.906578314837765	4.96721557632752	0.22823633576221283	0.7565346788313809	0.97649614	34097
"GO:0071345"	"cellular response to cytokine stimulus"	-5.145086977692144	5.039711479325997	0.2697002874515649	0.8877081948804021	0.99036406	34097
"GO:0034103"	"regulation of tissue remodeling"	-4.149353764816934	3.881213416255019	0.018721050489683706	0.8540561941709353	0.66692333	null
"GO:0034404"	"nucleobase-containing small molecule biosynthetic process"	-16.250263684430937	5.020593286421175	0.2580851629103057	0.8285699459458131	0.62679412	null
"GO:0034446"	"substrate adhesion-dependent cell spreading"	-3.500312917381596	4.053654558290748	0.02784774720487529	0.9930056259791792	0.01218237	null
"GO:0034599"	"cellular response to oxidative stress"	-12.336299074610352	5.1302340301621	0.33220388410355384	0.8641038913469141	0.6878397	null
"GO:0034614"	"cellular response to reactive oxygen species"	-11.092588639225413	4.716812715219713	0.1282266429543206	0.8648849699048551	0.89847354	34599
"GO:0070301"	"cellular response to hydrogen peroxide"	-6.39577394691553	4.025141949625193	0.026078034438364303	0.8784902930565757	0.7959588	34599
"GO:0034654"	"nucleobase-containing compound biosynthetic process"	-16.946921556516582	6.617847437707689	10.209893841355267	0.8745218732682537	0.51354075	null
"GO:0034655"	"nucleobase-containing compound catabolic process"	-4.347753658996677	5.794039578666974	1.531837772621298	0.8817451993297493	0.56343681	null
"GO:0034656"	"nucleobase-containing small molecule catabolic process"	-5.024108863598207	4.660239187428279	0.11256505417363988	0.8269494538017425	0.648089	null
"GO:0035556"	"intracellular signal transduction"	-19.59176003468815	6.25082994866753	4.385343312708344	0.7370478182641289	0.47012294	null
"GO:0007165"	"signal transduction"	-10.073657553374344	6.555859777363872	8.851839893322994	0.7182195349669981	0.78117509	35556
"GO:0035902"	"response to immobilization stress"	-5.562249437179612	2.2329961103921536	0.00041843000042679864	0.944219663466057	0.18988874	null
"GO:0036289"	"peptidyl-serine autophosphorylation"	-3.1163385648463824	2.481442628502305	0.0007433285889934893	0.9181267257068424	0.6279001	null
"GO:0038093"	"Fc receptor signaling pathway"	-5.123205023799299	3.2826221128780624	0.004715952240104389	0.7855438351137796	0.5107323	null
"GO:0038094"	"Fc-gamma receptor signaling pathway"	-3.3872161432802645	2.5514499979728753	0.000873780295008903	0.8029026655263355	0.63309093	null
"GO:0038095"	"Fc-epsilon receptor signaling pathway"	-3.0409586076789066	2.9459607035775686	0.0021709132963319785	0.7934248125523814	0.88999105	38094
"GO:0038096"	"Fc-gamma receptor signaling pathway involved in phagocytosis"	-3.4271283977995197	1.7323937598229686	0.00013045170601541368	0.7729403864449391	0.79067314	38094
"GO:0040007"	"growth"	-3.6108339156354674	4.669911651840315	0.11510024770563755	1	-0	null
"GO:0040008"	"regulation of growth"	-7.490797477668897	4.89184397587854	0.19187230737218033	0.8757762598765934	0.18818806	null
"GO:0040012"	"regulation of locomotion"	-6.317854923626168	5.219450916891037	0.4079643277102412	0.8682529971994731	0.20396341	null
"GO:0042026"	"protein refolding"	-5.603800652904264	4.8981709930144	0.19468809513975832	0.9170017214562504	0.27019812	null
"GO:0006458"	"'de novo' protein folding"	-3.1778319206319825	4.9220607955926905	0.20569772685687052	0.9166270725804542	0.71993788	42026
"GO:0061077"	"chaperone-mediated protein folding"	-4.032452023781138	5.015694988526518	0.2551906118485297	0.915124724319814	0.71669504	42026
"GO:0042127"	"regulation of cell population proliferation"	-9.958607314841775	5.212677574440172	0.401650957409684	0.8625280450536151	0.20361052	null
"GO:0042180"	"cellular ketone metabolic process"	-9.703334809738468	5.316240908445637	0.5098151125200113	0.8687602265358233	0.38870894	null
"GO:0042221"	"response to chemical"	-36.22841251911874	6.242583414694064	4.302858452859503	0.9035732259912234	-0	null
"GO:0042325"	"regulation of phosphorylation"	-17.583359492661717	5.372272972952656	0.5800227438857408	0.8141772711496174	0.21226371	null
"GO:0001932"	"regulation of protein phosphorylation"	-15.906578314837764	5.283142863303242	0.4724050091289119	0.8040016551285719	0.94832547	42325
"GO:0001934"	"positive regulation of protein phosphorylation"	-14.735182176990463	4.957070671419109	0.22296657910977885	0.7589974810040307	0.96410001	42325
"GO:0010562"	"positive regulation of phosphorus metabolic process"	-16.97469413473523	5.115397472098318	0.32104657120982044	0.7643792588839655	0.91465659	42325
"GO:0019220"	"regulation of phosphate metabolic process"	-19.33818731446274	5.431119203604928	0.6641887077951196	0.8121088093800113	0.980076	42325
"GO:0032147"	"activation of protein kinase activity"	-11.007004901568658	4.098366796439331	0.0308678272667793	0.7681132864038733	0.84472554	42325
"GO:0033135"	"regulation of peptidyl-serine phosphorylation"	-4.7594507517174005	3.9387198147823823	0.02137192761003466	0.8421552603109065	0.73247	42325
"GO:0033138"	"positive regulation of peptidyl-serine phosphorylation"	-4.164309428507575	3.8258154449852038	0.016478757957984803	0.7973096651319975	0.71872997	42325
"GO:0033674"	"positive regulation of kinase activity"	-18.79048498545737	4.885191540606848	0.1889556041339112	0.7436244804904271	0.87224165	42325
"GO:0042327"	"positive regulation of phosphorylation"	-16.632644078973982	5.104637312986588	0.3131899326135714	0.7629787943620374	0.95084413	42325
"GO:0043405"	"regulation of MAP kinase activity"	-11.195179321278838	4.285152078525091	0.04745734610723002	0.8116291782471247	0.77811027	42325
"GO:0043406"	"positive regulation of MAP kinase activity"	-12.282329496997738	4.0463000196529695	0.02738009014557475	0.7289194263764124	0.74605953	42325
"GO:0043549"	"regulation of kinase activity"	-16.01772876696043	5.236353327548778	0.42415510737381473	0.7874571213437812	0.93869829	42325
"GO:0045859"	"regulation of protein kinase activity"	-14.407823242604133	5.125848715277235	0.3288662895119142	0.7846184375972096	0.9598904	42325
"GO:0045860"	"positive regulation of protein kinase activity"	-15.739928612014925	4.618382845341753	0.1022224491042669	0.7494936864896788	0.93095135	42325
"GO:0045937"	"positive regulation of phosphate metabolic process"	-16.97469413473523	5.115397472098318	0.32104657120982044	0.7627740764926294	0.99464338	42325
"GO:0070372"	"regulation of ERK1 and ERK2 cascade"	-3.896196279044043	4.481858091100589	0.07464791207614087	0.8248375154384574	0.7527676	42325
"GO:0071900"	"regulation of protein serine/threonine kinase activity"	-14.913640169325252	4.946776391042226	0.2177435881632749	0.7908165140577653	0.88320752	42325
"GO:0071902"	"positive regulation of protein serine/threonine kinase activity"	-15.79317412396815	4.290479813330673	0.04804314810782754	0.7613836922913048	0.88042631	42325
"GO:0042445"	"hormone metabolic process"	-17.958607314841775	4.894808795929415	0.19318666984410923	0.8377016783438724	0.18831988	null
"GO:0002003"	"angiotensin maturation"	-4.841637507904751	2.8432327780980096	0.001713101648806187	0.8209530545396982	0.88034485	42445
"GO:0008207"	"C21-steroid hormone metabolic process"	-6.08460016478773	3.9429995933660407	0.02158360396319175	0.8250858316090072	0.79705976	42445
"GO:0008209"	"androgen metabolic process"	-6.08460016478773	3.5089335260500327	0.007942785949278114	0.8368124260640485	0.74627581	42445
"GO:0008210"	"estrogen metabolic process"	-8.351639989019068	3.552911450216509	0.008789491361906458	0.8358253118631861	0.751125	42445
"GO:0016486"	"peptide hormone processing"	-4.82102305270683	3.840294331611436	0.01703748507620176	0.8168410999767152	0.78443017	42445
"GO:0042446"	"hormone biosynthetic process"	-6.314258261397736	4.616139291308727	0.10169571957431786	0.827676833281578	0.89108288	42445
"GO:0042448"	"progesterone metabolic process"	-3.856985199745905	3.6426623314420357	0.010807800775729839	0.7709761083495771	0.76121906	42445
"GO:0042558"	"pteridine-containing compound metabolic process"	-3.0343280287798935	5.286860485522373	0.4764662414859956	0.9710195414340826	0.05002873	null
"GO:0042559"	"pteridine-containing compound biosynthetic process"	-3.2781893847874533	5.041361098956393	0.27072667162908237	0.9525841569098425	0.16508254	null
"GO:0042592"	"homeostatic process"	-7.027334407733889	5.894315508737042	1.9296957851447603	1	-0	null
"GO:0042593"	"glucose homeostasis"	-5.129011186239425	4.502986698753511	0.07836947772699569	0.9934571129615127	0.68187456	null
"GO:0001678"	"intracellular glucose homeostasis"	-3.474955192963155	4.320997416794221	0.05154073064080684	0.9935145582894832	0.96992741	42593
"GO:0042743"	"hydrogen peroxide metabolic process"	-3.8297382846050425	4.890510439603599	0.19128404401863913	0.9470025916700664	0.64593021	null
"GO:0042752"	"regulation of circadian rhythm"	-3.17134010346468	4.27214341759105	0.04605683628227209	0.8878303989465444	0.16416904	null
"GO:0042756"	"drinking behavior"	-3.3535962737769305	2.3404441148401185	0.000536574941723777	0.9784670859283134	0.56919192	null
"GO:0042759"	"long-chain fatty acid biosynthetic process"	-8.042871802323187	4.134017645675983	0.03350885897535551	0.8495992839227756	0.53386363	null
"GO:0042770"	"signal transduction in response to DNA damage"	-3.3535962737769305	4.812271462969797	0.15974919010412064	0.7914979468908114	0.46227864	null
"GO:0042866"	"pyruvate biosynthetic process"	-3.021819483062586	3.1072099696478683	0.003148070414975738	0.8877532731497668	0.24185636	null
"GO:0042981"	"regulation of apoptotic process"	-18.374687549038327	5.3014770887669	0.49277516609086597	0.8425219629552317	0.2083361	null
"GO:0043065"	"positive regulation of apoptotic process"	-9.421360790031928	4.768482704043391	0.14442726802966876	0.7949335997253664	0.88677024	42981
"GO:0043066"	"negative regulation of apoptotic process"	-13.010995384301463	4.969196845946869	0.22927994941033614	0.8297967439161248	0.92274968	42981
"GO:0043068"	"positive regulation of programmed cell death"	-10.047691990337874	4.779762386032165	0.14822759697472157	0.7949223139934437	0.88871764	42981
"GO:0043069"	"negative regulation of programmed cell death"	-13.681936665037238	4.980998152783538	0.2355957810638371	0.8303106595259119	0.92495624	42981
"GO:0043523"	"regulation of neuron apoptotic process"	-7.557520230935552	4.192623200012946	0.03835034021558793	0.8688987714245643	0.79754758	42981
"GO:0043524"	"negative regulation of neuron apoptotic process"	-3.55129368009492	4.026614967934676	0.026166643144337035	0.8528278865633134	0.90776342	42981
"GO:0043525"	"positive regulation of neuron apoptotic process"	-5.815308569182402	3.667359546183087	0.01144036848225741	0.8255731914054283	0.73049989	42981
"GO:0070228"	"regulation of lymphocyte apoptotic process"	-3.0510982390297863	3.564784384503987	0.009033165303331476	0.8802388106368301	0.71869966	42981
"GO:2001233"	"regulation of apoptotic signaling pathway"	-4.607303046740334	4.65901246006286	0.11224753964390426	0.8096919285422798	0.86830465	42981
"GO:2001234"	"negative regulation of apoptotic signaling pathway"	-4.350665141287858	4.4248979631844	0.06547198830207555	0.7991573526071459	0.89243889	42981
"GO:2001236"	"regulation of extrinsic apoptotic signaling pathway"	-5.675717544702307	4.189518386126378	0.03807713003883867	0.8219225926265771	0.84087374	42981
"GO:2001237"	"negative regulation of extrinsic apoptotic signaling pathway"	-6.860120913598763	4.019988159591286	0.02577036532040342	0.810614675221458	0.77419444	42981
"GO:2001239"	"regulation of extrinsic apoptotic signaling pathway in absence of ligand"	-3.832682665251824	3.624797578960761	0.01037214130469723	0.8353836339101044	0.90268819	42981
"GO:0043067"	"regulation of programmed cell death"	-19.49214412830417	5.314758085477364	0.5080773973417684	0.8598869211082838	0.20906179	null
"GO:0043094"	"cellular metabolic compound salvage"	-6.605548319173784	5.166163593747834	0.3608564937210148	0.9451960636165132	0.12804287	null
"GO:0043097"	"pyrimidine nucleoside salvage"	-4.382999658879101	0.9030899869919435	1.7229470605809354E-05	0.8804955669076054	0.45528398	null
"GO:0043170"	"macromolecule metabolic process"	-19.11013827874181	7.131778079538736	33.33895178165279	0.9508460670955802	0.22501676	null
"GO:0043171"	"peptide catabolic process"	-3.0199966284162536	4.574991443977495	0.09250256632964673	0.9200724241768636	0.42731585	null
"GO:0043207"	"response to external biotic stimulus"	-5.107905397309519	5.58325206532196	0.9428113996675499	0.9123099616369665	0.58327295	null
"GO:0009617"	"response to bacterium"	-3.092588639225414	4.930271349530451	0.20962358480205134	0.9208722101201051	0.84739736	43207
"GO:0051707"	"response to other organism"	-3.243363891754152	5.58315795063656	0.9426071073732241	0.9108459181866145	0.98396224	43207
"GO:0043281"	"regulation of cysteine-type endopeptidase activity involved in apoptotic process"	-6.540607512240769	4.295764961229772	0.04863141146136875	0.8228393365905028	0.6686046	null
"GO:0010950"	"positive regulation of endopeptidase activity"	-3.7904849854573692	4.2657373643174905	0.04538242557570184	0.7743348825585087	0.86918587	43281
"GO:0010952"	"positive regulation of peptidase activity"	-4.086716098239582	4.381169251279146	0.05920046100156095	0.7715258326560045	0.86168567	43281
"GO:0043154"	"negative regulation of cysteine-type endopeptidase activity involved in apoptotic process"	-4.216096420727265	3.7058637122839193	0.01250121160098653	0.8037083503240994	0.89269374	43281
"GO:0043280"	"positive regulation of cysteine-type endopeptidase activity involved in apoptotic process"	-3.55129368009492	4.143795203845767	0.0342718783878985	0.7777669630749766	0.95037724	43281
"GO:0045862"	"positive regulation of proteolysis"	-4.055517327849832	5.043425157737735	0.27201642057157444	0.7723309244108604	0.87325173	43281
"GO:0052547"	"regulation of peptidase activity"	-4.732828271596986	4.964316212111059	0.2267176809959579	0.8061090665441775	0.76365867	43281
"GO:0052548"	"regulation of endopeptidase activity"	-4.634512015109101	4.7124223950396535	0.1269368940118286	0.8124369050992142	0.84983366	43281
"GO:2000116"	"regulation of cysteine-type endopeptidase activity"	-6.958607314841775	4.386017139806847	0.05986502629635645	0.8210712137714711	0.88518218	43281
"GO:2000117"	"negative regulation of cysteine-type endopeptidase activity"	-3.7166987712964503	3.893817223967463	0.019272393549069605	0.8145393889285533	0.91657083	43281
"GO:2001056"	"positive regulation of cysteine-type endopeptidase activity"	-3.886056647693163	4.196507791939696	0.03869492962770413	0.7760867962556671	0.97176003	43281
"GO:0043299"	"leukocyte degranulation"	-6.534617148551582	3.1775364999298623	0.0037018748273053245	0.9554172844782878	0.63612371	null
"GO:0043412"	"macromolecule modification"	-27.66554624884907	6.61757147177754	10.203408176348653	0.9490275686549975	0.3709377	null
"GO:0043414"	"macromolecule methylation"	-8.640164517660113	5.575553837877205	0.926246494356536	0.9458832900329452	0.48581356	null
"GO:0043467"	"regulation of generation of precursor metabolites and energy"	-5.08460016478773	4.410034503205366	0.06326907741747564	0.8614034290767227	0.26107268	null
"GO:0043491"	"phosphatidylinositol 3-kinase/protein kinase B signal transduction"	-3.260427655549908	3.6844862921887342	0.01190064148272689	0.8288423242957836	0.61583421	null
"GO:0043543"	"protein acylation"	-3.5686362358410126	4.797025044005262	0.15423822086320535	0.9442879214949593	0.44689234	null
"GO:0043555"	"regulation of translation in response to stress"	-3.815308569182401	3.971275848738105	0.023035802199967106	0.7926768316141811	0.53247584	null
"GO:0043603"	"amide metabolic process"	-8.003926345514724	5.870320784365006	1.8259719107448442	0.9668114933246945	0.05869129	null
"GO:0043627"	"response to estrogen"	-3.0096611452123985	3.6615287401319825	0.011287764599748814	0.9010436097869371	0.67195446	null
"GO:0043648"	"dicarboxylic acid metabolic process"	-6.0254883072626715	5.692459140583425	1.21236154458955	0.8457475898638066	0.59040613	null
"GO:0043949"	"regulation of cAMP-mediated signaling"	-4.721246399047171	3.4523998459114416	0.006973012889465414	0.8497685480685214	0.56337349	null
"GO:0043951"	"negative regulation of cAMP-mediated signaling"	-3.906578314837765	3.4424797690644486	0.006815486301069443	0.8342857609522009	0.56246857	null
"GO:0044070"	"regulation of monoatomic anion transport"	-6.707743928643524	3.2773799746672547	0.004659341122399587	0.8728829677181571	0.6242962	null
"GO:0044087"	"regulation of cellular component biogenesis"	-5.910094888560602	5.3580510242818	0.5613361523372687	0.858734678807919	0.21146286	null
"GO:0044089"	"positive regulation of cellular component biogenesis"	-5.185086818724926	4.855500983970402	0.17646916065058676	0.8041214620705229	0.50126431	null
"GO:0043254"	"regulation of protein-containing complex assembly"	-3.8239087409443187	5.048907701483771	0.27547216010451103	0.8474546614452962	0.84247536	44089
"GO:0044093"	"positive regulation of molecular function"	-21.10623823794206	5.5038873334560945	0.7853438837422273	0.8263622681500474	0.21997324	null
"GO:0032409"	"regulation of transporter activity"	-3.6655462488490693	4.787184081777398	0.15078248133026873	0.847030168967624	0.73529882	44093
"GO:0043085"	"positive regulation of catalytic activity"	-18.98296666070122	5.423855097552538	0.6531716920191764	0.8248700351714762	0.84442632	44093
"GO:0044092"	"negative regulation of molecular function"	-4.628932137728264	5.225482447973504	0.41366974383370786	0.8350367723131357	0.80710431	44093
"GO:0050790"	"regulation of catalytic activity"	-15.143271109617118	5.6698039099679605	1.150739112291401	0.8207322115270386	0.89578343	44093
"GO:0051090"	"regulation of DNA-binding transcription factor activity"	-6.462180904926726	4.695271483141623	0.12202157218328553	0.8204902372022292	0.72183177	44093
"GO:0051336"	"regulation of hydrolase activity"	-7.995678626217358	5.332151528795684	0.5288389094217687	0.8296751988801558	0.85919351	44093
"GO:0051338"	"regulation of transferase activity"	-16.946921556516582	5.267800413255474	0.45600747581806883	0.8316522424714397	0.84697735	44093
"GO:0051345"	"positive regulation of hydrolase activity"	-8.424812155072338	5.117887490167946	0.32289258591758574	0.8315584302542774	0.89326231	44093
"GO:0051347"	"positive regulation of transferase activity"	-18.393618634889396	4.943301563199376	0.2160083343379756	0.8369024799757587	0.86111048	44093
"GO:0044237"	"cellular metabolic process"	-91.32975414692588	7.206964612305403	39.640441131550894	0.9443432710567243	0.11314324	null
"GO:0044238"	"primary metabolic process"	-85.78781239559605	7.2961789470216925	48.680252087830326	0.9474092593619315	0.27679073	null
"GO:0044245"	"polysaccharide digestion"	-3.987162775294828	0.6989700043360189	9.845411774748203E-06	0.9829174108079627	0.28359059	null
"GO:0044248"	"cellular catabolic process"	-20.67571754470231	6.132535999945928	3.339716277877099	0.8958680295194471	0.62640016	null
"GO:0044249"	"cellular biosynthetic process"	-32.029653123769904	6.9786911861886	23.43500411119782	0.8898399463636761	0.31794305	null
"GO:0044255"	"cellular lipid metabolic process"	-18.607303046740334	6.257374462280024	4.451927832540966	0.8895878618203565	0.17983888	null
"GO:0006631"	"fatty acid metabolic process"	-19.71669877129645	5.856685398354459	1.7695330877461002	0.8098479301248422	0.74116763	44255
"GO:0008610"	"lipid biosynthetic process"	-11.480172006224281	6.1509841162172165	3.4846382778484486	0.8944958703386015	0.81881165	44255
"GO:0016042"	"lipid catabolic process"	-9.249491605148654	5.6798029723004975	1.1775407844952093	0.8917441162464637	0.70120399	44255
"GO:0044281"	"small molecule metabolic process"	-83.17134010346469	6.778861392387942	14.792283225323425	0.9568100945863672	0.16054973	null
"GO:0044282"	"small molecule catabolic process"	-27.98296666070122	6.05602890327554	2.800286166738645	0.8374287164785786	0.48790645	null
"GO:0044283"	"small molecule biosynthetic process"	-40.067019178076805	6.400638651157823	6.191735160786158	0.8324907804576618	0.55373216	null
"GO:0044403"	"biological process involved in symbiotic interaction"	-3.5575202309355514	4.53773096841162	0.08489698573365374	0.997127505565983	-0	null
"GO:0044419"	"biological process involved in interspecies interaction between organisms"	-4.795880017344075	5.636486893362641	1.0657609019106056	1	-0	null
"GO:0044597"	"daunorubicin metabolic process"	-5.823908740944319	2.6875289612146345	0.0011962175306319065	0.884119292197632	0.65093204	null
"GO:0044598"	"doxorubicin metabolic process"	-5.823908740944319	2.7126497016272113	0.0012675967659988312	0.868761384924106	0.53910077	null
"GO:0045124"	"regulation of bone resorption"	-4.422508200162775	3.785756799962643	0.015026559721209443	0.8551814187061134	0.6567135	null
"GO:0046850"	"regulation of bone remodeling"	-3.8013429130455774	3.851135995011574	0.017468221841346998	0.8538585342555219	0.98325423	45124
"GO:0045321"	"leukocyte activation"	-8.402304814074487	4.662493398030702	0.1131508561742374	0.9338086096887289	0.48316183	null
"GO:0002263"	"cell activation involved in immune response"	-7.200659450546419	4.124960450789545	0.03281721879817945	0.8811364018997735	0.87688123	45321
"GO:0002274"	"myeloid leukocyte activation"	-6.703334809738469	3.9788193867328423	0.023439464082731783	0.9395084407554848	0.85739338	45321
"GO:0002275"	"myeloid cell activation involved in immune response"	-6.886056647693163	3.75815462196739	0.014101091014383112	0.8853559834573432	0.94672457	45321
"GO:0002283"	"neutrophil activation involved in immune response"	-6.653647025549361	3.079904467666721	0.0029560848853681476	0.894568799372716	0.9318822	45321
"GO:0002366"	"leukocyte activation involved in immune response"	-7.283162276700476	4.102124855734526	0.031136114737641194	0.8805809356954226	0.87377796	45321
"GO:0036230"	"granulocyte activation"	-6.651695136951839	3.5602653978627146	0.008939633891471368	0.9414711283370135	0.88432195	45321
"GO:0042119"	"neutrophil activation"	-6.38933983691012	3.4497868469857735	0.006931169889422735	0.941917558884374	0.79354427	45321
"GO:0043312"	"neutrophil degranulation"	-6.329754146925876	2.303196057420489	0.0004922705887374101	0.8969774054759129	0.85524935	45321
"GO:0061900"	"glial cell activation"	-3.3458234581220396	3.1908917169221698	0.003817558415658615	0.906714416325009	0.76563431	45321
"GO:0045444"	"fat cell differentiation"	-3.684029654543082	3.809963521714014	0.01588803325149991	0.973410672979895	0.47135393	null
"GO:0045471"	"response to ethanol"	-5.455931955649724	3.302330928684399	0.004935012652092536	0.9064632696408629	0.36631977	null
"GO:0097306"	"cellular response to alcohol"	-3.549750891680639	4.228733908376136	0.04167562804250914	0.8805938224416343	0.82097955	45471
"GO:0045595"	"regulation of cell differentiation"	-10.234331445240986	5.19929157277753	0.38945987627960205	0.8363545061740596	0.2029167	null
"GO:0008360"	"regulation of cell shape"	-3.45717457304082	5.438573990218634	0.6756881487480254	0.8192857764646455	0.86385859	45595
"GO:0010720"	"positive regulation of cell development"	-4.928117992693875	4.670913484999461	0.11536607382355575	0.7879114041545879	0.91128928	45595
"GO:0022603"	"regulation of anatomical structure morphogenesis"	-5.30189945437661	5.568935882496253	0.9122389347540132	0.8306494807134998	0.81740158	45595
"GO:0045596"	"negative regulation of cell differentiation"	-3.1325325121409486	4.688837896131475	0.12022724588733767	0.8244836213365052	0.8501798	45595
"GO:0045597"	"positive regulation of cell differentiation"	-9.387216143280265	4.882604217705935	0.1878332271915899	0.7810229695630898	0.70816521	45595
"GO:0045664"	"regulation of neuron differentiation"	-4.5376020021010435	4.267406418752904	0.04555718163470362	0.8564292445515812	0.79112833	45595
"GO:0045666"	"positive regulation of neuron differentiation"	-4.6777807052660805	3.909983694939844	0.02000341537334466	0.8111008116311637	0.77196364	45595
"GO:0045765"	"regulation of angiogenesis"	-3.5361070110140926	4.419790586106362	0.06470650753658887	0.8264374068413745	0.95231251	45595
"GO:0050767"	"regulation of neurogenesis"	-4.97469413473523	4.797641413381151	0.15445728127519348	0.80852188822866	0.8668851	45595
"GO:0050769"	"positive regulation of neurogenesis"	-5.105130343254747	4.47872517886946	0.0741113371344171	0.7660407592964786	0.91382189	45595
"GO:0051094"	"positive regulation of developmental process"	-9.882728704344236	5.12076142698027	0.3250364243315372	0.7836596289875919	0.74260171	45595
"GO:0051147"	"regulation of muscle cell differentiation"	-3.3809066693732572	3.966188680956137	0.022767514729105216	0.8627066702640257	0.75370899	45595
"GO:0051962"	"positive regulation of nervous system development"	-4.090443970758825	4.603955885435382	0.09888239315968357	0.7692075894755496	0.93349872	45595
"GO:0060284"	"regulation of cell development"	-4.935542010773082	4.983062194978853	0.23671815800615842	0.8388774050537537	0.89691887	45595
"GO:1903706"	"regulation of hemopoiesis"	-3.54821356447571	4.404149249209695	0.06241744929895991	0.7953294274594367	0.87087851	45595
"GO:1904018"	"positive regulation of vasculature development"	-3.9746941347352296	4.116076171728611	0.03215265350338394	0.7853466831924731	0.79754834	45595
"GO:0045787"	"positive regulation of cell cycle"	-3.3080348972326394	4.715961582542223	0.12797558495406453	0.8117014882737569	0.48808172	null
"GO:0045822"	"negative regulation of heart contraction"	-3.250263684430939	3.0394141191761372	0.0026927201203936334	0.850730595939509	0.58649304	null
"GO:0045924"	"regulation of female receptivity"	-3.3535962737769305	2.4409090820652177	0.0006768720595139389	0.8864275286781854	0.37363158	null
"GO:0060180"	"female mating behavior"	-3.3535962737769305	2.505149978319906	0.0007851715890361692	0.9761791132360957	0.76156117	45924
"GO:0046053"	"dAMP metabolic process"	-3.8416375079047502	2.656098202012832	0.001112531530546547	0.8532871423581124	0.69469136	null
"GO:0009172"	"purine deoxyribonucleoside monophosphate catabolic process"	-3.8416375079047502	2.4683473304121573	0.0007211764125003059	0.8568091642874205	0.9649255	46053
"GO:0046069"	"cGMP catabolic process"	-4.443697499232712	3.494432898726399	0.007681882537247285	0.8303011038519117	0.4515994	null
"GO:0006198"	"cAMP catabolic process"	-4.382999658879101	3.6637951222194074	0.011346837070397303	0.8260884842366248	0.91152684	46069
"GO:0046134"	"pyrimidine nucleoside biosynthetic process"	-6.6252516539898965	3.541454428747589	0.008560585538143562	0.840749614870076	0.6940147	null
"GO:0046131"	"pyrimidine ribonucleoside metabolic process"	-4.450996737974212	4.230959555748569	0.04188976574860991	0.8327922445335092	0.838255	46134
"GO:0046132"	"pyrimidine ribonucleoside biosynthetic process"	-4.512861624522814	3.530071568837378	0.008339063773211728	0.8403212742639	0.7661237	46134
"GO:0046324"	"regulation of D-glucose import"	-3.0510982390297863	3.469232742506612	0.007248684419158364	0.8658229431204908	0.64333513	null
"GO:0046395"	"carboxylic acid catabolic process"	-17.728158393463502	5.899683738300032	1.9536964376986525	0.811646740474886	0.62874754	null
"GO:0006573"	"valine metabolic process"	-3.6363880201078556	4.996301478805604	0.24404560571951475	0.8579494638928729	0.82939743	46395
"GO:0009062"	"fatty acid catabolic process"	-5.168130225719498	5.315491728479956	0.5089364095191151	0.8069296622565256	0.87307271	46395
"GO:0009065"	"glutamine family amino acid catabolic process"	-4.042871802323187	4.901371126800246	0.19612798661181527	0.8394116363169943	0.74863236	46395
"GO:0009068"	"aspartate family amino acid catabolic process"	-3.1319436381769585	4.735734595522406	0.13393698178367452	0.844532622393374	0.75964922	46395
"GO:0009074"	"aromatic amino acid family catabolic process"	-3.425968732272281	5.02995974900769	0.2637118157395743	0.838260603419922	0.77108253	46395
"GO:0009083"	"branched-chain amino acid catabolic process"	-4.189095719331299	4.87495122818457	0.18455224371765505	0.8413949781793822	0.74418065	46395
"GO:0016054"	"organic acid catabolic process"	-17.728158393463502	5.920987401179975	2.051921649622372	0.8126208678815418	0.88862099	46395
"GO:0044242"	"cellular lipid catabolic process"	-5.928117992693875	5.535267529770699	0.8441899099198973	0.870109812612608	0.75447986	46395
"GO:0072329"	"monocarboxylic acid catabolic process"	-6.954677021213342	5.504710032396752	0.7868330022731579	0.8224974404807687	0.86708273	46395
"GO:1901606"	"alpha-amino acid catabolic process"	-12.4089353929735	5.5969301102663245	0.9729777413453785	0.8165674622026202	0.88857206	46395
"GO:0046427"	"positive regulation of receptor signaling pathway via JAK-STAT"	-3.494850021680094	3.765221366304981	0.014332458191089695	0.7965184057820505	0.59347949	null
"GO:0046425"	"regulation of receptor signaling pathway via JAK-STAT"	-3.0819696632151197	3.933892035764211	0.021135637727440704	0.8392692037957843	0.97532625	46427
"GO:1904894"	"positive regulation of receptor signaling pathway via STAT"	-3.4424927980943423	3.784902449886655	0.014997023485885198	0.7959655942628892	0.95386833	46427
"GO:0046434"	"organophosphate catabolic process"	-7.6020599913279625	5.547844826597646	0.8689954248863754	0.84807588207401	0.639832	null
"GO:0046439"	"L-cysteine metabolic process"	-4.716698771296451	3.880927865267085	0.018708743724965272	0.8768906884484119	0.50934781	null
"GO:0046677"	"response to antibiotic"	-15.978810700930062	5.115703683637	0.32127301568063965	0.8885883358387842	0.57629611	null
"GO:0046683"	"response to organophosphorus"	-3.1592667653881934	3.9587071910872846	0.022378620964002664	0.9074217715361127	0.40342459	null
"GO:0046686"	"response to cadmium ion"	-5.414539270491499	4.053884790394692	0.027862515322537414	0.9061194352371874	0.40943731	null
"GO:0046777"	"protein autophosphorylation"	-23.336299074610352	4.959513609718711	0.22422433046400295	0.8851121755690121	0.46385681	null
"GO:0046822"	"regulation of nucleocytoplasmic transport"	-4.111259039317107	3.716420733846555	0.012808880718947412	0.8576142266238895	0.66964273	null
"GO:0033157"	"regulation of intracellular protein transport"	-3.058488567365597	4.086893471309455	0.030062964854193637	0.8489924196476605	0.83291031	46822
"GO:0046824"	"positive regulation of nucleocytoplasmic transport"	-3.537602002101044	3.4216039268698313	0.006495510418390127	0.815190127984467	0.76431594	46822
"GO:0046835"	"carbohydrate phosphorylation"	-7.508638306165727	5.035757836775955	0.2672561639784837	0.8912482357380517	0.53522645	null
"GO:0046890"	"regulation of lipid biosynthetic process"	-7.156144577376839	4.419096217377991	0.06460313071295401	0.8521698911324264	0.24917733	null
"GO:0019217"	"regulation of fatty acid metabolic process"	-7.040958607678906	4.094610863032137	0.0306020011488611	0.8441030773760025	0.88763159	46890
"GO:0019218"	"regulation of steroid metabolic process"	-5.7544873321858505	3.8683504996479683	0.018174630136185182	0.8645395380724882	0.85864906	46890
"GO:0045540"	"regulation of cholesterol biosynthetic process"	-4.230622673923862	3.3935752032695876	0.006089387182681763	0.8609195200072667	0.89880631	46890
"GO:0045834"	"positive regulation of lipid metabolic process"	-4.471083299722345	4.117337595095921	0.03224618491524405	0.8073862358041616	0.89065116	46890
"GO:0046320"	"regulation of fatty acid oxidation"	-5.617982957425132	3.2704459080179626	0.0045855005340889755	0.8606974381355157	0.79043502	46890
"GO:0050810"	"regulation of steroid biosynthetic process"	-4.5003129173815966	3.8158432906632664	0.016104632310544372	0.8638001673185738	0.94686477	46890
"GO:0050994"	"regulation of lipid catabolic process"	-3.9546770212133424	3.757547853469244	0.014081400190833615	0.8629225909490655	0.8451348	46890
"GO:0090181"	"regulation of cholesterol metabolic process"	-5.414539270491499	3.502563669107363	0.00782710236092482	0.859520877936389	0.81559218	46890
"GO:0106118"	"regulation of sterol biosynthetic process"	-4.230622673923862	3.41077723337721	0.006335522477050467	0.8711578881518824	0.90149722	46890
"GO:0046902"	"regulation of mitochondrial membrane permeability"	-3.2313618987523856	3.867408556522791	0.018135248489086188	0.8729870760773891	0.45628239	null
"GO:0046903"	"secretion"	-9.365522729839268	5.504394735350103	0.7862619683902224	0.9922638226100541	-0	null
"GO:0048006"	"antigen processing and presentation, endogenous lipid antigen via MHC class Ib"	-5.124360062995832	3.17666993266815	0.0036944907684742633	0.969260047689215	0.54840008	null
"GO:0019883"	"antigen processing and presentation of endogenous antigen"	-4.042871802323187	3.627775375229303	0.010443520540064156	0.9683713770741704	0.80314213	48006
"GO:0048003"	"antigen processing and presentation of lipid antigen via MHC class Ib"	-3.987162775294828	3.197831693328903	0.003879092239250792	0.9693451373948345	0.91628501	48006
"GO:0048007"	"antigen processing and presentation, exogenous lipid antigen via MHC class Ib"	-3.987162775294828	3.1975562131535367	0.0038766308863071044	0.9691868600383221	0.99753579	48006
"GO:0048012"	"hepatocyte growth factor receptor signaling pathway"	-3.642065152999546	3.2513948500401044	0.004388592298594011	0.8332503958630176	0.67105312	null
"GO:0048015"	"phosphatidylinositol-mediated signaling"	-5.801342913045578	4.51813211935716	0.08115080655336206	0.8077775151465449	0.43927734	null
"GO:0048169"	"regulation of long-term neuronal synaptic plasticity"	-4.189095719331299	2.858537197569639	0.0017746354723983636	0.8717159173134389	0.49552672	null
"GO:0048511"	"rhythmic process"	-10.767003889607846	4.754172441415161	0.13974577473077598	1	-0	null
"GO:0048513"	"animal organ development"	-9.42712839779952	5.626726235442988	1.042075302533505	0.9729538177342734	-0	null
"GO:0009653"	"anatomical structure morphogenesis"	-3.6090648928966207	5.775654130082595	1.4683422507330033	0.9721452328591167	0.7767242	48513
"GO:0030154"	"cell differentiation"	-6.35261702988538	5.923255938243652	2.06266791657451	0.9614137375170234	0.81083888	48513
"GO:0048856"	"anatomical structure development"	-6.6307841425898575	6.122977274352911	3.2670128346264704	0.9710805353950444	0.86207197	48513
"GO:0048869"	"cellular developmental process"	-8.742321425130816	5.933789366689749	2.113307792037927	0.9623747430993279	0.74509397	48513
"GO:0048518"	"positive regulation of biological process"	-17.510041520575164	6.254081146921754	4.418295905918426	0.8366435875860244	0.2774023	null
"GO:0048519"	"negative regulation of biological process"	-13.96657624451305	6.277663755515925	4.664847168934615	0.8357339239472048	0.31330319	null
"GO:0048522"	"positive regulation of cellular process"	-15.886056647693163	6.174251169289501	3.6764170538087693	0.7563656717184923	0.67306551	null
"GO:0009891"	"positive regulation of biosynthetic process"	-7.478861916295964	5.913378280293256	2.016283720350727	0.7510062348455921	0.89884332	48522
"GO:0009893"	"positive regulation of metabolic process"	-15.76447155309245	6.06847677870949	2.881710183468756	0.7498469140921546	0.87053528	48522
"GO:0010557"	"positive regulation of macromolecule biosynthetic process"	-6.0385789059335515	5.9062655275718985	1.9835304967290837	0.7422308128455838	0.97650792	48522
"GO:0010604"	"positive regulation of macromolecule metabolic process"	-11.075720713938118	6.036854366586578	2.6793402057917506	0.7450146234987618	0.93347054	48522
"GO:0031325"	"positive regulation of cellular metabolic process"	-15.510041520575164	5.9756385661812965	2.327083679255978	0.7415783232699573	0.84419067	48522
"GO:0031328"	"positive regulation of cellular biosynthetic process"	-6.903089986991944	5.908930344450636	1.995738807329771	0.7425691589447059	0.89764383	48522
"GO:0045893"	"positive regulation of DNA-templated transcription"	-5.221848749616356	5.793807839906026	1.531020603443994	0.7464391502138233	0.94526507	48522
"GO:0045935"	"positive regulation of nucleobase-containing compound metabolic process"	-7.72584215073632	5.86603259646637	1.8080311091383094	0.7525188525652133	0.88623769	48522
"GO:0045944"	"positive regulation of transcription by RNA polymerase II"	-3.785156151952302	5.609050934447659	1.0005153580793493	0.755516255681262	0.89805965	48522
"GO:0051247"	"positive regulation of protein metabolic process"	-14.410050398674292	5.446585315795559	0.68826812364321	0.7623970352098898	0.72001903	48522
"GO:0051254"	"positive regulation of RNA metabolic process"	-5.600326278518962	5.849151506011876	1.7391009199503533	0.7520136447537583	0.95746444	48522
"GO:1902680"	"positive regulation of RNA biosynthetic process"	-5.208309350979882	5.793886030659488	1.531296274973687	0.7464998946092021	0.95266769	48522
"GO:0048523"	"negative regulation of cellular process"	-13.744727494896694	6.242988908587792	4.3068778422165455	0.8006230542641564	0.30931002	null
"GO:0009890"	"negative regulation of biosynthetic process"	-3.4672456210075024	5.991804896827453	2.415340411757765	0.7919461754449547	0.93108951	48523
"GO:0009892"	"negative regulation of metabolic process"	-7.876148359032914	6.0749761643750535	2.9251604469836634	0.792169690408327	0.87531209	48523
"GO:0010605"	"negative regulation of macromolecule metabolic process"	-4.97469413473523	6.054110682922082	2.787944943078998	0.7896370463121727	0.94958798	48523
"GO:0010629"	"negative regulation of gene expression"	-3.208309350979882	5.609610414869414	1.0018051070218412	0.8016465885860583	0.75426178	48523
"GO:0031324"	"negative regulation of cellular metabolic process"	-5.728158393463501	6.027481711072866	2.62213590202752	0.7852322048336201	0.86120625	48523
"GO:0031327"	"negative regulation of cellular biosynthetic process"	-3.137868620686963	5.9904050152671235	2.407567459161601	0.7858700749343386	0.93068216	48523
"GO:0048583"	"regulation of response to stimulus"	-16.235823867609668	5.966331372378243	2.2777433981468276	0.8469403921325561	0.28075942	null
"GO:0048589"	"developmental growth"	-3.3851027839668655	4.621404797687649	0.10293624145793613	0.9764919313386919	0.54832352	null
"GO:0035264"	"multicellular organism growth"	-3.1739251972991736	3.5789828427027905	0.009333450362461295	0.9601175099424417	0.8366476	48589
"GO:0048634"	"regulation of muscle organ development"	-3.198596289982645	3.595606434865603	0.00969773059812698	0.8770541552050277	0.56625334	null
"GO:0048646"	"anatomical structure formation involved in morphogenesis"	-3.46344155742847	5.228431158637907	0.41648799295422956	0.9743312171865421	0.65893721	null
"GO:0000902"	"cell morphogenesis"	-3.1567672219019904	5.360402160724579	0.5643833072815533	0.9737054496707891	0.78043827	48646
"GO:0048661"	"positive regulation of smooth muscle cell proliferation"	-7.482804102050026	3.298853076409707	0.004895631004993544	0.839926853395963	0.68658542	null
"GO:1904705"	"regulation of vascular associated smooth muscle cell proliferation"	-4.273272790973428	3.243534101832062	0.0043098290043960255	0.8903229681382429	0.91040794	48661
"GO:1904707"	"positive regulation of vascular associated smooth muscle cell proliferation"	-3.623423042943488	2.993876914941211	0.002424432649531745	0.8460602746568676	0.88492329	48661
"GO:0048732"	"gland development"	-4.790484985457369	4.382953100015041	0.05944413494298596	0.9765808757628389	0.65920203	null
"GO:0048878"	"chemical homeostasis"	-6.349692476868063	5.782903837869686	1.4930591569935086	0.9933244748855086	-0	null
"GO:0045454"	"cell redox homeostasis"	-3.744727494896694	5.117264665155044	0.32242985156417253	0.9938239906262557	0.77889106	48878
"GO:0050673"	"epithelial cell proliferation"	-4.896196279044043	3.947090464219622	0.021787896257517772	0.993124808440211	0.01194358	null
"GO:0050789"	"regulation of biological process"	-4.5968794788241825	7.03498324614998	26.67823535368239	0.8084273852801723	0.57915128	null
"GO:0050793"	"regulation of developmental process"	-11.161780778092375	5.763972018350213	1.4293716495756061	0.8533994568766632	0.23698226	null
"GO:0050794"	"regulation of cellular process"	-3.9746941347352296	7.003509775209796	24.81324853742716	0.8011964848687892	0.67600498	null
"GO:0050817"	"coagulation"	-6.91721462968355	4.484356792265614	0.07507864884128611	0.9734094510871697	0.46869123	null
"GO:0050818"	"regulation of coagulation"	-3.549750891680639	3.966939163021113	0.02280689637620421	0.8522675183874733	0.67636651	null
"GO:0050872"	"white fat cell differentiation"	-3.856985199745905	2.7686381012476144	0.0014423528250006117	0.9769522414162652	0.39936976	null
"GO:0050878"	"regulation of body fluid levels"	-9.530177984021837	4.633306827560638	0.10579633357850049	0.87257505752265	0.5177087	null
"GO:0050896"	"response to stimulus"	-18.853871964321762	6.83782868559364	16.94347616187058	1	-0	null
"GO:0051049"	"regulation of transport"	-9.6903698325741	5.454931710220159	0.7016234247156559	0.8247078839444933	0.21704104	null
"GO:0010959"	"regulation of metal ion transport"	-3.826813731587726	4.850787097711307	0.174564073472173	0.839721544192979	0.82430094	51049
"GO:0032386"	"regulation of intracellular transport"	-4.337242168318426	4.518540259958009	0.08122710849461635	0.8405551530990272	0.89454144	51049
"GO:0032880"	"regulation of protein localization"	-6.882728704344236	4.947016873694681	0.21786419445751556	0.8302396186676864	0.84077271	51049
"GO:0034762"	"regulation of transmembrane transport"	-3.6216020990518625	5.002813779224673	0.24773271242915798	0.8316083745247645	0.85062857	51049
"GO:0043269"	"regulation of monoatomic ion transport"	-4.354577730650908	4.9822576611249465	0.2362800371821821	0.8373030603552496	0.84697081	51049
"GO:0051046"	"regulation of secretion"	-4.496209316942819	4.996485403548352	0.2441489825431496	0.8369067940547684	0.84949914	51049
"GO:0051050"	"positive regulation of transport"	-6.473660722610156	4.916648679381189	0.20315022656015438	0.7812833552922676	0.83550391	51049
"GO:0051051"	"negative regulation of transport"	-3.2494916051486538	4.67465909631365	0.1163653831186927	0.8236516451706735	0.79576655	51049
"GO:0051222"	"positive regulation of protein transport"	-5.041914151478915	4.227320982548845	0.04154025363060635	0.7924102328354428	0.9088231	51049
"GO:0051223"	"regulation of protein transport"	-5.357535479757878	4.551157116440878	0.08756263097166682	0.838663798211292	0.89964294	51049
"GO:0051924"	"regulation of calcium ion transport"	-3.9281179926938745	4.4785376378588975	0.07407933954614916	0.8489849576999978	0.89001767	51049
"GO:0060341"	"regulation of cellular localization"	-6.3979400086720375	5.029286354912474	0.26330323115092225	0.8324491125408812	0.8553859	51049
"GO:0070201"	"regulation of establishment of protein localization"	-5.2636034977233574	4.679337030520794	0.11762559582586046	0.8370969393632227	0.9202676	51049
"GO:0090087"	"regulation of peptide transport"	-4.991399828238082	4.175946470095546	0.03690552603764364	0.85695148262807	0.72472871	51049
"GO:0090316"	"positive regulation of intracellular protein transport"	-3.684029654543082	3.9114772171061025	0.020072333255767898	0.8010818052528839	0.92291878	51049
"GO:1900180"	"regulation of protein localization to nucleus"	-4.376750709602099	3.7066324508732946	0.012523363777479712	0.8591269718250417	0.70914979	51049
"GO:1900182"	"positive regulation of protein localization to nucleus"	-4.5003129173815966	3.529430354366986	0.008326757008493292	0.8132544197870596	0.79363938	51049
"GO:1903169"	"regulation of calcium ion transmembrane transport"	-3.55129368009492	4.335979142340353	0.05334982505441682	0.8471525372503864	0.86897864	51049
"GO:1903530"	"regulation of secretion by cell"	-3.8068754016455384	4.974695871909683	0.23220157535449268	0.8324150423056925	0.84563317	51049
"GO:1903829"	"positive regulation of protein localization"	-6.029188389127482	4.563303059369412	0.09004613609184706	0.783971990324505	0.90155754	51049
"GO:1904062"	"regulation of monoatomic cation transmembrane transport"	-3.3205721033878812	4.786105176895488	0.1504083556828283	0.8359477417663826	0.93906949	51049
"GO:1904951"	"positive regulation of establishment of protein localization"	-5.0655015487564325	4.3404441148401185	0.053901168113802723	0.7901641345235401	0.92507554	51049
"GO:1905475"	"regulation of protein localization to membrane"	-4.013676222949234	4.400727897737122	0.061927640063166194	0.8440908797447978	0.87658693	51049
"GO:1905477"	"positive regulation of protein localization to membrane"	-4.8297382846050425	4.020444155366574	0.02579744020278398	0.8000926566788518	0.70510144	51049
"GO:1905952"	"regulation of lipid localization"	-3.024108863598207	4.160138257723402	0.03558624085982738	0.8587202071104248	0.72268369	51049
"GO:0051052"	"regulation of DNA metabolic process"	-3.9546770212133424	5.033307123716472	0.2657522773298909	0.8485790854765821	0.28098284	null
"GO:0051054"	"positive regulation of DNA metabolic process"	-3.404503778174426	4.48665713133888	0.07547738801816341	0.8057469700497555	0.46786217	null
"GO:0051091"	"positive regulation of DNA-binding transcription factor activity"	-5.273272790973428	4.503082164576042	0.0783867071976015	0.8234596505188587	0.69520734	null
"GO:0051098"	"regulation of binding"	-8.730487055782083	3.334252642334231	0.005311599652476655	0.8765943852600054	0.56781775	null
"GO:0051101"	"regulation of DNA binding"	-6.679853713888946	2.1958996524092336	0.00038397105921517984	0.8893065977946691	0.48167636	null
"GO:0043392"	"negative regulation of DNA binding"	-3.8013429130455774	1.7403626894942439	0.00013291305895910072	0.8943514256395992	0.75708412	51101
"GO:0043393"	"regulation of protein binding"	-3.2328441339178196	2.575187844927661	0.0009230073538826439	0.8843186943646255	0.8475092	51101
"GO:0051099"	"positive regulation of binding"	-4.5968794788241825	2.5575072019056577	0.0008860870597273381	0.8825628589095048	0.81667094	51101
"GO:0051100"	"negative regulation of binding"	-4.348721986001856	2.509202522331103	0.0007925556478672304	0.8847450271386541	0.84198556	51101
"GO:0051128"	"regulation of cellular component organization"	-10.292429823902063	5.772775571313585	1.4586420587819326	0.8466043636474673	0.25676896	null
"GO:0051130"	"positive regulation of cellular component organization"	-7.645891560852599	5.209107337076062	0.3983625898769181	0.7817191491338519	0.67982839	null
"GO:0010639"	"negative regulation of organelle organization"	-3.1348960253588722	5.029188910280547	0.26324415868027373	0.8263960217760138	0.83501825	51130
"GO:0031344"	"regulation of cell projection organization"	-6.3872161432802645	5.03640929760525	0.26765736450830463	0.8497865237102926	0.72776271	51130
"GO:0033043"	"regulation of organelle organization"	-4.747146969020107	5.542605112853897	0.8585740565228043	0.8350684264190219	0.81908638	51130
"GO:0051129"	"negative regulation of cellular component organization"	-5.034798298974088	5.257275285617804	0.44508891415987306	0.8201068637291173	0.76159346	51130
"GO:0051493"	"regulation of cytoskeleton organization"	-3.6216020990518625	5.2820326856053805	0.47119894618650526	0.8420617230497015	0.82370247	51130
"GO:0051174"	"regulation of phosphorus metabolic process"	-19.33818731446274	5.431204493647577	0.664319159501135	0.8342622983143466	0.32146978	null
"GO:0051239"	"regulation of multicellular organismal process"	-18.163675884293248	5.543332844310566	0.8600139479948613	0.8598211912480656	0.2223941	null
"GO:0051240"	"positive regulation of multicellular organismal process"	-16.818156412055227	5.195669996526704	0.38622565851159724	0.7631928863202035	0.2027298	null
"GO:0001817"	"regulation of cytokine production"	-8.987162775294827	4.770697404733859	0.14516567391277488	0.8085058051987427	0.77989562	51240
"GO:0001818"	"negative regulation of cytokine production"	-3.5287082889410613	4.121264305229581	0.032539085915542804	0.8070239552902071	0.86465655	51240
"GO:0001819"	"positive regulation of cytokine production"	-7.24184537803261	4.54119220000948	0.08557631914611137	0.7606727219658403	0.74723726	51240
"GO:0006937"	"regulation of muscle contraction"	-4.202732459169283	4.259163671340216	0.044700630810300526	0.8421367866372004	0.84779066	51240
"GO:0006942"	"regulation of striated muscle contraction"	-3.549750891680639	3.919601023784111	0.020451381609095706	0.8496920878183509	0.93661764	51240
"GO:0008016"	"regulation of heart contraction"	-3.0867160982395814	4.34022592125719	0.05387409323142216	0.8406113567535782	0.88585576	51240
"GO:0032481"	"positive regulation of type I interferon production"	-3.1999706407558657	3.7996162044814987	0.01551390760405948	0.7851989579480861	0.82421023	51240
"GO:0032642"	"regulation of chemokine production"	-3.097453220686009	3.6049816296074315	0.009909406951284066	0.837809015887185	0.80152061	51240
"GO:0044057"	"regulation of system process"	-5.896196279044043	4.786630768031185	0.15059049580066114	0.8326072322158137	0.7822692	51240
"GO:0050865"	"regulation of cell activation"	-4.35261702988538	4.738931108940746	0.13492644566703674	0.8289718063369947	0.77520614	51240
"GO:0051241"	"negative regulation of multicellular organismal process"	-8.6903698325741	4.98910259929672	0.24003360042130487	0.8066103295480804	0.81374012	51240
"GO:0051960"	"regulation of nervous system development"	-4.450996737974212	4.88899899184618	0.19061947872384363	0.8136788195720056	0.80670446	51240
"GO:0090257"	"regulation of muscle system process"	-5.707743928643524	4.310778251612534	0.05034205175723125	0.8415674384570185	0.71708956	51240
"GO:1901342"	"regulation of vasculature development"	-4.826813731587726	4.425159104599705	0.06551136994917453	0.8268663024238775	0.73174511	51240
"GO:1903522"	"regulation of blood circulation"	-4.437707135543525	4.515357149738369	0.08063392243518777	0.8365594048954929	0.88177418	51240
"GO:1903523"	"negative regulation of blood circulation"	-4.053056729302175	3.0546130545568877	0.0027887128851974284	0.8504457100618077	0.71770599	51240
"GO:2000026"	"regulation of multicellular organismal development"	-9.79860287567955	5.217912762744763	0.40652197488524067	0.8053295151601844	0.85249753	51240
"GO:0051246"	"regulation of protein metabolic process"	-13.187086643357144	6.002777101043048	2.477140061467859	0.8176760178493544	0.37473053	null
"GO:0051248"	"negative regulation of protein metabolic process"	-6.029188389127482	5.34683590735996	0.5470258463226723	0.801704307714302	0.69962816	null
"GO:0051341"	"regulation of oxidoreductase activity"	-5.040958607678906	3.835056101720116	0.016833192781875738	0.8660759588505157	0.61620254	null
"GO:0051604"	"protein maturation"	-5.129596094720973	5.957500016962309	2.2318933155118255	0.9002371789046226	0.35739757	null
"GO:0051716"	"cellular response to stimulus"	-21.064492734175285	6.749069834706852	13.811589142499587	0.8817870719781492	0.57748882	null
"GO:0051726"	"regulation of cell cycle"	-5.162411561764489	5.5993895729336165	0.9785034787039558	0.8519313557331739	0.22636709	null
"GO:0051881"	"regulation of mitochondrial membrane potential"	-3.910094888560602	3.657342736814626	0.011179465070226585	0.8899971298853994	0.44190018	null
"GO:0051896"	"regulation of phosphatidylinositol 3-kinase/protein kinase B signal transduction"	-12.58335949266172	4.334212409393176	0.05313322599537236	0.829635006573512	0.65736532	null
"GO:0051897"	"positive regulation of phosphatidylinositol 3-kinase/protein kinase B signal transduction"	-10.274088367704952	3.9812294874200007	0.023569915788747196	0.7904534586802604	0.61621539	null
"GO:0055024"	"regulation of cardiac muscle tissue development"	-4.019996628416254	2.2227164711475833	0.0004085845886520504	0.8957435930098104	0.46638253	null
"GO:0016202"	"regulation of striated muscle tissue development"	-3.279014255846261	3.569724949226159	0.009136542126966333	0.876617245545993	0.8550608	55024
"GO:0055086"	"nucleobase-containing small molecule metabolic process"	-39.068542129311	6.310497039098203	5.031190018367107	0.8396410259279488	0.56428428	null
"GO:0060191"	"regulation of lipase activity"	-7.258848401148215	3.663229634532868	0.011332068952735181	0.8668171039994657	0.59870042	null
"GO:0060193"	"positive regulation of lipase activity"	-7.777283528852417	3.3126004392612596	0.005053157593389515	0.8698702586614129	0.56589623	null
"GO:0010517"	"regulation of phospholipase activity"	-7.180456064458132	3.501333178645566	0.007804950184431637	0.8682687787348491	0.93888915	60193
"GO:0010518"	"positive regulation of phospholipase activity"	-6.497572880015567	3.0729847446279304	0.0029093191794380938	0.8738206712114915	0.89333225	60193
"GO:0060334"	"regulation of type II interferon-mediated signaling pathway"	-3.906578314837765	3.0429690733931802	0.002714872296886817	0.8368341938625482	0.66709914	null
"GO:0060330"	"regulation of response to type II interferon"	-3.906578314837765	3.0429690733931802	0.002714872296886817	0.8460798382253975	0.79541037	60334
"GO:0060359"	"response to ammonium ion"	-4.617982957425132	2.437750562820388	0.0006719493536265648	0.9202414113334815	0.32668907	null
"GO:0062012"	"regulation of small molecule metabolic process"	-14.043831569524636	4.847214712241026	0.17313402741189082	0.8563772285416316	0.27052114	null
"GO:0065007"	"biological regulation"	-8.462180904926726	7.055508065118343	27.969320810822822	1	-0	null
"GO:0065008"	"regulation of biological quality"	-30.047691990337874	6.0900643235623235	3.028571729559731	0.8499003484946908	-0	null
"GO:0065009"	"regulation of molecular function"	-18.48678239993206	5.770877038060686	1.4522794614225014	0.8599402408126773	0.23746975	null
"GO:0070141"	"response to UV-A"	-4.841637507904751	2.808885867359812	0.0015826499427907736	0.93160840853312	0.64020363	null
"GO:0070212"	"protein poly-ADP-ribosylation"	-6.282329496997738	3.9777236052888476	0.023380391612083294	0.9515889753072215	0.37731115	null
"GO:0070482"	"response to oxygen levels"	-8.108462542327436	4.571510850866108	0.09176416044654062	0.9150640814971512	0.65261068	null
"GO:0006970"	"response to osmotic stress"	-4.216096420727265	4.676748464410772	0.11692657158985334	0.9073684879626572	0.75398892	70482
"GO:0009266"	"response to temperature stimulus"	-6.586700235918748	5.205074381062382	0.3946804058731623	0.9054661786479189	0.73940544	70482
"GO:0009314"	"response to radiation"	-3.9318141382538383	5.117069019829141	0.322284631740495	0.9069278654089977	0.82180635	70482
"GO:0034644"	"cellular response to UV"	-4.0762380391713	4.040048241547462	0.026988735027528507	0.9090491921456981	0.87720192	70482
"GO:0071214"	"cellular response to abiotic stimulus"	-6.455931955649724	4.812679442785524	0.15989933263368555	0.8990762468660759	0.77369933	70482
"GO:0071478"	"cellular response to radiation"	-3.1062382379420566	4.629817196018516	0.10494962816587215	0.9012208587920691	0.96678752	70482
"GO:0071482"	"cellular response to light stimulus"	-3.43297363384094	4.558420545001285	0.08903944273787906	0.9020396973950047	0.95498109	70482
"GO:0070507"	"regulation of microtubule cytoskeleton organization"	-4.315154638355588	4.686636269262293	0.11961929171024697	0.856839412456587	0.67993122	null
"GO:0031113"	"regulation of microtubule polymerization"	-3.7235381958267557	3.8765642139838454	0.018521680901245056	0.8717657823210203	0.82675084	70507
"GO:0031116"	"positive regulation of microtubule polymerization"	-3.2211255279972604	3.794906106516804	0.015346535603888762	0.8218845764314645	0.82916406	70507
"GO:0070988"	"demethylation"	-7.431798275933005	4.359114220414906	0.056268989645629666	0.9758315875213263	0.04051921	null
"GO:0071229"	"cellular response to acid chemical"	-4.3851027839668655	4.228220648868423	0.0416264009836354	0.8889978538431521	0.52358507	null
"GO:0043200"	"response to amino acid"	-3.151810883008601	4.768578908868907	0.14445926561793668	0.8941206494770212	0.89245532	71229
"GO:0071236"	"cellular response to antibiotic"	-5.394694953858891	2.5490032620257876	0.0008688575891215289	0.9121976114689474	0.41210909	null
"GO:0071396"	"cellular response to lipid"	-5.607303046740334	4.900798477444064	0.19586954455272812	0.8714490532304054	0.65601041	null
"GO:0009753"	"response to jasmonic acid"	-3.258060922270801	3.849357981661299	0.017396842605980074	0.8884397842208519	0.94699328	71396
"GO:0071395"	"cellular response to jasmonic acid stimulus"	-3.258060922270801	3.771881320190099	0.01455397995602153	0.8785084936492773	0.78497216	71396
"GO:0071407"	"cellular response to organic cyclic compound"	-9.521433504406156	4.776526850213981	0.14712737220889346	0.8732021667304015	0.57427336	null
"GO:0014074"	"response to purine-containing compound"	-5.651695136951839	3.9555915504057246	0.022218633022663005	0.8968846132172876	0.83602249	71407
"GO:0031960"	"response to corticosteroid"	-6.129011186239425	3.8361341494653747	0.01687503578191842	0.8922843079332652	0.82090048	71407
"GO:0036314"	"response to sterol"	-4.172630726946175	3.426673888021373	0.006571812359644424	0.898859620946214	0.77297094	71407
"GO:0036315"	"cellular response to sterol"	-3.657577319177794	3.344588742578714	0.005439590005548382	0.889032474530389	0.76402661	71407
"GO:0043401"	"steroid hormone receptor signaling pathway"	-3.844663962534938	4.333265860726174	0.053017542407019065	0.7681766536035638	0.89341261	71407
"GO:0048545"	"response to steroid hormone"	-6.396855627379818	4.458078570949283	0.0706703657191426	0.8826283795402206	0.90624031	71407
"GO:0051384"	"response to glucocorticoid"	-4.236572006437063	3.8107700112343634	0.015917569486824157	0.8923964858712811	0.87041758	71407
"GO:0051385"	"response to mineralocorticoid"	-4.568636235841013	2.7403626894942437	0.0013512827660841907	0.9063825959547995	0.70402597	71407
"GO:0051591"	"response to cAMP"	-4.995678626217358	3.549738731264899	0.008725496185370593	0.8960358509478624	0.78677872	71407
"GO:0071492"	"cellular response to UV-A"	-3.1163385648463824	2.7101173651118162	0.00126021270716777	0.9238681746288574	0.67706219	null
"GO:0071496"	"cellular response to external stimulus"	-9.17134010346468	3.552911450216509	0.008789491361906458	0.9373803048044491	0.23619725	null
"GO:0071840"	"cellular component organization or biogenesis"	-3.0958256317158366	6.763201727108629	14.26840886478907	0.9872812912089192	0.03454011	null
"GO:0072347"	"response to anesthetic"	-3.7399286120149253	1.9344984512435677	0.00020921500021339932	0.9284943325265238	0.3072381	null
"GO:0072521"	"purine-containing compound metabolic process"	-26.950781977329818	6.128667711565982	3.3101012792586566	0.9645048238764299	0.06356472	null
"GO:0072523"	"purine-containing compound catabolic process"	-8.882728704344236	5.450412323089719	0.6943599721788354	0.9030829325563682	0.51126715	null
"GO:0072524"	"pyridine-containing compound metabolic process"	-11.899629454882437	5.679422445182735	1.1765094776118044	0.9683230074079693	0.05554457	null
"GO:0072527"	"pyrimidine-containing compound metabolic process"	-5.063486257521107	5.560602374290914	0.8949011646186815	0.969193070116383	0.05375083	null
"GO:0072528"	"pyrimidine-containing compound biosynthetic process"	-5.42021640338319	5.455504182126205	0.7025488934224823	0.9339636052675772	0.12775831	null
"GO:0006220"	"pyrimidine nucleotide metabolic process"	-3.7399286120149253	5.3476129465061275	0.5480054647942597	0.7969822826600557	0.91964101	72528
"GO:0006221"	"pyrimidine nucleotide biosynthetic process"	-3.0985416786038877	5.292462090783369	0.48265162143348117	0.789154886906309	0.94460501	72528
"GO:0008655"	"pyrimidine-containing compound salvage"	-4.382999658879101	4.235275876687052	0.042308195749036714	0.8980367153486827	0.73455128	72528
"GO:0009218"	"pyrimidine ribonucleotide metabolic process"	-4.430626090384954	5.163790288447653	0.35888987271900885	0.7950657096771938	0.91392255	72528
"GO:0009220"	"pyrimidine ribonucleotide biosynthetic process"	-4.345823458122039	5.132611850495454	0.33402774663482593	0.7872863695134561	0.87693159	72528
"GO:0043101"	"purine-containing compound salvage"	-4.168130225719499	4.919303030050523	0.20439567114966004	0.8736008323528113	0.80283994	72528
"GO:0072593"	"reactive oxygen species metabolic process"	-7.480172006224281	5.129190230657091	0.33140640574979924	0.9456095298451553	0.12680541	null
"GO:0072709"	"cellular response to sorbitol"	-3.8416375079047502	1.724275869600789	0.00012799035307172664	0.9116879247323566	0.39724509	null
"GO:0080090"	"regulation of primary metabolic process"	-10.730487055782083	6.766150778424015	14.365627383358822	0.7832926661538959	0.55216956	null
"GO:0009889"	"regulation of biosynthetic process"	-6.761953896871205	6.757082570711665	14.06877837293839	0.7838264342006915	0.79797931	80090
"GO:0010556"	"regulation of macromolecule biosynthetic process"	-3.5257837359237447	6.751995483723061	13.904945798300691	0.7747977022968257	0.85486863	80090
"GO:0019219"	"regulation of nucleobase-containing compound metabolic process"	-3.7235381958267557	6.681471171615664	11.820748427527752	0.7855606800120958	0.76389157	80090
"GO:0031323"	"regulation of cellular metabolic process"	-9.37571790416433	6.776818384108402	14.72286076554673	0.7767701799091866	0.80738335	80090
"GO:0031326"	"regulation of cellular biosynthetic process"	-4.987162775294828	6.7533149697461	13.947256455402673	0.7752762924159322	0.79620891	80090
"GO:0060255"	"regulation of macromolecule metabolic process"	-5.090443970758825	6.788579695073296	15.12702476431192	0.7819603341449186	0.81834336	80090
"GO:0090170"	"regulation of Golgi inheritance"	-3.258060922270801	3.188365926063148	0.0037954062391654317	0.8857491513441526	0.49273762	null
"GO:0090520"	"sphingolipid mediated signaling pathway"	-3.4509967379742124	3.6886867242841235	0.012016325071080181	0.8320754817025572	0.2446351	null
"GO:0097066"	"response to thyroid hormone"	-3.5361070110140926	3.0802656273398448	0.002958546238311835	0.9084139215614366	0.35526081	null
"GO:0097164"	"ammonium ion metabolic process"	-9.09312646527793	4.194264516025517	0.03849556003926547	0.9765200739597267	0.03919533	null
"GO:0097190"	"apoptotic signaling pathway"	-11.665546248849068	4.6552441130877975	0.11127776658409155	0.7974888068879059	0.29647604	null
"GO:0006915"	"apoptotic process"	-8.655607726314889	5.185227581152879	0.3770497347375319	0.9786524303622806	0.88041351	97190
"GO:0008630"	"intrinsic apoptotic signaling pathway in response to DNA damage"	-3.910094888560602	4.141543834220653	0.034094660975953026	0.8037599335784293	0.88538551	97190
"GO:0012501"	"programmed cell death"	-6.8297382846050425	5.231775323975095	0.41970744260457216	0.9784860548421478	0.98611933	97190
"GO:0051402"	"neuron apoptotic process"	-6.628932137728264	3.905418068702542	0.019794200373131263	0.9823054444725081	0.72538493	97190
"GO:0072332"	"intrinsic apoptotic signaling pathway by p53 class mediator"	-3.1191864077192086	3.815378484965918	0.016087402839938564	0.8186999398179894	0.84407132	97190
"GO:0097191"	"extrinsic apoptotic signaling pathway"	-3.239577516576788	4.211147249814492	0.04002159886435144	0.8025896995885081	0.89473068	97190
"GO:0097193"	"intrinsic apoptotic signaling pathway"	-10.063486257521106	4.411703863405971	0.06351275135890067	0.8023138074796945	0.785098	97190
"GO:0097267"	"omega-hydroxylase P450 pathway"	-3.1163385648463824	1.919078092376074	0.00020183094138233817	0.8933327939593805	0.65476036	null
"GO:0097327"	"response to antineoplastic agent"	-3.1904402853647325	1.0413926851582251	2.4613529436870507E-05	0.9352236510042513	0.16059139	null
"GO:0097366"	"response to bronchodilator"	-3.7235381958267557	4.74170298395774	0.13579084205394779	0.8954751789411064	0.45885721	null
"GO:0104004"	"cellular response to environmental stimulus"	-6.455931955649724	4.812679442785524	0.15989933263368555	0.9160011486595968	0.30768993	null
"GO:0120161"	"regulation of cold-induced thermogenesis"	-5.437707135543525	3.6514718521990424	0.011029322540661673	0.8428844781262621	0.64286809	null
"GO:0120162"	"positive regulation of cold-induced thermogenesis"	-4.498940737782249	3.479719235439571	0.007425901831103832	0.8018009791507026	0.62598677	null
"GO:1900034"	"regulation of cellular response to heat"	-3.774690718274137	2.9258275746247424	0.0020724591785844966	0.8607889221135134	0.47947749	null
"GO:1900407"	"regulation of cellular response to oxidative stress"	-3.3615107430453626	3.116275587580544	0.0032145269444552884	0.8574174790512846	0.59868763	null
"GO:1901068"	"guanosine-containing compound metabolic process"	-5.131355561605174	2.0863598306747484	0.00029782370618613313	0.8748139754204699	0.35884273	null
"GO:1901078"	"negative regulation of relaxation of muscle"	-3.258060922270801	2.296665190261531	0.000484886529906349	0.8631125754152446	0.52998408	null
"GO:1901135"	"carbohydrate derivative metabolic process"	-24.52870828894106	6.429946135493561	6.623993042050591	0.9613401139836649	0.12511177	null
"GO:1901136"	"carbohydrate derivative catabolic process"	-6.735182176990463	5.704056953207529	1.245173840681842	0.8951646464848803	0.54877343	null
"GO:1901568"	"fatty acid derivative metabolic process"	-10.588380294036769	5.147855568954347	0.34596038570582077	0.9309014491515158	0.60336466	null
"GO:1901615"	"organic hydroxy compound metabolic process"	-26.116338564846384	5.82401057106121	1.6412842926152864	0.9671919716129528	0.05789561	null
"GO:1901652"	"response to peptide"	-6.943095148663527	5.073641379946688	0.29161617406215434	0.8894085745970545	0.57100285	null
"GO:1901653"	"cellular response to peptide"	-4.498940737782249	2.2430380486862944	0.00042827541220154676	0.9135726086713362	0.63962932	null
"GO:1901654"	"response to ketone"	-8.021363051615525	4.0050088206723675	0.02489658502539452	0.8975426495455086	0.69212269	null
"GO:1901655"	"cellular response to ketone"	-6.4089353929735005	3.7424894645817752	0.013601436366814641	0.8892299902846101	0.66241331	null
"GO:1901657"	"glycosyl compound metabolic process"	-14.906578314837764	5.376452855189143	0.5856321672444037	0.9276390301732361	0.05118886	null
"GO:1901661"	"quinone metabolic process"	-3.7235381958267557	4.934109432004227	0.21148436762747874	0.875829665728757	0.60247688	null
"GO:1901685"	"glutathione derivative metabolic process"	-4.042871802323187	1.7558748556724915	0.00013783576484647483	0.9615719395670121	0.37931334	null
"GO:1901687"	"glutathione derivative biosynthetic process"	-4.042871802323187	1.7558748556724915	0.00013783576484647483	0.952619013889303	0.37931334	null
"GO:1901698"	"response to nitrogen compound"	-15.714442690992227	5.194450511165822	0.3851426632163749	0.8870190138860263	0.58647438	null
"GO:1901699"	"cellular response to nitrogen compound"	-9.625251653989896	4.935814488495356	0.212316304922445	0.871805122294486	0.66067631	null
"GO:0032868"	"response to insulin"	-6.59176003468815	4.440720217316904	0.06790134365749467	0.8778959103363234	0.82349688	1901699
"GO:0032869"	"cellular response to insulin stimulus"	-4.557520230935552	4.378615902031224	0.05885341023650107	0.866920785423524	0.89814493	1901699
"GO:0043279"	"response to alkaloid"	-6.0996328713435295	3.422917980767662	0.006515201241939623	0.9097232156234948	0.70128253	1901699
"GO:0043434"	"response to peptide hormone"	-5.896196279044043	4.731693498907015	0.13269645990005627	0.8727445583081855	0.86667077	1901699
"GO:0071375"	"cellular response to peptide hormone stimulus"	-4.139661993429006	4.664529157142216	0.11368250841007381	0.8608478157537183	0.9401576	1901699
"GO:1901700"	"response to oxygen-containing compound"	-27.723538195826755	5.564509832144328	0.9029891703916372	0.8789993014637953	0.53628919	null
"GO:0009636"	"response to toxic substance"	-13.469800301796917	5.620163132442645	1.0264457113410923	0.8776921157884642	0.7161887	1901700
"GO:0070887"	"cellular response to chemical stimulus"	-25.20551195334083	5.946342695005116	2.1752846591599666	0.8582477188181905	0.70543593	1901700
"GO:1901701"	"cellular response to oxygen-containing compound"	-17.163675884293248	5.358646658683822	0.5621065558086429	0.8579207218474413	0.64005696	null
"GO:0000302"	"response to reactive oxygen species"	-15.79860287567955	5.018317618326985	0.2567363414971652	0.8732702481322777	0.83701118	1901701
"GO:0009743"	"response to carbohydrate"	-6.649751981665837	4.33635965446523	0.053396590760346876	0.8923615893014354	0.73365176	1901701
"GO:0009746"	"response to hexose"	-3.767003889607846	4.258230090449129	0.04460463804549673	0.8910205709540484	0.98609337	1901701
"GO:0009749"	"response to glucose"	-4	4.169292274879936	0.03634433756648299	0.8924490186746553	0.71210841	1901701
"GO:0034284"	"response to monosaccharide"	-4.002176919254275	4.259474419531076	0.04473262839856846	0.8910429950075657	0.96354943	1901701
"GO:0042542"	"response to hydrogen peroxide"	-9.065501548756432	4.679427896612119	0.11765020935529734	0.8796134016456686	0.78224648	1901701
"GO:0071322"	"cellular response to carbohydrate stimulus"	-3.4111682744057927	4.003934206173708	0.02483505120180234	0.882617373274346	0.92859392	1901701
"GO:0097237"	"cellular response to toxic substance"	-4.978810700930062	5.550580539260246	0.8744867033037411	0.8609210226988611	0.96833873	1901701
"GO:0097305"	"response to alcohol"	-10.346787486224656	4.451279718904047	0.06957260230625817	0.8904387117695174	0.74924324	1901701
"GO:0098754"	"detoxification"	-7.621602099051862	5.60186125613835	0.9840882885331819	0.876313849391947	0.96825659	1901701
"GO:0098869"	"cellular oxidant detoxification"	-6.0254883072626715	5.506568616038737	0.7902075171589529	0.8620167353699312	0.98068782	1901701
"GO:1990748"	"cellular detoxification"	-7.815308569182402	5.550235693181492	0.8737926017736214	0.860866285936368	0.75488783	1901701
"GO:1901796"	"regulation of signal transduction by p53 class mediator"	-5.321481620959886	3.7888044930446485	0.015132397897787989	0.842684217678792	0.59587989	null
"GO:1901861"	"regulation of muscle tissue development"	-3.198596289982645	3.577836341292744	0.009308836833024425	0.8773550311178521	0.56469061	null
"GO:1902531"	"regulation of intracellular signal transduction"	-19.181774106386044	5.597205780630544	0.9735955409342439	0.7909752211746116	0.2257878	null
"GO:0001952"	"regulation of cell-matrix adhesion"	-4.5376020021010435	3.8943714538562375	0.019297007078506477	0.8796306191126263	0.81034006	1902531
"GO:0002253"	"activation of immune response"	-4.91721462968355	4.862679866500335	0.1794104774182928	0.7418963027346154	0.93448322	1902531
"GO:0002429"	"immune response-activating cell surface receptor signaling pathway"	-3.6216020990518625	4.602092562192713	0.0984590404533694	0.684567067307141	0.96722474	1902531
"GO:0002684"	"positive regulation of immune system process"	-5.705533773838407	5.129161200385081	0.33138425357330603	0.779730241758432	0.92993494	1902531
"GO:0002694"	"regulation of leukocyte activation"	-4.148130399270234	4.717146037938382	0.12832509707206807	0.8009278287550343	0.85993228	1902531
"GO:0002757"	"immune response-activating signaling pathway"	-5.55129368009492	4.746735366871247	0.13737303049306165	0.6821335831298321	0.86930808	1902531
"GO:0002764"	"immune response-regulating signaling pathway"	-6.798602875679548	4.766502076537479	0.14377008679370432	0.7424304495181516	0.86665898	1902531
"GO:0002768"	"immune response-regulating cell surface receptor signaling pathway"	-4.82102305270683	4.634890207744932	0.10618276599065936	0.7412003592814352	0.97266052	1902531
"GO:0009966"	"regulation of signal transduction"	-16.447331783887808	5.841146025478373	1.7073371602120722	0.781890054166641	0.88667309	1902531
"GO:0009967"	"positive regulation of signal transduction"	-15.732828271596986	5.367374559874197	0.573517388055576	0.7405128379256403	0.81705613	1902531
"GO:0009968"	"negative regulation of signal transduction"	-3.642065152999546	5.411111047994698	0.6342832695293219	0.776995842657194	0.91610997	1902531
"GO:0010647"	"positive regulation of cell communication"	-16.185086818724926	5.4174351544632025	0.643587183656459	0.7650521519922331	0.7972863	1902531
"GO:0010648"	"negative regulation of cell communication"	-4.221125527997261	5.421641761483437	0.6498513268981425	0.807243712646064	0.79808507	1902531
"GO:0010810"	"regulation of cell-substrate adhesion"	-4.089909454405932	4.2596655387296725	0.044752319222117955	0.8729269464244813	0.85666448	1902531
"GO:0022409"	"positive regulation of cell-cell adhesion"	-3.2276782932770804	4.383617914519015	0.05953520500190238	0.8129547981975259	0.94573697	1902531
"GO:0023056"	"positive regulation of signaling"	-16.36855623098683	5.416911648736081	0.6428118574791976	0.7720161574356307	0.79647833	1902531
"GO:0023057"	"negative regulation of signaling"	-4.181774106386045	5.422364920152503	0.6509343221933648	0.812430332214667	0.79751295	1902531
"GO:0031294"	"lymphocyte costimulation"	-5.709965388637482	3.834865579900038	0.016825808723044677	0.7666411850725648	0.82929822	1902531
"GO:0031295"	"T cell costimulation"	-5.920818753952375	3.8257505813480277	0.016476296605041116	0.7599454083845112	0.73663172	1902531
"GO:0032101"	"regulation of response to external stimulus"	-8.112945621949043	5.1257544437096305	0.3287949102765473	0.8212571665006407	0.71421215	1902531
"GO:0043408"	"regulation of MAPK cascade"	-9.732828271596986	5.083459618247788	0.2982839791866026	0.8076341233979093	0.76592625	1902531
"GO:0043410"	"positive regulation of MAPK cascade"	-8.818156412055227	4.796851749049887	0.15417668703961315	0.762190314812005	0.86191921	1902531
"GO:0045785"	"positive regulation of cell adhesion"	-4.55129368009492	4.56748513419138	0.09091745503391227	0.8081651374618026	0.80219089	1902531
"GO:0048584"	"positive regulation of response to stimulus"	-16.373659632624957	5.541162220926623	0.8557262711669584	0.7523083271323562	0.78694318	1902531
"GO:0048585"	"negative regulation of response to stimulus"	-3.5466816599529625	5.495058433016688	0.7695395364908127	0.7869878204171136	0.77814858	1902531
"GO:0050776"	"regulation of immune response"	-8.504455662453552	5.121280729337815	0.3254253180966397	0.8014849680776039	0.71350198	1902531
"GO:0050778"	"positive regulation of immune response"	-6.153662887870195	4.982216942836122	0.23625788500568892	0.7546166348976621	0.90673923	1902531
"GO:0050804"	"modulation of chemical synaptic transmission"	-3.338187314462739	5.00094573149735	0.24666940795748515	0.8396210245056712	0.72540341	1902531
"GO:0050851"	"antigen receptor-mediated signaling pathway"	-3.5816987086802543	4.416873399776797	0.06427330941849994	0.6930814457031217	0.93763238	1902531
"GO:0050853"	"B cell receptor signaling pathway"	-3.1180450286603993	3.884512159190394	0.018863808960417557	0.7152541089764688	0.74360085	1902531
"GO:0050863"	"regulation of T cell activation"	-4.388276691992658	4.503994848765824	0.07855161784482853	0.8072364201795077	0.95589586	1902531
"GO:0050867"	"positive regulation of cell activation"	-3.3080348972326394	4.514149134475438	0.08040993931731226	0.7776443938232849	0.95751733	1902531
"GO:0050870"	"positive regulation of T cell activation"	-4.605548319173784	4.292344693840592	0.04824990175509725	0.7591661572782026	0.92964298	1902531
"GO:0051249"	"regulation of lymphocyte activation"	-3.5272435506827877	4.673269794418788	0.11599371882419596	0.8022327279175595	0.98366424	1902531
"GO:0051251"	"positive regulation of lymphocyte activation"	-3.5086383061657274	4.472975734594228	0.07313664136871703	0.7603159627605195	0.9603508	1902531
"GO:0080134"	"regulation of response to stress"	-11.554395796726402	5.2680839618417785	0.45630529952425497	0.816693307904202	0.73756821	1902531
"GO:0099177"	"regulation of trans-synaptic signaling"	-3.619788758288394	5.00105405543172	0.24673094178107735	0.8400769206548396	0.72542042	1902531
"GO:1902532"	"negative regulation of intracellular signal transduction"	-6.536107011014093	5.062634622793394	0.2843182625841223	0.7885073789913346	0.78557063	1902531
"GO:1902533"	"positive regulation of intracellular signal transduction"	-15.52432881167557	5.224481265303632	0.412717200244501	0.7453550353896625	0.94159965	1902531
"GO:1903037"	"regulation of leukocyte cell-cell adhesion"	-3.8297382846050425	4.47745408625333	0.07389473807537263	0.867946548050153	0.93234896	1902531
"GO:1903039"	"positive regulation of leukocyte cell-cell adhesion"	-4.359518563029578	4.30713219065578	0.049921160403860756	0.8149321038286417	0.97407053	1902531
"GO:1902644"	"tertiary alcohol metabolic process"	-7.6439741428068775	3.7741518589547103	0.01463028189727583	0.891449014182964	0.60544683	null
"GO:1902894"	"negative regulation of miRNA transcription"	-3.2781893847874533	2.960946195733831	0.0022472152375862774	0.8679613722583405	0.42202368	null
"GO:1903409"	"reactive oxygen species biosynthetic process"	-7.540607512240769	2.6757783416740852	0.001164219942363975	0.9533253854177086	0.03012429	null
"GO:1903800"	"positive regulation of miRNA processing"	-3.642065152999546	2.8356905714924254	0.0016835654134819424	0.8404591507132884	0.36034545	null
"GO:1904837"	"beta-catenin-TCF complex assembly"	-3.2211255279972604	0.3010299956639812	2.461352943687051E-06	0.993329539076864	0.16980247	null
"GO:1904892"	"regulation of receptor signaling pathway via STAT"	-3.0065637695023884	3.951094556841663	0.02198972719890011	0.840741205943679	0.61293962	null
"GO:1990966"	"ATP generation from poly-ADP-D-ribose"	-3.258060922270801	3.3807537708039	0.005912169770736295	0.8420592875452539	0.44238644	null
"GO:2000145"	"regulation of cell motility"	-7.411168274405793	5.201752062778252	0.3916726325759767	0.8526696597806478	0.20304387	null
"GO:0010594"	"regulation of endothelial cell migration"	-3.5686362358410126	4.068927611682072	0.028844595147068545	0.8772371052232891	0.80027747	2000145
"GO:0010595"	"positive regulation of endothelial cell migration"	-3.619788758288394	3.943890048248473	0.021627908316178113	0.8256496342770093	0.78379631	2000145
"GO:0010632"	"regulation of epithelial cell migration"	-3.6736641390712483	3.6870828446043706	0.011972020718093813	0.8459440753032014	0.75198739	2000145
"GO:0010634"	"positive regulation of epithelial cell migration"	-3.764471553092451	3.6184664921990803	0.010221998775132322	0.8023198552409248	0.74392021	2000145
"GO:0030334"	"regulation of cell migration"	-7.03810452633215	5.046436630136641	0.2739092009852698	0.8566230224959291	0.95769969	2000145
"GO:0030335"	"positive regulation of cell migration"	-7.856985199745905	4.785621639804695	0.15024098368265756	0.8015490977990087	0.90994218	2000145
"GO:0040017"	"positive regulation of locomotion"	-6.580044251510242	4.836387419326411	0.16887096411342487	0.8077808905147891	0.91886089	2000145
"GO:2000147"	"positive regulation of cell motility"	-7.3585258894959	4.823161111289468	0.1638054997553169	0.8005012770656286	0.98692132	2000145
"GO:2000209"	"regulation of anoikis"	-3.0199966284162536	3.141136090120739	0.0034040511211191906	0.8868318454567999	0.67374018	null
"GO:2000377"	"regulation of reactive oxygen species metabolic process"	-8.698970004336019	3.8928734068887656	0.019230550549026927	0.8719442183191116	0.23838888	null
"GO:2000379"	"positive regulation of reactive oxygen species metabolic process"	-5.950781977329818	3.3242824552976926	0.00519099335823599	0.8309615033829411	0.3866546	null
"GO:2000378"	"negative regulation of reactive oxygen species metabolic process"	-3.0510982390297863	3.0610753236297916	0.002830555885240108	0.867128745124737	0.84124195	2000379
"GO:2001038"	"regulation of cellular response to drug"	-3.250263684430939	1.724275869600789	0.00012799035307172664	0.8846571719391993	0.40612176	null
"GO:2001057"	"reactive nitrogen species metabolic process"	-6.782516055786093	4.601440680327289	0.09831135927674817	0.9747406678414001	0.04263608	null
