TermID	Name	Value	LogSize	Frequency	Uniqueness	Dispensability	Representative
"GO:0000122"	"negative regulation of transcription by RNA polymerase II"	-6.804100347590766	5.291373291067754	0.48144309713813077	0.7501457332695363	0.68909319	null
"GO:0045892"	"negative regulation of DNA-templated transcription"	-6.153044674980176	5.754521101611824	1.3986022764265744	0.7296675016154942	0.87614923	122
"GO:0051253"	"negative regulation of RNA metabolic process"	-6.279840696594043	5.771827709344622	1.4554619907786888	0.7365647696153874	0.96556825	122
"GO:1902679"	"negative regulation of RNA biosynthetic process"	-6.03810452633215	5.755313720091715	1.4011571607821214	0.729673272786043	0.9764567	122
"GO:0000165"	"MAPK cascade"	-43.62160209905186	4.759176625403369	0.14136534496772205	0.7657006409262381	0.30378506	null
"GO:0019722"	"calcium-mediated signaling"	-15.034328028779893	4.791922117501735	0.1524365105084264	0.764533184881236	0.73619769	165
"GO:0001101"	"response to acid chemical"	-44.63827216398241	4.828292459459625	0.16575242993377337	0.8941656145404256	0.54196644	null
"GO:0001503"	"ossification"	-7.186419011431808	4.373187949912719	0.058122388412226014	0.9383318827816427	0.53751306	null
"GO:0001504"	"neurotransmitter uptake"	-11.636388020107855	3.7666358863102674	0.01437922389701975	0.9784730869267055	0.60597116	null
"GO:0051610"	"serotonin uptake"	-6.024108863598207	3.579326203755255	0.009340834421292356	0.9642189591915308	0.97346056	1504
"GO:0098810"	"neurotransmitter reuptake"	-10.187086643357144	3.7456212213069384	0.013699890484562124	0.9736146088353081	0.73691723	1504
"GO:0001649"	"osteoblast differentiation"	-5.559090917934783	3.9035782936630543	0.0197105143730459	0.9202861795255959	0.5249147	null
"GO:0001666"	"response to hypoxia"	-48.93930215964639	4.481442628502305	0.07457653284077395	0.910801278608751	0.65261068	null
"GO:0036293"	"response to decreased oxygen levels"	-51.249491605148656	4.486331281184666	0.0754207769004586	0.9167573497922509	0.97106719	1666
"GO:0036294"	"cellular response to decreased oxygen levels"	-20.543633966870956	4.018367578387845	0.025674372555599623	0.8817639205411674	0.9864831	1666
"GO:0036296"	"response to increased oxygen levels"	-6.728158393463501	2.9951962915971793	0.002431816708362806	0.9319539070073298	0.78397021	1666
"GO:0055093"	"response to hyperoxia"	-8.105130343254748	2.8444771757456815	0.0017180243546935615	0.9283789031497021	0.76898075	1666
"GO:0071453"	"cellular response to oxygen levels"	-21.3829996588791	4.062243441026478	0.028404012970148565	0.8812109149077192	0.90935915	1666
"GO:0071456"	"cellular response to hypoxia"	-19.210419287835574	4.010978012174742	0.025241174437510703	0.8773508530318462	0.92788706	1666
"GO:0001676"	"long-chain fatty acid metabolic process"	-12.6903698325741	4.90723395179748	0.19879363184982835	0.9504693822465473	0.60660984	null
"GO:0001763"	"morphogenesis of a branching structure"	-11.701146923590294	3.9933039379194746	0.0242344810835427	0.9213119802189378	0.53414814	null
"GO:0001775"	"cell activation"	-40.98296666070122	4.785315595613992	0.150135145506079	0.9304395910469485	0.58391363	null
"GO:0001816"	"cytokine production"	-10.539102157243452	2.8639173769578603	0.001796787648891547	0.9347048379164371	0.41631708	null
"GO:0001822"	"kidney development"	-8.671620396561263	4.2404993265075115	0.04282015716132362	0.9149515412905181	0.59489649	null
"GO:0072111"	"cell proliferation involved in kidney development"	-6.804100347590766	2.4345689040341987	0.0006670266477391908	0.9270742006038514	0.7738611	1822
"GO:0001889"	"liver development"	-12.585026652029182	3.961516011448949	0.0225238407876802	0.9168294023318505	0.53084003	null
"GO:0007595"	"lactation"	-5.22548303427145	3.106870544478654	0.0031456090620320502	0.8028306234535679	0.84822642	1889
"GO:0030850"	"prostate gland development"	-5.176525770829699	3.4794313371977363	0.007420979125216457	0.9186594263549991	0.82911569	1889
"GO:0060749"	"mammary gland alveolus development"	-5.838631997765025	2.9370161074648142	0.0021266089433456116	0.9644894517115855	0.77502435	1889
"GO:0097421"	"liver regeneration"	-7.346787486224656	2.595496221825574	0.0009673117068690108	0.9294528072823965	0.84008999	1889
"GO:0001932"	"regulation of protein phosphorylation"	-63.01772876696043	5.283142863303242	0.4724050091289119	0.7686271990077032	0.20734254	null
"GO:0000079"	"regulation of cyclin-dependent protein serine/threonine kinase activity"	-5.498940737782249	4.759138816281166	0.14135303820300363	0.7516032160236982	0.89801431	1932
"GO:0001933"	"negative regulation of protein phosphorylation"	-14.257274868695301	4.683092087197129	0.11864705729749059	0.7489596355104967	0.85028092	1932
"GO:0001934"	"positive regulation of protein phosphorylation"	-60.39469495385889	4.957070671419109	0.22296657910977885	0.7046029120789885	0.96410001	1932
"GO:0006469"	"negative regulation of protein kinase activity"	-6.954677021213342	4.610223520285089	0.1003198232787968	0.7268571973897018	0.97315723	1932
"GO:0010562"	"positive regulation of phosphorus metabolic process"	-62.59345981956604	5.115397472098318	0.32104657120982044	0.7066023946024477	0.89773983	1932
"GO:0010563"	"negative regulation of phosphorus metabolic process"	-10.97469413473523	4.865500760998135	0.18057962006654416	0.7507296627885348	0.85348183	1932
"GO:0019220"	"regulation of phosphate metabolic process"	-54.07935499859321	5.431119203604928	0.6641887077951196	0.7718723866785309	0.980076	1932
"GO:0031400"	"negative regulation of protein modification process"	-12.358525889495901	4.779538773870285	0.14815129503346727	0.762456799047812	0.86618948	1932
"GO:0031401"	"positive regulation of protein modification process"	-55.04095860767891	5.059582349244611	0.28232702805267945	0.7186161908270519	0.91594889	1932
"GO:0032147"	"activation of protein kinase activity"	-26.46470587995723	4.098366796439331	0.0308678272667793	0.7160127839637997	0.87493248	1932
"GO:0033135"	"regulation of peptidyl-serine phosphorylation"	-13.08196966321512	3.9387198147823823	0.02137192761003466	0.8104844229950366	0.74471436	1932
"GO:0033138"	"positive regulation of peptidyl-serine phosphorylation"	-11.060480747381382	3.8258154449852038	0.016478757957984803	0.7476642346519514	0.73094847	1932
"GO:0033673"	"negative regulation of kinase activity"	-7.213958789757446	4.643067562949413	0.10820107540448275	0.7297243692219717	0.98975271	1932
"GO:0033674"	"positive regulation of kinase activity"	-41.429457060118104	4.885191540606848	0.1889556041339112	0.6872616756538691	0.95084413	1932
"GO:0042325"	"regulation of phosphorylation"	-57.688246138944244	5.372272972952656	0.5800227438857408	0.7741590452826251	0.94832547	1932
"GO:0042326"	"negative regulation of phosphorylation"	-13.03810452633215	4.722420012731062	0.12989297889719673	0.7547285099723436	0.94229498	1932
"GO:0042327"	"positive regulation of phosphorylation"	-60.65364702554936	5.104637312986588	0.3131899326135714	0.7047240616351238	0.92076139	1932
"GO:0042509"	"regulation of tyrosine phosphorylation of STAT protein"	-13.882728704344236	3.829753918924975	0.016628900487549714	0.8125373277022621	0.89924075	1932
"GO:0042531"	"positive regulation of tyrosine phosphorylation of STAT protein"	-15.0762380391713	3.823474229170301	0.01639014925201207	0.7471817225050035	0.89845877	1932
"GO:0043405"	"regulation of MAP kinase activity"	-26.795880017344075	4.285152078525091	0.04745734610723002	0.7771038825023451	0.79038547	1932
"GO:0043406"	"positive regulation of MAP kinase activity"	-25.772113295386326	4.0463000196529695	0.02738009014557475	0.669790423839792	0.86831147	1932
"GO:0043549"	"regulation of kinase activity"	-43.47886191629596	5.236353327548778	0.42415510737381473	0.7483812338296919	0.9598904	1932
"GO:0045859"	"regulation of protein kinase activity"	-42.1180450286604	5.125848715277235	0.3288662895119142	0.7476512210339349	0.92857133	1932
"GO:0045860"	"positive regulation of protein kinase activity"	-38.68402965454308	4.618382845341753	0.1022224491042669	0.6951953502595114	0.83993088	1932
"GO:0045936"	"negative regulation of phosphate metabolic process"	-11.033858267260968	4.865494841477892	0.18057715871360047	0.7498108081194196	0.97282353	1932
"GO:0045937"	"positive regulation of phosphate metabolic process"	-62.59345981956604	5.115397472098318	0.32104657120982044	0.7045533930328046	0.99464338	1932
"GO:0050730"	"regulation of peptidyl-tyrosine phosphorylation"	-24.785156151952304	4.362463624755212	0.05670464911666227	0.7989244392090155	0.80135247	1932
"GO:0050731"	"positive regulation of peptidyl-tyrosine phosphorylation"	-28.962573502059378	4.171814181051147	0.03655601391964007	0.7353203722063125	0.77483972	1932
"GO:0061098"	"positive regulation of protein tyrosine kinase activity"	-5.847711655616943	3.3716219271760215	0.005789102123551943	0.7404492764773624	0.84554566	1932
"GO:0071900"	"regulation of protein serine/threonine kinase activity"	-35.02548830726267	4.946776391042226	0.2177435881632749	0.7543412552793305	0.89523299	1932
"GO:0071901"	"negative regulation of protein serine/threonine kinase activity"	-8.71669877129645	4.256067982688279	0.0443831162805649	0.7400602345700081	0.91826184	1932
"GO:0071902"	"positive regulation of protein serine/threonine kinase activity"	-27.72124639904717	4.290479813330673	0.04804314810782754	0.7084255479053972	0.86180705	1932
"GO:1904029"	"regulation of cyclin-dependent protein kinase activity"	-5.180456064458132	4.759864176940109	0.1415893280855976	0.7517902152307895	0.89813251	1932
"GO:0001959"	"regulation of cytokine-mediated signaling pathway"	-9.774690718274137	3.9591368311703743	0.022400773140495846	0.7962411820746476	0.4775072	null
"GO:0010803"	"regulation of tumor necrosis factor-mediated signaling pathway"	-5.692503962086787	3.5336449787987627	0.008407981655634965	0.8071597923376691	0.94032927	1959
"GO:0060330"	"regulation of response to type II interferon"	-4.844663962534939	3.0429690733931802	0.002714872296886817	0.7854086341880469	0.88414035	1959
"GO:0060334"	"regulation of type II interferon-mediated signaling pathway"	-4.844663962534939	3.0429690733931802	0.002714872296886817	0.7730050647694803	0.88414035	1959
"GO:0001974"	"blood vessel remodeling"	-4.779891911959945	3.1357685145678222	0.0033622081210765114	0.9475484676046726	0.43395231	null
"GO:0001975"	"response to amphetamine"	-10.779891911959945	2.884795363948981	0.0018853963548642809	0.9095270984442224	0.48600913	null
"GO:0002223"	"stimulatory C-type lectin receptor signaling pathway"	-18.838631997765024	2.9822712330395684	0.0023604374729958816	0.6634956112238531	0.64997879	null
"GO:0002250"	"adaptive immune response"	-6.401209493236885	4.660144216078887	0.11254044064420302	0.9030622068551367	0.68642996	null
"GO:0002252"	"immune effector process"	-23.242603971206975	4.663531319592994	0.11342160499804296	0.9678893288765152	0.6868246	null
"GO:0006955"	"immune response"	-17.161780778092375	5.410414467099877	0.6332667307635791	0.890838637238036	0.78669321	2252
"GO:0002376"	"immune system process"	-49.995678626217355	5.567019304402755	0.9082220067499159	1	-0	null
"GO:0002474"	"antigen processing and presentation of peptide antigen via MHC class I"	-25.302770657240284	3.7861122837198264	0.01503886648592788	0.9693269249791898	0.59779165	null
"GO:0002478"	"antigen processing and presentation of exogenous peptide antigen"	-16.543633966870956	3.3100557377508912	0.00502362135806527	0.9709342971862306	0.90213138	2474
"GO:0019883"	"antigen processing and presentation of endogenous antigen"	-6.029188389127482	3.627775375229303	0.010443520540064156	0.9701329629000075	0.86588533	2474
"GO:0019884"	"antigen processing and presentation of exogenous antigen"	-17.33068311943389	3.5659658174466666	0.009057778832768346	0.9703639740927205	0.85907944	2474
"GO:0042590"	"antigen processing and presentation of exogenous peptide antigen via MHC class I"	-26.718966632752274	2.941511432634403	0.002148761119838795	0.9721266306611301	0.86294309	2474
"GO:0048002"	"antigen processing and presentation of peptide antigen"	-17.175223537524456	3.944630701856278	0.02166482861033342	0.9688912253368008	0.90253622	2474
"GO:0002479"	"antigen processing and presentation of exogenous peptide antigen via MHC class I, TAP-dependent"	-27.304518323509804	0.6020599913279624	7.384058831061151E-06	0.9783050160864746	0.66884921	null
"GO:0002521"	"leukocyte differentiation"	-12.97061622231479	4.472068637583486	0.07298403748620842	0.9548058706556551	0.58947325	null
"GO:0002573"	"myeloid leukocyte differentiation"	-7.651695136951839	4.008855563996213	0.025118106790326354	0.9575205373352099	0.84676352	2521
"GO:0030099"	"myeloid cell differentiation"	-8.455931955649724	4.343566132386124	0.05429006187890528	0.9556765793255199	0.89103684	2521
"GO:0030225"	"macrophage differentiation"	-5.72584215073632	3.2062860444124324	0.00395539418050509	0.9618107362942498	0.75660212	2521
"GO:0002526"	"acute inflammatory response"	-8.554395796726402	3.7735670489260587	0.014610591073726333	0.9290239812556966	0.58180721	null
"GO:0006953"	"acute-phase response"	-7.462180904926726	3.6910814921229687	0.012082781600559731	0.9298077635016204	0.71832634	2526
"GO:0002544"	"chronic inflammatory response"	-4.838631997765025	2.6848453616444123	0.0011888334718008454	0.9381344637262848	0.63574984	null
"GO:0002576"	"platelet degranulation"	-15.007004901568658	2.916453948549925	0.0020281548255981297	0.9734191760021427	0.64291588	null
"GO:0002676"	"regulation of chronic inflammatory response"	-5.176525770829699	2.6148972160331345	0.0010116160598553777	0.83000390134726	0.60526231	null
"GO:0002682"	"regulation of immune system process"	-64.49214412830418	5.28814410553558	0.47787659672272825	0.8309122202129435	0.20761263	null
"GO:0002684"	"positive regulation of immune system process"	-47.84771165561694	5.129161200385081	0.33138425357330603	0.7016719695061864	0.52930077	null
"GO:0001910"	"regulation of leukocyte mediated cytotoxicity"	-5.400116927926312	3.974373507081423	0.02320071284719414	0.7954915455736837	0.93028279	2684
"GO:0001914"	"regulation of T cell mediated cytotoxicity"	-6.403402904373539	3.6459132750338443	0.010889025422871512	0.7677523858409163	0.96391238	2684
"GO:0001916"	"positive regulation of T cell mediated cytotoxicity"	-5.283162276700476	3.6201360549737576	0.010261380422231313	0.7128527811011381	0.96075646	2684
"GO:0002220"	"innate immune response activating cell surface receptor signaling pathway"	-18.163675884293248	3.869055618701908	0.018204166371509425	0.6307016033030444	0.85466195	2684
"GO:0002637"	"regulation of immunoglobulin production"	-4.847711655616943	3.6574383227029625	0.01118192642317027	0.786871098359657	0.90961691	2684
"GO:0002683"	"negative regulation of immune system process"	-22.255707016877324	4.667312835294965	0.11441353023434887	0.7484846602852918	0.8520616	2684
"GO:0002694"	"regulation of leukocyte activation"	-24.712198270069774	4.717146037938382	0.12832509707206807	0.7034451504791778	0.85996683	2684
"GO:0002695"	"negative regulation of leukocyte activation"	-7.18111458540599	4.336219504572429	0.053379361289741065	0.683185593488263	0.92987806	2684
"GO:0002696"	"positive regulation of leukocyte activation"	-23.847711655616944	4.508112056839824	0.07929986913970939	0.6547837247824575	0.95655265	2684
"GO:0002697"	"regulation of immune effector process"	-15.372634143407268	4.551169323782296	0.08756509232461052	0.7907054850228555	0.8341895	2684
"GO:0002698"	"negative regulation of immune effector process"	-9.684029654543082	3.890197386210029	0.01911240560772995	0.7683518150681407	0.87502144	2684
"GO:0002699"	"positive regulation of immune effector process"	-11.950781977329818	4.331832044436249	0.05284278634801729	0.7283805846755596	0.93410586	2684
"GO:0002700"	"regulation of production of molecular mediator of immune response"	-13.869666231504993	4.124406399745029	0.03277537579813676	0.7740109095538087	0.90539267	2684
"GO:0002702"	"positive regulation of production of molecular mediator of immune response"	-7.380906669373258	4.024198232206868	0.026021423320659497	0.7109281785204398	0.95537376	2684
"GO:0002703"	"regulation of leukocyte mediated immunity"	-14.119186407719209	4.344863649797128	0.054452511173188625	0.7922132304023286	0.80422524	2684
"GO:0002705"	"positive regulation of leukocyte mediated immunity"	-7.632644078973981	4.121756758487815	0.03257600620969811	0.7352060638085538	0.95025383	2684
"GO:0002706"	"regulation of lymphocyte mediated immunity"	-12.070070439915412	4.229988836544811	0.04179623433674981	0.7948559314050868	0.91978409	2684
"GO:0002708"	"positive regulation of lymphocyte mediated immunity"	-6.91721462968355	4.066176785772006	0.028662455029235707	0.7368700961033977	0.94262268	2684
"GO:0002709"	"regulation of T cell mediated immunity"	-11.742321425130816	3.82529626443096	0.016459067134435307	0.7680525069776766	0.94276443	2684
"GO:0002711"	"positive regulation of T cell mediated immunity"	-7.2343314452409855	3.7227161674884948	0.012995943542667625	0.71620589093008	0.92953781	2684
"GO:0002712"	"regulation of B cell mediated immunity"	-4.903089986991944	3.8174992618677583	0.01616616613413655	0.7682847981237368	0.9417459	2684
"GO:0002718"	"regulation of cytokine production involved in immune response"	-14.074687908500351	3.90151280912994	0.019616982961185796	0.713058617897101	0.87644189	2684
"GO:0002720"	"positive regulation of cytokine production involved in immune response"	-5.064996848546345	3.759592308645975	0.014147856720313165	0.6673183405530331	0.92191587	2684
"GO:0002724"	"regulation of T cell cytokine production"	-6.537602002101044	3.2068258760318495	0.003960316886392465	0.7052768674920512	0.8682638	2684
"GO:0002761"	"regulation of myeloid leukocyte differentiation"	-12.0195421077239	3.9903388547876015	0.024069570436315666	0.7063446180502456	0.92505457	2684
"GO:0002762"	"negative regulation of myeloid leukocyte differentiation"	-4.735182176990463	3.5996647787884166	0.0097888006570434	0.6890706924367527	0.96430857	2684
"GO:0002763"	"positive regulation of myeloid leukocyte differentiation"	-7.369572124974976	3.6692238739308056	0.011489595541131152	0.668517555789995	0.94295798	2684
"GO:0002764"	"immune response-regulating signaling pathway"	-22.333482019445118	4.766502076537479	0.14377008679370432	0.6753283099044176	0.90673923	2684
"GO:0002819"	"regulation of adaptive immune response"	-19.576754126063193	4.208683161037417	0.039795154393532234	0.7622652186714213	0.78559792	2684
"GO:0002820"	"negative regulation of adaptive immune response"	-6.0254883072626715	3.643847310299714	0.010837337011054084	0.7444573366259866	0.91961779	2684
"GO:0002821"	"positive regulation of adaptive immune response"	-14.341035157335565	4.0042783722001625	0.024854742025351834	0.7096084267728302	0.96676543	2684
"GO:0002822"	"regulation of adaptive immune response based on somatic recombination of immune receptors built from immunoglobulin superfamily domains"	-16.795880017344075	4.182129214052998	0.03743471692053635	0.760555772071177	0.78206581	2684
"GO:0002823"	"negative regulation of adaptive immune response based on somatic recombination of immune receptors built from immunoglobulin superfamily domains"	-5.549750891680639	3.631545227834309	0.010534590598980577	0.7447994770487555	0.91808947	2684
"GO:0002824"	"positive regulation of adaptive immune response based on somatic recombination of immune receptors built from immunoglobulin superfamily domains"	-12.446116973356126	3.9754777631658746	0.02325978531784263	0.7105476293223311	0.96282126	2684
"GO:0002889"	"regulation of immunoglobulin mediated immune response"	-4.903089986991944	3.8174992618677583	0.01616616613413655	0.7682847981237368	0.9417459	2684
"GO:0033081"	"regulation of T cell differentiation in thymus"	-5.107905397309519	2.957128197676813	0.002227524414036781	0.7357934580182015	0.80490112	2684
"GO:0043030"	"regulation of macrophage activation"	-6.201349354554731	3.660865478003869	0.011270535129143004	0.741725320097304	0.7186352	2684
"GO:0043370"	"regulation of CD4-positive, alpha-beta T cell differentiation"	-6.7121982700697735	3.4649364291217326	0.007177305183791439	0.7192667681274322	0.97439702	2684
"GO:0043372"	"positive regulation of CD4-positive, alpha-beta T cell differentiation"	-5.1778319206319825	3.2911467617318855	0.004809483651964497	0.6694913957508491	0.97255152	2684
"GO:0045580"	"regulation of T cell differentiation"	-13.869666231504993	3.8806421264042847	0.018696436960246837	0.70592030481683	0.91062656	2684
"GO:0045581"	"negative regulation of T cell differentiation"	-5.056505484093897	3.4755259150392805	0.0073545225957369065	0.6801214180637691	0.9491151	2684
"GO:0045582"	"positive regulation of T cell differentiation"	-10.821023052706831	3.6485551556626707	0.010955481952351062	0.6562153713875094	0.94035176	2684
"GO:0045589"	"regulation of regulatory T cell differentiation"	-5.1778319206319825	3.281714970027296	0.004706106828329641	0.7258813901580529	0.88808299	2684
"GO:0045619"	"regulation of lymphocyte differentiation"	-12.060980223551333	4.074779882331932	0.029235950265114788	0.699640023443811	0.93647579	2684
"GO:0045621"	"positive regulation of lymphocyte differentiation"	-11.229147988357855	3.8879547038088016	0.019013951489982465	0.656032740373474	0.9714494	2684
"GO:0045622"	"regulation of T-helper cell differentiation"	-6.184422251675732	3.4055171069763763	0.00625922053579617	0.6882347552023101	0.9013825	2684
"GO:0045637"	"regulation of myeloid cell differentiation"	-11.913640169325252	4.15642799231805	0.035283494447753874	0.7006759357367279	0.94779049	2684
"GO:0045639"	"positive regulation of myeloid cell differentiation"	-6.954677021213342	3.8684680990209865	0.018179552842072556	0.6655406448878194	0.93796289	2684
"GO:0045670"	"regulation of osteoclast differentiation"	-5.540607512240769	3.6541765418779604	0.011098240423084911	0.7182197354162179	0.88221807	2684
"GO:0046634"	"regulation of alpha-beta T cell activation"	-9.316952961761151	3.886659897861203	0.018957340372277663	0.7332847306568747	0.86666744	2684
"GO:0046635"	"positive regulation of alpha-beta T cell activation"	-6.795880017344075	3.599992177584098	0.009796184715874462	0.6815212787568169	0.92160214	2684
"GO:0046637"	"regulation of alpha-beta T cell differentiation"	-8.118615343229427	3.5417040232842885	0.008565508244030936	0.7169799239811757	0.86875683	2684
"GO:0046638"	"positive regulation of alpha-beta T cell differentiation"	-5.534617148551582	3.397070549959409	0.0061386142415555045	0.6654888492972251	0.9665361	2684
"GO:0050776"	"regulation of immune response"	-44.24565166428898	5.121280729337815	0.3254253180966397	0.7303209584024037	0.92993494	2684
"GO:0050777"	"negative regulation of immune response"	-17.899629454882437	4.077186154085897	0.029398399559398134	0.7323747469583781	0.76841188	2684
"GO:0050778"	"positive regulation of immune response"	-30.212539525481585	4.982216942836122	0.23625788500568892	0.6708365672205776	0.90460899	2684
"GO:0050852"	"T cell receptor signaling pathway"	-21.517126416391246	4.319501639056495	0.05136351322886137	0.6168253363051218	0.8006895	2684
"GO:0050863"	"regulation of T cell activation"	-21.416801226031378	4.503994848765824	0.07855161784482853	0.7116096004038364	0.95589586	2684
"GO:0050866"	"negative regulation of cell activation"	-9.292429823902063	4.348655273245765	0.054930013644263906	0.7127203939964117	0.93175786	2684
"GO:0050867"	"positive regulation of cell activation"	-24.661543506395397	4.514149134475438	0.08040993931731226	0.6805112287150067	0.95751733	2684
"GO:0051249"	"regulation of lymphocyte activation"	-19.454692883534175	4.673269794418788	0.11599371882419596	0.7050858855424516	0.98366424	2684
"GO:0051250"	"negative regulation of lymphocyte activation"	-5.522878745280337	4.290768950066559	0.04807514569609547	0.6847918975386806	0.98878617	2684
"GO:0051251"	"positive regulation of lymphocyte activation"	-19.570247719997592	4.472975734594228	0.07313664136871703	0.6562132733051727	0.99163183	2684
"GO:1902105"	"regulation of leukocyte differentiation"	-22.446116973356126	4.303044784243365	0.04945350334456022	0.6949031305067894	0.79841182	2684
"GO:1902106"	"negative regulation of leukocyte differentiation"	-9.158015195409886	3.8611160441613954	0.017874345077055362	0.6792904126784306	0.90810538	2684
"GO:1902107"	"positive regulation of leukocyte differentiation"	-16.10292299679058	4.089410510983544	0.030237720913195414	0.6512661089374812	0.93848339	2684
"GO:1903706"	"regulation of hemopoiesis"	-37.38090666937326	4.404149249209695	0.06241744929895991	0.694229673278511	0.81261334	2684
"GO:1903707"	"negative regulation of hemopoiesis"	-7.578396073130169	3.868115205327217	0.018164784724410434	0.6796403857281225	0.9090075	2684
"GO:1903708"	"positive regulation of hemopoiesis"	-14.954677021213342	4.090963076595732	0.03034602044271765	0.6519604217395091	0.93869693	2684
"GO:2000514"	"regulation of CD4-positive, alpha-beta T cell activation"	-5.723538195826756	3.610234175334389	0.010030013245524732	0.7412911616881689	0.9294914	2684
"GO:2000516"	"positive regulation of CD4-positive, alpha-beta T cell activation"	-4.747146969020107	3.3418300569205104	0.005405131064336763	0.6907759328404676	0.94403294	2684
"GO:0002719"	"negative regulation of cytokine production involved in immune response"	-8.6903698325741	3.0433622780211294	0.002717333649830504	0.7115159397587456	0.65562018	null
"GO:0002701"	"negative regulation of production of molecular mediator of immune response"	-7.798602875679548	3.161966616364075	0.0035714231212899106	0.7667082107961618	0.88079077	2719
"GO:0002704"	"negative regulation of leukocyte mediated immunity"	-8.1890957193313	3.6137361412618714	0.010111237892666405	0.7754254973422735	0.86857868	2719
"GO:0002707"	"negative regulation of lymphocyte mediated immunity"	-6.642065152999546	3.583878598498626	0.00943928853903984	0.7760476553649001	0.9271459	2719
"GO:0002933"	"lipid hydroxylation"	-5.16304326294045	2.225309281725863	0.0004110459415957375	0.9775156123713792	0.29625593	null
"GO:0003008"	"system process"	-87.23957751657679	5.658049574713654	1.1200115821424117	0.9245718458387449	-0	null
"GO:0003012"	"muscle system process"	-17.419075024324382	4.706265334409592	0.12514995177471178	0.9279973718920745	0.6750183	null
"GO:0003013"	"circulatory system process"	-47.23582386760967	4.796213427493061	0.15395024256879394	0.9270210705095526	0.58524955	null
"GO:0007600"	"sensory perception"	-6.189095719331299	5.383102322645107	0.5946677939006788	0.9194969191472743	0.90252492	3013
"GO:0050877"	"nervous system process"	-37.86966623150499	5.560037013445795	0.8937369446763176	0.9175362376242733	0.79356754	3013
"GO:0003014"	"renal system process"	-9.785156151952302	3.7452309845281406	0.013687583719843688	0.9370041750511439	0.49127278	null
"GO:0003376"	"sphingosine-1-phosphate receptor signaling pathway"	-5.576754126063192	3.682686478249768	0.011851414423853148	0.7988688037423118	0.49781652	null
"GO:0005975"	"carbohydrate metabolic process"	-11.872895201635192	6.322974310459075	5.177832504046095	0.9861324954665112	0.12789186	null
"GO:0005996"	"monosaccharide metabolic process"	-16.385102783966865	5.625798958668663	1.0398527008253557	0.9680207453320006	0.40820816	null
"GO:0006006"	"glucose metabolic process"	-10.25649023527157	5.290513185087556	0.4804905535489239	0.9699276751713584	0.56692649	null
"GO:0019318"	"hexose metabolic process"	-7.806875401645538	5.482233098635759	0.7471461474091479	0.9686794570818382	0.88299101	6006
"GO:0006063"	"uronic acid metabolic process"	-8.288192770958808	4.258182160366098	0.04459971533960936	0.9664232502526059	0.41517221	null
"GO:0006066"	"alcohol metabolic process"	-27.191114132640188	5.644477979471213	1.085552640930793	0.9546260550935066	0.41042073	null
"GO:0018958"	"phenol-containing compound metabolic process"	-23.26921772433361	4.838275947525585	0.1696069086435873	0.9758313395233235	0.74152367	6066
"GO:0034308"	"primary alcohol metabolic process"	-16.82102305270683	5.060762035662704	0.28309497017110985	0.9588632534028745	0.77808513	6066
"GO:0046165"	"alcohol biosynthetic process"	-10.785156151952302	5.359378189398367	0.5630541766919623	0.9528851574585334	0.83322546	6066
"GO:1901616"	"organic hydroxy compound catabolic process"	-10.33348201944512	5.050978769901794	0.27678898392938356	0.9686162366861509	0.77640182	6066
"GO:1901617"	"organic hydroxy compound biosynthetic process"	-25.954677021213342	5.529634363247561	0.8333107299088005	0.9696015039218047	0.86830913	6066
"GO:1902652"	"secondary alcohol metabolic process"	-21.120904120499926	4.967608810624577	0.22844308940948255	0.9595708662920351	0.76234727	6066
"GO:0006067"	"ethanol metabolic process"	-9.26841123481326	2.496929648073215	0.0007704034713740469	0.9717646091536367	0.49607625	null
"GO:0006068"	"ethanol catabolic process"	-5.121478204498794	2.307496037913213	0.0004971932946247843	0.9684395806281842	0.48309434	null
"GO:0006081"	"cellular aldehyde metabolic process"	-4.847711655616943	5.362896967802544	0.5676347545201639	0.9819993222690826	0.13214633	null
"GO:0006082"	"organic acid metabolic process"	-42.45967052520913	6.535454260345129	8.445551746967404	0.9535494090421042	0.5845868	null
"GO:0006091"	"generation of precursor metabolites and energy"	-8.812479279163536	5.994197012048046	2.4286809447125486	0.9791495547750669	0.15959022	null
"GO:0006109"	"regulation of carbohydrate metabolic process"	-15.121478204498793	4.7283131918551256	0.1316676143695951	0.8229644415724648	0.2772152	null
"GO:0006352"	"DNA-templated transcription initiation"	-6.55129368009492	5.498863065954816	0.7763107184388958	0.9714384786245736	0.68600726	null
"GO:0006357"	"regulation of transcription by RNA polymerase II"	-24.246416941107093	6.230801833816229	4.1876991326832185	0.7578906801605118	0.48364739	null
"GO:0006367"	"transcription initiation at RNA polymerase II promoter"	-9.481486060122112	4.892250475298266	0.1920519861370695	0.9747874561388677	0.15356044	null
"GO:0006468"	"protein phosphorylation"	-59.07572071393812	6.183647586752504	3.756826993126081	0.9623728880901316	-0	null
"GO:0036211"	"protein modification process"	-9.903089986991944	6.5265191621302225	8.273569632733158	0.9779897146334929	0.70996449	6468
"GO:0006508"	"proteolysis"	-7.826813731587726	6.335491800413612	5.329242630377004	0.9812797406231858	0.43473889	null
"GO:0006575"	"cellular modified amino acid metabolic process"	-9.055024091587953	5.644975954811678	1.0867980855202988	0.9808348585591972	0.14314529	null
"GO:0006629"	"lipid metabolic process"	-43.14266750356873	6.385531203866832	5.980051423570241	0.9858735495680948	0.12116392	null
"GO:0006638"	"neutral lipid metabolic process"	-5.667561540084395	4.9501700598082	0.21945176710619374	0.9663977455895779	0.50265607	null
"GO:0006641"	"triglyceride metabolic process"	-7.97469413473523	4.801945382567944	0.1559956268649979	0.9667661959250591	0.48856112	null
"GO:0006639"	"acylglycerol metabolic process"	-5.667561540084395	4.941620737855168	0.21517393569006563	0.9659309652234483	0.96922871	6641
"GO:0006690"	"icosanoid metabolic process"	-20.402304814074487	4.565847818673518	0.09057532697473977	0.9671760366247272	0.44340294	null
"GO:0006694"	"steroid biosynthetic process"	-26	4.957947119978726	0.22341700669847356	0.96545813885019	0.45737756	null
"GO:0006695"	"cholesterol biosynthetic process"	-5.2549252084179425	4.1361813269606005	0.033676230975526224	0.9478697612228839	0.7735537	6694
"GO:0006699"	"bile acid biosynthetic process"	-6.393618634889395	3.5160062303860475	0.008073237655293527	0.9463573386740085	0.70240479	6694
"GO:0006702"	"androgen biosynthetic process"	-5.987162775294828	3.0038911662369103	0.002481043767236547	0.8316721727155659	0.87753925	6694
"GO:0006704"	"glucocorticoid biosynthetic process"	-6.804100347590766	3.6310376965367404	0.01052228383426214	0.9714366549713167	0.71459713	6694
"GO:0006706"	"steroid catabolic process"	-7.339134521996131	4.02649240705284	0.026159259085505975	0.9661557053194174	0.75994006	6694
"GO:0008203"	"cholesterol metabolic process"	-18.838631997765024	4.630193882888373	0.10504069822478856	0.9458911180227708	0.84143898	6694
"GO:0008206"	"bile acid metabolic process"	-8.339134521996131	3.6587743208443566	0.01121638536438189	0.947197571538272	0.71760045	6694
"GO:0008211"	"glucocorticoid metabolic process"	-7.85078088734462	3.7120601424610746	0.012680890365875686	0.9736124657881752	0.72344153	6694
"GO:0016125"	"sterol metabolic process"	-20.943095148663527	5.048375760906674	0.2751349547512259	0.954533798117635	0.90896095	6694
"GO:0016126"	"sterol biosynthetic process"	-7.187755303199631	4.786389359196785	0.15050680980057576	0.9539143664030787	0.88032117	6694
"GO:1902653"	"secondary alcohol biosynthetic process"	-5.2549252084179425	4.583096708442514	0.09424520421377716	0.9586112477978975	0.87775487	6694
"GO:0006720"	"isoprenoid metabolic process"	-18.023191662661933	5.380844126464666	0.5915837186622389	0.9635099094951634	0.6426384	null
"GO:0006721"	"terpenoid metabolic process"	-17.400116927926312	5.129638340833355	0.33174853380897174	0.9637332277496268	0.47354368	null
"GO:0001523"	"retinoid metabolic process"	-13.289882634888183	4.197611323169714	0.038793383745451604	0.9684441099223992	0.75200016	6721
"GO:0016101"	"diterpenoid metabolic process"	-15	4.522118064146713	0.08189905784824292	0.9671163707952021	0.79584563	6721
"GO:0042572"	"retinol metabolic process"	-7.187755303199631	4.034307529596563	0.02663430020363757	0.7873176895841569	0.8829891	6721
"GO:0042573"	"retinoic acid metabolic process"	-10.362510270487489	3.4085791254086675	0.006303524888782537	0.8119148316782152	0.81038658	6721
"GO:0006730"	"one-carbon metabolic process"	-8.958607314841775	5.140313163880555	0.3400039115820981	0.966839358375203	0.35804052	null
"GO:0006739"	"NADP metabolic process"	-4.943095148663527	5.14250522083399	0.34172439728973536	0.9567543985506766	0.64683765	null
"GO:0006753"	"nucleoside phosphate metabolic process"	-15.370590400897282	6.262731985027961	4.507187667479684	0.9459742727356241	0.56593826	null
"GO:0006163"	"purine nucleotide metabolic process"	-12.05453141486818	5.9883979616328205	2.3964667573855727	0.9478870123892235	0.83128153	6753
"GO:0006195"	"purine nucleotide catabolic process"	-6.308918507877031	5.329513811358952	0.5256366892420318	0.9489162711354799	0.92242328	6753
"GO:0009117"	"nucleotide metabolic process"	-15.6903698325741	6.13588096544101	3.36553833160932	0.9473624667546995	0.87477152	6753
"GO:0009123"	"nucleoside monophosphate metabolic process"	-4.806875401645539	5.661446361227424	1.1288059962102055	0.9531491294995896	0.74875798	6753
"GO:0009150"	"purine ribonucleotide metabolic process"	-11.088309841246138	5.818828076029202	1.6218149908307218	0.9490682913044006	0.83928719	6753
"GO:0009166"	"nucleotide catabolic process"	-6.512861624522814	5.4229639007171535	0.6518327160178106	0.9484619808086441	0.95641087	6753
"GO:0009259"	"ribonucleotide metabolic process"	-11.329754146925875	5.903150783963722	1.9693555651263899	0.9490296998585768	0.94250575	6753
"GO:0019693"	"ribose phosphate metabolic process"	-11.97061622231479	5.9265178785086015	2.078218744472724	0.9683840866334004	0.71983707	6753
"GO:1901292"	"nucleoside phosphate catabolic process"	-5.91721462968355	5.4583477189522105	0.7071639301918955	0.9485339639229653	0.70526623	6753
"GO:0006760"	"folic acid-containing compound metabolic process"	-6.059981844992337	5.246624123978228	0.43430572691358005	0.9818582401626363	0.12808941	null
"GO:0006766"	"vitamin metabolic process"	-11.358525889495901	5.691244211502647	1.2089747229390366	0.9695385863205049	0.41606694	null
"GO:0006767"	"water-soluble vitamin metabolic process"	-6.2839966563652006	5.678217819759129	1.1732506463143628	0.9683851323628324	0.41447868	null
"GO:0006775"	"fat-soluble vitamin metabolic process"	-5.2549252084179425	4.161817040167692	0.035724076624673855	0.9763600046455376	0.70454579	6767
"GO:0006790"	"sulfur compound metabolic process"	-5.2020403562628035	5.985815233869408	2.3822573668416673	0.979193720921253	0.15915139	null
"GO:0006793"	"phosphorus metabolic process"	-59.45345733652187	6.713141707407333	12.714975181439863	0.9744161396843048	0.20902726	null
"GO:0006796"	"phosphate-containing compound metabolic process"	-61.161150909262744	6.711039325075964	12.653571809553702	0.9649448383834498	0.69682692	null
"GO:0016310"	"phosphorylation"	-52.002176919254275	6.404965865659897	6.253736641437635	0.9680079576488744	0.74398633	6796
"GO:0019637"	"organophosphate metabolic process"	-13.112945621949043	6.4396515857619026	6.773690066732693	0.967717766148715	0.75647118	6796
"GO:0006805"	"xenobiotic metabolic process"	-46.20901152491118	4.777216512043379	0.14736120073854372	0.871220603756091	0.64005696	null
"GO:0042178"	"xenobiotic catabolic process"	-16.77728352885242	4.519210883619447	0.08135263749474439	0.869556563169472	0.94990834	6805
"GO:0071466"	"cellular response to xenobiotic stimulus"	-41.32330639037513	4.792216535439859	0.15253988733206128	0.8815805222229327	0.9834872	6805
"GO:0006811"	"monoatomic ion transport"	-103.16241156176449	6.300613307421874	4.917982551075166	0.9701333426670143	-0	null
"GO:0006816"	"calcium ion transport"	-26.18775530319963	5.250861391984317	0.4385638675061586	0.9692453923404143	0.66791706	null
"GO:0006820"	"monoatomic anion transport"	-42.34103515733557	5.3205201586614885	0.5148633474075136	0.9703002269919969	0.68064668	null
"GO:0006836"	"neurotransmitter transport"	-10.643974142806877	4.765579153897841	0.14346487902868713	0.9784383075327409	0.28755071	null
"GO:0006855"	"xenobiotic transmembrane transport"	-5.860120913598763	2.7007037171450192	0.0012331378247872123	0.9799695574470958	0.19200881	null
"GO:0006869"	"lipid transport"	-20.583359492661717	5.554812489062661	0.8830497501948285	0.9700735541986742	0.35504953	null
"GO:0015908"	"fatty acid transport"	-11.978810700930062	4.718949868661722	0.12885921066084816	0.9699366923067129	0.81504712	6869
"GO:0015909"	"long-chain fatty acid transport"	-7.698970004336019	4.5656353400556435	0.0905310226217534	0.9705791704255573	0.82842085	6869
"GO:0015918"	"sterol transport"	-5.889410289700751	4.479373734640201	0.07422209801688301	0.9698741677856523	0.81458211	6869
"GO:0030301"	"cholesterol transport"	-7.764471553092451	4.224455364335568	0.04126704345385709	0.9707656300701105	0.74093528	6869
"GO:0033344"	"cholesterol efflux"	-6.6777807052660805	3.8587777373054495	0.017778352312251566	0.9722183434851945	0.87662535	6869
"GO:0043691"	"reverse cholesterol transport"	-6.835647144215563	3.256236533205923	0.004437819357467752	0.9744017296416784	0.80833715	6869
"GO:0006883"	"intracellular sodium ion homeostasis"	-8.288192770958808	4.129818743848935	0.033186421739732505	0.9782813913029936	0.63390694	null
"GO:0006936"	"muscle contraction"	-11.559090917934782	4.679173423631723	0.11758129147287409	0.9267904932387043	0.67183352	null
"GO:0006939"	"smooth muscle contraction"	-8.215382707367125	3.887898488096872	0.01901149013703878	0.9344155444194426	0.87177604	6936
"GO:0006941"	"striated muscle contraction"	-7.91721462968355	4.355585600061131	0.05581363935104756	0.9300984577379274	0.93772395	6936
"GO:0060048"	"cardiac muscle contraction"	-8.215382707367125	4.119981307304154	0.03244309315073901	0.9281186689189115	0.90330105	6936
"GO:0086002"	"cardiac muscle cell action potential involved in contraction"	-8.94692155651658	3.735918116531297	0.013397144072488617	0.7843611396803266	0.91199266	6936
"GO:0086013"	"membrane repolarization during cardiac muscle cell action potential"	-6.4156687756324695	3.461198288622493	0.0071157713601992635	0.8458791007069927	0.95818299	6936
"GO:0090075"	"relaxation of muscle"	-6.3585258894959	3.3378584290410944	0.005355904005463022	0.9388813060372123	0.8051675	6936
"GO:0006950"	"response to stress"	-107.63264407897398	6.428160883324095	6.596819705552286	0.9030667976015696	0.50448919	null
"GO:0006952"	"defense response"	-30.39902710431325	5.6598135537959715	1.1245700077941203	0.9088258283362266	0.66772524	null
"GO:0006954"	"inflammatory response"	-34.73518217699046	4.819649206293057	0.16248621457750065	0.9184444771540273	0.44970026	null
"GO:0006979"	"response to oxidative stress"	-48.23136189875238	5.493504057283511	0.7667902052527142	0.9115746502490306	0.36785954	null
"GO:0006984"	"ER-nucleus signaling pathway"	-8.669586226650809	3.922465945298413	0.020586756020998492	0.7939571628767228	0.39731636	null
"GO:0007154"	"cell communication"	-90.26600071346161	6.574350790896292	9.236864411598072	0.9932465961181944	0.02640162	null
"GO:0007159"	"leukocyte cell-cell adhesion"	-7.764471553092451	3.6567687792660166	0.011164696952564461	0.9955541877890968	0.01207641	null
"GO:0007166"	"cell surface receptor signaling pathway"	-77.59859945921846	5.8500516596084555	1.7427092633657988	0.7235849446848611	0.61586777	null
"GO:0007186"	"G protein-coupled receptor signaling pathway"	-23.31695296176115	5.774433748393295	1.464221945905271	0.7273911692858288	0.60127973	null
"GO:0007187"	"G protein-coupled receptor signaling pathway, coupled to cyclic nucleotide second messenger"	-38.455931955649724	4.273232834043045	0.046172519870625386	0.7821622211820484	0.31033698	null
"GO:0007188"	"adenylate cyclase-modulating G protein-coupled receptor signaling pathway"	-31.772113295386326	5.149249912590282	0.34707291723636735	0.751402073661657	0.62380413	null
"GO:0007193"	"adenylate cyclase-inhibiting G protein-coupled receptor signaling pathway"	-17.373659632624957	4.458063445325183	0.07066790436619891	0.7756061574025962	0.64435596	null
"GO:0007189"	"adenylate cyclase-activating G protein-coupled receptor signaling pathway"	-16.19586056766465	4.974050902792877	0.23185698594237647	0.7574833241444	0.84729698	7193
"GO:0071880"	"adenylate cyclase-activating adrenergic receptor signaling pathway"	-8.288192770958808	4.282712723035266	0.04719151998931182	0.7811523677418739	0.75685513	7193
"GO:0007198"	"adenylate cyclase-inhibiting serotonin receptor signaling pathway"	-6.024108863598207	3.4367985102318035	0.006726877595096709	0.8042535125301531	0.66941273	null
"GO:0007200"	"phospholipase C-activating G protein-coupled receptor signaling pathway"	-14.838631997765026	4.558828524817011	0.08912312873796441	0.7730242178694158	0.65614098	null
"GO:0007204"	"positive regulation of cytosolic calcium ion concentration"	-35.707743928643524	4.557483140603017	0.08884745720827146	0.8278401444911324	0.52588194	null
"GO:0007215"	"glutamate receptor signaling pathway"	-12.469800301796917	4.421899935843169	0.06502156071338082	0.7734431474935172	0.59298536	null
"GO:0007218"	"neuropeptide signaling pathway"	-5.667561540084395	4.794808595205845	0.15345304927416917	0.7648607658098329	0.68550221	null
"GO:0007259"	"cell surface receptor signaling pathway via JAK-STAT"	-5.2549252084179425	3.989138224215789	0.024003113906836116	0.7866899148028875	0.43200878	null
"GO:0007263"	"nitric oxide mediated signal transduction"	-7.557520230935552	3.180125875164054	0.003724027003798508	0.8107559298880644	0.57314442	null
"GO:0007267"	"cell-cell signaling"	-63.63264407897398	5.406652571520464	0.6278049885815375	0.8050070468681031	0.52901498	null
"GO:0007268"	"chemical synaptic transmission"	-48.1001794975729	5.28154694070609	0.47067221665655623	0.8028326905902707	0.51105621	null
"GO:0007197"	"adenylate cyclase-inhibiting G protein-coupled acetylcholine receptor signaling pathway"	-6.886056647693163	3.746478509930031	0.01372696536694268	0.7473626753426889	0.98054837	7268
"GO:0007213"	"G protein-coupled acetylcholine receptor signaling pathway"	-7.115771230367396	3.7965743332104296	0.01540560807453725	0.7465642558738042	0.98706564	7268
"GO:0007214"	"gamma-aminobutyric acid signaling pathway"	-17.661543506395397	4.090610707828406	0.030321406913280776	0.8359119776727665	0.74872564	7268
"GO:0007271"	"synaptic transmission, cholinergic"	-10.336299074610352	4.152624639447619	0.03497582532979299	0.8342065193984545	0.80101052	7268
"GO:0023061"	"signal release"	-5.129011186239425	4.726564216162244	0.13113842348670238	0.796886688823553	0.84012986	7268
"GO:0051932"	"synaptic transmission, GABAergic"	-6.568636235841013	3.86975959478241	0.01823370260683367	0.8405371632853388	0.76365721	7268
"GO:0060079"	"excitatory postsynaptic potential"	-14.709965388637482	4.602439832843189	0.09853780374756739	0.6829557759577073	0.86856662	7268
"GO:0095500"	"acetylcholine receptor signaling pathway"	-8.319664486585436	3.88280904139244	0.018789968372106947	0.7461997700870362	0.75758627	7268
"GO:0098916"	"anterograde trans-synaptic signaling"	-48.1001794975729	5.28154694070609	0.47067221665655623	0.8028375211200806	0.99321708	7268
"GO:0099536"	"synaptic signaling"	-50.13608262304214	5.3044258958093975	0.4961324515060551	0.8023897998267155	0.94494787	7268
"GO:0099537"	"trans-synaptic signaling"	-50.84466396253494	5.286281279455001	0.47583121242652426	0.8027063493172221	0.9862598	7268
"GO:0007565"	"female pregnancy"	-7.272458742971444	3.6909930320998696	0.012080320247616044	0.9397118820801251	0.47502453	null
"GO:0046697"	"decidualization"	-6.040958607678906	2.8715729355458786	0.0018287852371594788	0.9239359611604017	0.89317986	7565
"GO:0007584"	"response to nutrient"	-38.363512103646634	4.507734468072263	0.07923095125728616	0.8951939197903849	0.50820138	null
"GO:0009267"	"cellular response to starvation"	-14.183758700008218	5.042481004718527	0.2714256958650895	0.9044347371406027	0.91037892	7584
"GO:0031669"	"cellular response to nutrient levels"	-24.829738284605043	5.113354986024232	0.319540223208284	0.9108837677577507	0.82339174	7584
"GO:0042594"	"response to starvation"	-17.172630726946174	5.107647436650064	0.3153682299687344	0.9119067275542395	0.92225219	7584
"GO:0007610"	"behavior"	-39.97881070093006	4.6345377245814365	0.1060966186376303	0.9359544091562285	0.56603716	null
"GO:0007611"	"learning or memory"	-22.899629454882437	4.084325995016827	0.02988574744224817	0.927578329330112	0.60876794	null
"GO:0002209"	"behavioral defense response"	-5.185752404268079	3.1261314072619846	0.0032883675327659	0.8841455685268781	0.74208485	7611
"GO:0007612"	"learning"	-10.176525770829699	3.7014816356209272	0.012375682600858489	0.9310635244820342	0.9269792	7611
"GO:0007613"	"memory"	-12.962573502059376	3.830396176483469	0.016653514016986583	0.9299081634966221	0.94334523	7611
"GO:0007617"	"mating behavior"	-7.823908740944319	3.6960941599952233	0.012223078718349894	0.9337993830632437	0.79897832	7611
"GO:0007626"	"locomotory behavior"	-12.640164517660113	4.047780924741197	0.027473621557434862	0.9347425410198132	0.83864019	7611
"GO:0007631"	"feeding behavior"	-8.732828271596986	3.947531745695593	0.021810048434010958	0.9356062937900813	0.82693926	7611
"GO:0007632"	"visual behavior"	-6.97469413473523	3.340047317661393	0.00538297888784358	0.8758382632113187	0.76246559	7611
"GO:0008306"	"associative learning"	-8.628932137728263	3.468495024507069	0.007236377654439928	0.932966225641588	0.89879522	7611
"GO:0008542"	"visual learning"	-8.131943638176958	3.2038484637462346	0.003933242004011907	0.8721223187822086	0.91436264	7611
"GO:0019098"	"reproductive behavior"	-8.010550182333308	3.7810369386211318	0.014864110426926098	0.9334635371669577	0.80821067	7611
"GO:0030534"	"adult behavior"	-9.358525889495901	3.9639294220265584	0.022649369787808238	0.9354665691184503	0.8288308	7611
"GO:0042755"	"eating behavior"	-5.446116973356125	3.285557309007774	0.004747949828372321	0.940784473265071	0.7571691	7611
"GO:0045924"	"regulation of female receptivity"	-6.886056647693163	2.4409090820652177	0.0006768720595139389	0.8223540457712433	0.84280121	7611
"GO:0060180"	"female mating behavior"	-6.886056647693163	2.505149978319906	0.0007851715890361692	0.9425249990802295	0.8488254	7611
"GO:0007623"	"circadian rhythm"	-17.494850021680094	4.511495663673566	0.07992013008151853	0.9982237720087396	-0	null
"GO:0022602"	"ovulation cycle process"	-7.54515513999149	3.4784221877400805	0.007403749654610649	0.9907475499906246	0.78879762	7623
"GO:0032922"	"circadian regulation of gene expression"	-6.958607314841775	4.258637282724076	0.04464648104553941	0.8273534797666222	0.8842643	7623
"GO:0008150"	"biological_process"	-37.430626090384955	7.608826117220222	100	1	-0	null
"GO:0008152"	"metabolic process"	-46.77989191195994	7.372900851027942	58.08643542977757	1	-0	null
"GO:0008202"	"steroid metabolic process"	-53.35359627377693	5.230425928708833	0.41840538689736173	0.972934040027532	0.08436772	null
"GO:0008219"	"cell death"	-19.30891850787703	5.231841537884141	0.41977143778110804	0.9950069272984722	0.01707944	null
"GO:0008283"	"cell population proliferation"	-17.33161408331	4.601059963546283	0.09822521192371914	0.9955411720994979	0.01464911	null
"GO:0008284"	"positive regulation of cell population proliferation"	-77.27164621797877	4.967150002647506	0.22820187682100118	0.7321864225818076	0.51233615	null
"GO:0001936"	"regulation of endothelial cell proliferation"	-23.703334809738468	4.100405011565889	0.031013047090456835	0.8339497665222649	0.93213394	8284
"GO:0001937"	"negative regulation of endothelial cell proliferation"	-8.215382707367125	3.593728998707911	0.0096558875980843	0.807910575409776	0.91196205	8284
"GO:0001938"	"positive regulation of endothelial cell proliferation"	-17.815308569182402	3.932169245920792	0.021051951727355345	0.7665108133132336	0.90997516	8284
"GO:0008285"	"negative regulation of cell population proliferation"	-35.4907974776689	4.705906455700312	0.12504657495107693	0.778133680852913	0.86084593	8284
"GO:0030888"	"regulation of B cell proliferation"	-6.166852888087215	3.9392695863387313	0.021399002492415217	0.7188369913991772	0.89839487	8284
"GO:0032944"	"regulation of mononuclear cell proliferation"	-19.70996538863748	4.43448906315119	0.06693403195062565	0.8250742109368907	0.99580733	8284
"GO:0032946"	"positive regulation of mononuclear cell proliferation"	-17.300162274132756	4.225283430094444	0.041345806748055075	0.7565821320889942	0.99527928	8284
"GO:0042102"	"positive regulation of T cell proliferation"	-13.02502800570193	4.080482179068043	0.029622382677273656	0.6518225896034091	0.97834718	8284
"GO:0042104"	"positive regulation of activated T cell proliferation"	-6.6777807052660805	3.186391215695493	0.003778176768559623	0.6869747797880958	0.8115722	8284
"GO:0042129"	"regulation of T cell proliferation"	-12.59176003468815	4.292898175018025	0.04831143557868943	0.7050110883232563	0.97717656	8284
"GO:0046006"	"regulation of activated T cell proliferation"	-4.747146969020107	3.303412070596742	0.0049473194168109715	0.7390246837096272	0.82395218	8284
"GO:0048145"	"regulation of fibroblast proliferation"	-15.230622673923861	3.5286596452349897	0.008311988890831169	0.8472793531755312	0.71006713	8284
"GO:0048660"	"regulation of smooth muscle cell proliferation"	-31.07520400420209	3.659250468772661	0.011228692129100324	0.8446919777560571	0.72413889	8284
"GO:0050670"	"regulation of lymphocyte proliferation"	-19.39577394691553	4.432151213896942	0.06657467442084734	0.7001878614196618	0.9660363	8284
"GO:0050671"	"positive regulation of lymphocyte proliferation"	-17.494850021680094	4.22318432089504	0.041146437159616425	0.6556700414297582	0.96679515	8284
"GO:0050678"	"regulation of epithelial cell proliferation"	-32.02319166266194	4.386641626135628	0.059951173649385486	0.828478164426634	0.81397497	8284
"GO:0050679"	"positive regulation of epithelial cell proliferation"	-25.195179321278836	4.207849711130526	0.039718852452277936	0.7579938535753957	0.78988972	8284
"GO:0050680"	"negative regulation of epithelial cell proliferation"	-11.512861624522813	3.8578750255235623	0.017741432018096262	0.8014304555369139	0.90052125	8284
"GO:0070663"	"regulation of leukocyte proliferation"	-22.2335871528876	4.444466388020193	0.06848960701103586	0.8270399986428689	0.82208197	8284
"GO:0070664"	"negative regulation of leukocyte proliferation"	-5.384049948343599	4.093736784562339	0.03054046732526892	0.7941208505366221	0.91855201	8284
"GO:0070665"	"positive regulation of leukocyte proliferation"	-19.67366413907125	4.238773501720696	0.04265032380820921	0.7563061958205394	0.79395307	8284
"GO:0072091"	"regulation of stem cell proliferation"	-6.007004901568658	3.5938396610812715	0.009658348951027986	0.8459989567667513	0.71702168	8284
"GO:1905562"	"regulation of vascular endothelial cell proliferation"	-7.339134521996131	3.1878026387184195	0.0037904835332780583	0.8522453327235192	0.82335553	8284
"GO:1905564"	"positive regulation of vascular endothelial cell proliferation"	-5.375717904164332	3.104145550554008	0.0031259182384825546	0.7892670307563902	0.81463701	8284
"GO:0009056"	"catabolic process"	-17.970616222314792	6.565667808795279	9.05402280817628	0.9884595982228547	0.10558269	null
"GO:0009058"	"biosynthetic process"	-19.51999305704285	7.06378821024573	28.507692540195496	0.986157681848635	0.20885996	null
"GO:0009112"	"nucleobase metabolic process"	-4.97469413473523	5.385488301050675	0.5979438546687262	0.9651770298701745	0.69087025	null
"GO:0009187"	"cyclic nucleotide metabolic process"	-5.97469413473523	4.815438273573759	0.160918332752372	0.960305758024943	0.59572953	null
"GO:0009214"	"cyclic nucleotide catabolic process"	-5.838631997765025	3.9348013417465366	0.021179942080427068	0.9608115944703813	0.36840515	null
"GO:0009308"	"amine metabolic process"	-6.481486060122113	5.439788858197747	0.6775809291617207	0.9915014524067187	0.05502432	null
"GO:0009409"	"response to cold"	-9.616184634019568	4.38751440114948	0.06007177994362616	0.9137261512585051	0.64281611	null
"GO:0009408"	"response to heat"	-9.010995384301463	5.132054664397105	0.3335994712226244	0.9030033047792146	0.8403733	9409
"GO:0009410"	"response to xenobiotic stimulus"	-118.99567862621736	4.82675488069819	0.16516662793317585	0.8941913213690866	0.54179378	null
"GO:0009605"	"response to external stimulus"	-95.8632794328436	5.806780784629541	1.5774441813148754	0.9147938627922175	0.40423315	null
"GO:0009607"	"response to biotic stimulus"	-42.56066730616974	5.596143873584628	0.9712178739906423	0.9181348961308162	0.37903385	null
"GO:0009611"	"response to wounding"	-28.518557371497696	4.806064599188238	0.15748228404298487	0.9213442807699682	0.44845809	null
"GO:0009612"	"response to mechanical stimulus"	-32.752026733638196	4.2433357485598755	0.04310075139690395	0.9141975113591239	0.65798183	null
"GO:0009628"	"response to abiotic stimulus"	-92.50723961097316	5.578317093840565	0.9321586641272724	0.9184053344029615	0.3770446	null
"GO:0009635"	"response to herbicide"	-5.576754126063192	3.1319392952104246	0.003332671885752267	0.9107918910456828	0.40985639	null
"GO:0009651"	"response to salt stress"	-6.029188389127482	4.4589247662340945	0.07080820148398907	0.9129394057266456	0.65023548	null
"GO:0009712"	"catechol-containing compound metabolic process"	-13.304518323509802	4.465427468452574	0.07187642866154925	0.9750836853279656	0.68739384	null
"GO:0006584"	"catecholamine metabolic process"	-13.304518323509802	4.086644520610805	0.030045735383587825	0.9761664251530293	0.82988619	9712
"GO:0019336"	"phenol-containing compound catabolic process"	-6.120904120499927	4.2422680448276875	0.0429949132203254	0.9698165330025071	0.84972624	9712
"GO:0019614"	"catechol-containing compound catabolic process"	-5.176525770829699	3.9967742708613048	0.02442892796609398	0.9705440482632183	0.88057652	9712
"GO:0042403"	"thyroid hormone metabolic process"	-5.728158393463501	3.788097633380297	0.015107784368351116	0.8120656691648781	0.79430584	9712
"GO:0042417"	"dopamine metabolic process"	-11.226945306635738	3.7964355588101744	0.015400685368649875	0.9770462245002759	0.85652145	9712
"GO:0042424"	"catecholamine catabolic process"	-5.176525770829699	3.6225248624035684	0.010317991539936117	0.9719929804323045	0.90299267	9712
"GO:0046189"	"phenol-containing compound biosynthetic process"	-5.52432881167557	4.458365857761262	0.07071713142507265	0.9722390936184316	0.87890252	9712
"GO:0009719"	"response to endogenous stimulus"	-124.49079747766889	5.524614188342792	0.8237336056049143	0.9192090338511484	0.37117626	null
"GO:0009725"	"response to hormone"	-88.1012748184105	5.403883727818924	0.6238151354598208	0.8710896354252723	0.61538007	null
"GO:0007179"	"transforming growth factor beta receptor signaling pathway"	-6.826813731587726	4.318084214003265	0.05119614122869066	0.7602566136774506	0.99361965	9725
"GO:0009755"	"hormone-mediated signaling pathway"	-15.91721462968355	5.13002160770718	0.3320414348092705	0.7095885583924677	0.88264491	9725
"GO:0032870"	"cellular response to hormone stimulus"	-43.80134291304558	5.304944834393971	0.4967256375654837	0.8603050733290939	0.91688797	9725
"GO:0070848"	"response to growth factor"	-29.291579099865288	4.9209108146244525	0.20515376785631567	0.9097748897614444	0.84492216	9725
"GO:0071363"	"cellular response to growth factor stimulus"	-27.258848401148214	4.917090447138433	0.2033569802074241	0.9079728752502927	0.84426294	9725
"GO:0071495"	"cellular response to endogenous stimulus"	-84.80134291304557	5.451290473578162	0.6957654047096807	0.9013354851340034	0.94764641	9725
"GO:0071559"	"response to transforming growth factor beta"	-8.97061622231479	4.350984143686028	0.05522537599750635	0.9158980657462752	0.9017094	9725
"GO:0071560"	"cellular response to transforming growth factor beta stimulus"	-8.1890957193313	4.345667735635353	0.054553426643879785	0.915506914876175	0.90090434	9725
"GO:0009812"	"flavonoid metabolic process"	-12.920818753952375	3.7562556487542333	0.014039557190790938	0.9938397620871604	0.03747176	null
"GO:0009820"	"alkaloid metabolic process"	-6.024108863598207	3.8721562727482928	0.01833461807752484	0.9937221650023691	0.03831324	null
"GO:0009894"	"regulation of catabolic process"	-29.247183568811728	5.522579847844276	0.8198840496009876	0.8001891855134836	0.31710889	null
"GO:0009987"	"cellular process"	-64.4948500216801	7.481258236372406	74.54733381080298	1	-0	null
"GO:0010001"	"glial cell differentiation"	-6.323306390375134	4.278845021747168	0.04677308998888502	0.9120378973914192	0.56582116	null
"GO:0048708"	"astrocyte differentiation"	-5.121478204498794	3.399327532158679	0.006170611829823436	0.9212911000981229	0.8595589	10001
"GO:0060020"	"Bergmann glial cell differentiation"	-6.024108863598207	2.629409599102719	0.0010460750010669966	0.9282744786878866	0.77983771	10001
"GO:0010038"	"response to metal ion"	-44.34103515733557	5.011895936734436	0.25296801014038034	0.8910015627450767	0.56340637	null
"GO:0010042"	"response to manganese ion"	-5.42021640338319	2.787460474518415	0.001506348001536475	0.9171777521579303	0.66197993	null
"GO:0010248"	"establishment or maintenance of transmembrane electrochemical gradient"	-9.277366077466187	3.9674543681827408	0.022833971258584766	0.9720447143564215	0.49674625	null
"GO:0010332"	"response to gamma radiation"	-8.306273051076353	3.387389826338729	0.006003239829652717	0.9290007179663302	0.55423581	null
"GO:0010469"	"regulation of signaling receptor activity"	-14.067019178076801	4.335176972770027	0.05325137093666934	0.7560441543759822	0.67350407	null
"GO:0010499"	"proteasomal ubiquitin-independent protein catabolic process"	-14.991399828238082	3.727703883685354	0.013146086072232539	0.9822387526565439	0.22108258	null
"GO:0010522"	"regulation of calcium ion transport into cytosol"	-13.621602099051863	2.60959440922522	0.0009993092951369425	0.7949694553128236	0.56595005	null
"GO:0010524"	"positive regulation of calcium ion transport into cytosol"	-9.21824462534753	2.385606273598312	0.0005956474123722663	0.7457984942180328	0.63980861	null
"GO:0051281"	"positive regulation of release of sequestered calcium ion into cytosol"	-6.632644078973981	3.3085644135612386	0.005006391887459461	0.7392394063136404	0.82936606	10524
"GO:0090280"	"positive regulation of calcium ion import"	-7.115771230367396	3.128722284338427	0.0033080583563153956	0.7530613876274705	0.75036102	10524
"GO:0010543"	"regulation of platelet activation"	-6.79317412396815	3.5757649805367193	0.009264532480038059	0.7729241938057091	0.6353163	null
"GO:0010565"	"regulation of cellular ketone metabolic process"	-40.4672456210075	4.4752497618479286	0.0735206124279322	0.8064196009753062	0.25992912	null
"GO:0006140"	"regulation of nucleotide metabolic process"	-4.87942606879415	4.04688519083771	0.027417010439730057	0.8001244127507663	0.82348058	10565
"GO:0006521"	"regulation of cellular amino acid metabolic process"	-22.68402965454308	4.036149629745853	0.02674752243904718	0.8151231354891068	0.82216222	10565
"GO:0010907"	"positive regulation of glucose metabolic process"	-9.903089986991944	3.2681097298084785	0.004560887004652105	0.7730204667628583	0.73766029	10565
"GO:0030656"	"regulation of vitamin metabolic process"	-6.120904120499927	3.291812687467119	0.004816867710795558	0.8402260018892838	0.74000821	10565
"GO:0030810"	"positive regulation of nucleotide biosynthetic process"	-9.616184634019568	2.9143431571194407	0.0020183094138233816	0.7642453390460261	0.94216335	10565
"GO:0030813"	"positive regulation of nucleotide catabolic process"	-6.357535479757878	2.792391689498254	0.0015235774721422844	0.7642479098165954	0.93006858	10565
"GO:0031998"	"regulation of fatty acid beta-oxidation"	-5.375717904164332	3.1136091510730277	0.003194836120905792	0.8219087324352197	0.92296023	10565
"GO:0042053"	"regulation of dopamine metabolic process"	-5.42021640338319	2.6334684555795866	0.0010559204128417446	0.8648482589596516	0.83107235	10565
"GO:0042069"	"regulation of catecholamine metabolic process"	-5.42021640338319	2.6464037262230695	0.0010879180011096764	0.8646464220890253	0.83233462	10565
"GO:0045722"	"positive regulation of gluconeogenesis"	-5.121478204498794	2.8260748027008264	0.0016466451193266366	0.77640432035115	0.90497534	10565
"GO:0045725"	"positive regulation of glycogen biosynthetic process"	-5.051587034221399	2.950364854376123	0.002193065472825162	0.7729141173702186	0.91942227	10565
"GO:0045821"	"positive regulation of glycolytic process"	-6.6777807052660805	2.791690649020118	0.0015211161191985973	0.760807701879978	0.93017919	10565
"GO:0045981"	"positive regulation of nucleotide metabolic process"	-9.55129368009492	3.184975190698261	0.003765870003841187	0.7583807081290322	0.83504334	10565
"GO:0046321"	"positive regulation of fatty acid oxidation"	-5.838631997765025	2.7041505168397992	0.0012429832365619606	0.7745525705511561	0.79156846	10565
"GO:0062013"	"positive regulation of small molecule metabolic process"	-30.860120913598763	3.9484618700612835	0.02185681413994101	0.7599423177745611	0.81154979	10565
"GO:0062014"	"negative regulation of small molecule metabolic process"	-11.75448733218585	4.342047446258668	0.05410053770224137	0.7765239146927585	0.86145893	10565
"GO:0070875"	"positive regulation of glycogen metabolic process"	-5.375717904164332	3.030194785356751	0.002636109002688831	0.7717942730951926	0.9397618	10565
"GO:1900373"	"positive regulation of purine nucleotide biosynthetic process"	-9.616184634019568	2.9132839017604186	0.0020133867079360074	0.7642227205225854	0.80991559	10565
"GO:1900542"	"regulation of purine nucleotide metabolic process"	-5.206209615309182	4.045088161542816	0.027303788204320455	0.7984865507539172	0.98842218	10565
"GO:1900544"	"positive regulation of purine nucleotide metabolic process"	-9.55129368009492	3.184123354239671	0.003758485945010126	0.7574877006491257	0.97016851	10565
"GO:1902930"	"regulation of alcohol biosynthetic process"	-15.777283528852417	3.6114046377115936	0.01005708812790529	0.8321839868422025	0.7731848	10565
"GO:1902932"	"positive regulation of alcohol biosynthetic process"	-7.339134521996131	2.9508514588885464	0.0021955268257688493	0.7824964888782958	0.81330049	10565
"GO:1903578"	"regulation of ATP metabolic process"	-5.076755981369724	3.9672202597829673	0.02282166449386633	0.8005909180104747	0.88298963	10565
"GO:1903580"	"positive regulation of ATP metabolic process"	-8.801342913045577	2.942008053022313	0.0021512224727824824	0.7642174240955876	0.9731239	10565
"GO:2001171"	"positive regulation of ATP biosynthetic process"	-8.939302159646388	2.3242824552976926	0.0005168841181742806	0.7790467670241303	0.94061268	10565
"GO:0010608"	"post-transcriptional regulation of gene expression"	-7.7544873321858505	5.821740114671324	1.6327261684300864	0.7790580099329495	0.41033874	null
"GO:0010611"	"regulation of cardiac muscle hypertrophy"	-14.397940008672037	3.111598524880394	0.0031800680032436695	0.7472811271096234	0.59262428	null
"GO:0010613"	"positive regulation of cardiac muscle hypertrophy"	-10.075720713938118	2.816241299991783	0.0016097248251713309	0.7152147876996591	0.95845721	10611
"GO:0010614"	"negative regulation of cardiac muscle hypertrophy"	-4.943095148663527	2.795184589682424	0.0015334228839170327	0.7316264621074448	0.95628649	10611
"GO:0014741"	"negative regulation of muscle hypertrophy"	-5.283162276700476	2.8169038393756605	0.0016121861781150182	0.7631113385173085	0.95852567	10611
"GO:0014742"	"positive regulation of muscle hypertrophy"	-10.075720713938118	2.850033257689769	0.001740176531186745	0.7420776241687641	0.96196115	10611
"GO:0010623"	"programmed cell death involved in cell development"	-5.176525770829699	3.2753113545418118	0.004637188945906403	0.9547960757234061	0.64964108	null
"GO:0010628"	"positive regulation of gene expression"	-27.671620396561263	5.294221453198817	0.484610858376656	0.7121217548669703	0.59096676	null
"GO:0010631"	"epithelial cell migration"	-6.8297382846050425	3.344981413927258	0.005444512711435756	0.9374354212128286	0.62596839	null
"GO:0010644"	"cell communication by electrical coupling"	-5.701146923590294	3.3498600821923312	0.005506046535027932	0.9700889822520677	0.20041725	null
"GO:0010646"	"regulation of cell communication"	-97.40560744962457	5.899918945937375	1.9547548194644382	0.8025516957519212	0.24696378	null
"GO:0010660"	"regulation of muscle cell apoptotic process"	-10.645891560852599	3.358315640082196	0.005614346064550162	0.8495827190537958	0.69606477	null
"GO:0010712"	"regulation of collagen metabolic process"	-5.443697499232713	2.993876914941211	0.002424432649531745	0.861730940008552	0.14029502	null
"GO:0010743"	"regulation of macrophage derived foam cell differentiation"	-12.204815410317575	2.926856708949692	0.002077381884471871	0.8257093979672585	0.51282562	null
"GO:0010749"	"regulation of nitric oxide mediated signal transduction"	-5.987162775294828	2.484299839346786	0.0007482512948808633	0.8293574363709174	0.45513563	null
"GO:0010799"	"regulation of peptidyl-threonine phosphorylation"	-4.735182176990463	3.1024337056813365	0.003113611473764119	0.8297490348749902	0.65352961	null
"GO:0010800"	"positive regulation of peptidyl-threonine phosphorylation"	-6.686132779630847	2.8987251815894934	0.0019469301784564572	0.7746303796823735	0.63459023	null
"GO:0010817"	"regulation of hormone levels"	-81.73048705578208	5.059059541001648	0.28198736134645064	0.8140325210592038	0.19592262	null
"GO:0010821"	"regulation of mitochondrion organization"	-9.356547323513812	4.2613580461941245	0.04492707528111973	0.8374500781749541	0.62961639	null
"GO:0010827"	"regulation of D-glucose transmembrane transport"	-12.46470587995723	3.6885977750811696	0.012013863718136494	0.7959144429985267	0.66657482	null
"GO:0010828"	"positive regulation of D-glucose transmembrane transport"	-8.39469495385889	3.523876475638131	0.00822091883191475	0.7361268744813066	0.67066905	null
"GO:0046324"	"regulation of D-glucose import"	-6.903089986991944	3.469232742506612	0.007248684419158364	0.8008674438918388	0.95317493	10828
"GO:0046326"	"positive regulation of D-glucose import"	-5.958607314841775	3.2422929049829308	0.00429752223967759	0.7448643819128923	0.92756994	10828
"GO:0010883"	"regulation of lipid storage"	-8.978810700930062	3.95288926491093	0.02208079725781653	0.8017285552114326	0.69690197	null
"GO:0010885"	"regulation of cholesterol storage"	-7.30715308072277	3.5234863323432277	0.008213534773083689	0.8120366940560778	0.64893095	null
"GO:0014061"	"regulation of norepinephrine secretion"	-6.568636235841013	2.278753600952829	0.0004651957063568525	0.8262794517350134	0.68784968	null
"GO:0014062"	"regulation of serotonin secretion"	-5.176525770829699	2.509202522331103	0.0007925556478672304	0.8186286060487006	0.5580968	null
"GO:0014070"	"response to organic cyclic compound"	-117.88272870434423	4.89256205278148	0.19218982190191597	0.8930795779101668	0.54928328	null
"GO:0014075"	"response to amine"	-11.518557371497694	2.9380190974762104	0.002131531649232986	0.9089514637404685	0.51194205	null
"GO:0014823"	"response to activity"	-18.621602099051863	3.28668096935493	0.004760256593090756	0.942576868351313	0.2251388	null
"GO:0014850"	"response to muscle activity"	-7.406713932979542	3.0751818546186915	0.002924087297100216	0.9440960078417874	0.21706315	null
"GO:0015698"	"inorganic anion transport"	-9.769551078621726	5.557585391933979	0.8887059392594212	0.9748531721782031	0.35534259	null
"GO:0015711"	"organic anion transport"	-33.63078414258986	5.735843121663261	1.3397267140135802	0.9738677701958968	0.37525419	null
"GO:0015721"	"bile acid and bile salt transport"	-12.991399828238082	3.7729814503449637	0.014590900250176835	0.9691447675005223	0.68413531	null
"GO:0015844"	"monoamine transport"	-10.97469413473523	3.8949249773595436	0.01932162060794335	0.9782343179011249	0.23769756	null
"GO:0015849"	"organic acid transport"	-24.46470587995723	5.657785122793393	1.1193297873770105	0.9743090047545047	0.36626697	null
"GO:0015850"	"organic hydroxy compound transport"	-23.79317412396815	4.949960558155334	0.2193459289296152	0.9777012923182825	0.30091563	null
"GO:0016032"	"viral process"	-7.371611069949688	4.69107264693143	0.1208475068291468	1	-0	null
"GO:0016055"	"Wnt signaling pathway"	-7.991399828238082	4.89116935003362	0.19157448366599422	0.7570392240214537	0.64490958	null
"GO:0016098"	"monoterpenoid metabolic process"	-5.16304326294045	2.0791812460476247	0.00029290100029875904	0.9765740754437222	0.5528391	null
"GO:0016192"	"vesicle-mediated transport"	-6.151810883008602	6.022337625916402	2.591260690701909	0.9669770512667929	0.41239391	null
"GO:0016202"	"regulation of striated muscle tissue development"	-11.98296666070122	3.569724949226159	0.009136542126966333	0.8220352849665514	0.56398014	null
"GO:0045843"	"negative regulation of striated muscle tissue development"	-5.549750891680639	2.574031267727719	0.000920546000938957	0.7602656354840367	0.88829811	16202
"GO:0045844"	"positive regulation of striated muscle tissue development"	-7.97469413473523	3.482158695411276	0.007467744831146512	0.712706765981002	0.98719451	16202
"GO:0048635"	"negative regulation of muscle organ development"	-5.3788237182249645	2.6444385894678386	0.0010829952952223023	0.7591428994109957	0.89130987	16202
"GO:0048636"	"positive regulation of muscle organ development"	-7.97469413473523	3.4874212113594742	0.007558814890062933	0.7133344193231186	0.98347176	16202
"GO:0055024"	"regulation of cardiac muscle tissue development"	-11.628932137728263	2.2227164711475833	0.0004085845886520504	0.8477171659454226	0.8550608	16202
"GO:0055025"	"positive regulation of cardiac muscle tissue development"	-7.304518323509803	1.7993405494535817	0.00015260388250859714	0.7604601486517241	0.81795281	16202
"GO:1901862"	"negative regulation of muscle tissue development"	-5.876148359032914	2.606381365110605	0.0009919252363058814	0.8093430320007526	0.89148415	16202
"GO:1901863"	"positive regulation of muscle tissue development"	-8.490797477668897	3.4823017672234426	0.007470206184090199	0.761071039460374	0.98721181	16202
"GO:0016477"	"cell migration"	-20.08460016478773	5.292579456000397	0.48278207313949656	0.9883297083008277	0.0173567	null
"GO:0001667"	"ameboidal-type cell migration"	-8.528708288941061	4.480466878908958	0.07440916084060323	0.9890981473364338	0.7565361	16477
"GO:0030595"	"leukocyte chemotaxis"	-11.835647144215564	4.0851478121269045	0.029942358559952968	0.8603390663653405	0.70532186	16477
"GO:0050900"	"leukocyte migration"	-15.350665141287857	4.323396497131876	0.05182624758227454	0.9616712120885789	0.73532215	16477
"GO:0071621"	"granulocyte chemotaxis"	-5.448550002027125	3.9342964068194055	0.0211553285509902	0.8631261828500184	0.91236824	16477
"GO:0097529"	"myeloid leukocyte migration"	-7.87942606879415	4.067033639842262	0.028719066146940506	0.9621724853358544	0.92951021	16477
"GO:0097530"	"granulocyte migration"	-4.7423214251308154	3.995766779049974	0.024372316848389173	0.9624650860821827	0.97172512	16477
"GO:0016485"	"protein processing"	-5.280668713016273	5.300927924466898	0.49215244379611317	0.9737796662993854	0.38954765	null
"GO:0016579"	"protein deubiquitination"	-13.47755576649368	5.122877468323503	0.32662399698021527	0.9836010573656735	0.50765966	null
"GO:0070646"	"protein modification by small protein removal"	-12.202732459169283	5.201091098399462	0.39107698516360445	0.9833390977865557	0.70019914	16579
"GO:0016999"	"antibiotic metabolic process"	-14.242603971206975	4.860840897869223	0.1786523807116372	0.9924909310296338	0.04739068	null
"GO:0017001"	"antibiotic catabolic process"	-8.978810700930062	4.355930187078868	0.05585794370403393	0.9860261094628276	0.40121353	null
"GO:0017014"	"protein nitrosylation"	-5.16304326294045	2.403120521175818	0.0006202609418091367	0.9896215163371807	0.29935802	null
"GO:0017085"	"response to insecticide"	-7.084072788302884	2.482873583608754	0.0007457899419371763	0.9217899796605388	0.25665482	null
"GO:0018105"	"peptidyl-serine phosphorylation"	-11.844663962534938	5.236466720693501	0.42426586825628054	0.9688970048251421	0.59437106	null
"GO:0018108"	"peptidyl-tyrosine phosphorylation"	-19.630784142589857	3.9444826721501687	0.02165744455150236	0.9749677074892423	0.44726651	null
"GO:0038083"	"peptidyl-tyrosine autophosphorylation"	-6.568636235841013	3.04688519083771	0.0027394858263236873	0.9780746601203957	0.84060866	18108
"GO:0018119"	"peptidyl-cysteine S-nitrosylation"	-5.16304326294045	2.3710678622717363	0.0005759565888227698	0.9889135034931441	0.2979124	null
"GO:0018193"	"peptidyl-amino acid modification"	-11.712198270069774	5.977677887673994	2.338036699855386	0.980473353118333	0.6496435	null
"GO:0018209"	"peptidyl-serine modification"	-10.772113295386326	5.2436307662151025	0.4313225671458314	0.9824607398739473	0.67250311	null
"GO:0018212"	"peptidyl-tyrosine modification"	-19.630784142589857	4.14992695911359	0.03475922627074853	0.9856559617517952	0.40652725	null
"GO:0019216"	"regulation of lipid metabolic process"	-46.45842075605342	4.630366845751405	0.10508254122483125	0.8256050070824638	0.27209605	null
"GO:0019221"	"cytokine-mediated signaling pathway"	-67.4001169279263	4.96721557632752	0.22823633576221283	0.723153649438988	0.55803424	null
"GO:0007167"	"enzyme-linked receptor protein signaling pathway"	-21.804100347590765	5.316071039749486	0.5096157429315727	0.7399323185937268	0.70044358	19221
"GO:0007169"	"cell surface receptor protein tyrosine kinase signaling pathway"	-16.507239610973162	5.168016959978657	0.36239976201670654	0.7446611292730931	0.73015715	19221
"GO:0007173"	"epidermal growth factor receptor signaling pathway"	-4.73754891026957	4.0180344027045285	0.025654681732050127	0.7843377399561539	0.75636837	19221
"GO:0007178"	"cell surface receptor protein serine/threonine kinase signaling pathway"	-6.333482019445119	4.655464993695882	0.11133437770179636	0.7641485940843108	0.84575291	19221
"GO:0033209"	"tumor necrosis factor-mediated signaling pathway"	-24.056505484093897	4.119816545937216	0.03243078638602058	0.7547934932269258	0.83586127	19221
"GO:0034097"	"response to cytokine"	-30.590066876668704	5.073168262265102	0.29129865953241874	0.885994399841393	0.97649614	19221
"GO:0034612"	"response to tumor necrosis factor"	-13.872895201635192	4.30306639792351	0.04945596469750391	0.898717600627478	0.85021241	19221
"GO:0038127"	"ERBB signaling pathway"	-6.030584087646019	4.099542528695332	0.030951513266864662	0.7819323707552283	0.76673042	19221
"GO:0048010"	"vascular endothelial growth factor receptor signaling pathway"	-8.443697499232712	3.844228581301628	0.017192550311654047	0.78929114208664	0.73518114	19221
"GO:0060395"	"SMAD protein signal transduction"	-5.377785977033705	3.9721102284028307	0.02308010655295347	0.7820406082756685	0.75065242	19221
"GO:0070102"	"interleukin-6-mediated signaling pathway"	-6.835647144215563	3.0236639181977933	0.0025967273555898385	0.7866602733263562	0.70904185	19221
"GO:0070498"	"interleukin-1-mediated signaling pathway"	-22.406713932979542	3.2518814545525276	0.0043935150044813855	0.780766881659858	0.73217938	19221
"GO:0070555"	"response to interleukin-1"	-9.34008379993015	3.765221366304981	0.014332458191089695	0.9060248765953854	0.77969479	19221
"GO:0071345"	"cellular response to cytokine stimulus"	-21.55129368009492	5.039711479325997	0.2697002874515649	0.8866129910280783	0.99036406	19221
"GO:0071356"	"cellular response to tumor necrosis factor"	-11.358525889495901	4.281374302355047	0.04704630016563428	0.8987680309092334	0.96945299	19221
"GO:0019222"	"regulation of metabolic process"	-52.688246138944244	6.806314448734751	15.757534779778567	0.7706979599785352	0.57915128	null
"GO:0019226"	"transmission of nerve impulse"	-7.557520230935552	4.182414652434554	0.037459330449973224	0.9012909488879209	0.61833952	null
"GO:0019233"	"sensory perception of pain"	-16.24033215531037	3.619823500457278	0.010253996363400252	0.9375725207538936	0.4693317	null
"GO:0019369"	"arachidonate metabolic process"	-12.204815410317575	4.277861238225117	0.04666725181230648	0.9512737813156614	0.546046	null
"GO:0006691"	"leukotriene metabolic process"	-5.863279432843593	3.771440486639912	0.014539211838359408	0.96738199499167	0.84822666	19369
"GO:0006692"	"prostanoid metabolic process"	-5.85078088734462	4.018783688874697	0.025698986085036495	0.9544723554255704	0.87854424	19369
"GO:0006693"	"prostaglandin metabolic process"	-5.85078088734462	4.017325554561722	0.02561283873200745	0.9544826173978811	0.87835917	19369
"GO:0019372"	"lipoxygenase pathway"	-6.121478204498794	3.814713612695977	0.01606278931050169	0.9558640327837479	0.85337901	19369
"GO:0019373"	"epoxygenase P450 pathway"	-11.71669877129645	3.5090680450171616	0.007945247302221799	0.9565597484183244	0.81827018	19369
"GO:0042448"	"progesterone metabolic process"	-5.3448615651886175	3.6426623314420357	0.010807800775729839	0.8060040711581464	0.80427678	19369
"GO:0042759"	"long-chain fatty acid biosynthetic process"	-9.67366413907125	4.134017645675983	0.03350885897535551	0.9536106034745342	0.79232883	19369
"GO:0046456"	"icosanoid biosynthetic process"	-5.443697499232713	4.015946243657567	0.02553161408486578	0.9635544845198919	0.87818418	19369
"GO:0019538"	"protein metabolic process"	-12.557520230935552	6.885479051662408	18.90831760569825	0.9807909023714211	0.29602178	null
"GO:0019748"	"secondary metabolic process"	-10.326058001365912	5.412868609276585	0.6368553833554749	0.991553546700536	0.05461526	null
"GO:0019882"	"antigen processing and presentation"	-15.98296666070122	4.228785200980649	0.041680550748396515	0.9698230310051329	0.63962476	null
"GO:0019933"	"cAMP-mediated signaling"	-19.84163750790475	3.9228810912082936	0.020606446844547988	0.7919736526052117	0.63830098	null
"GO:0019934"	"cGMP-mediated signaling"	-7.823908740944319	3.9460590603851236	0.021736207845700344	0.7913264812459146	0.64057296	null
"GO:0021700"	"developmental maturation"	-6.486782399932061	4.548917376094036	0.0871122033829721	0.9639858831717393	0.59943893	null
"GO:0021766"	"hippocampus development"	-7	3.4258601450778405	0.00655950559492599	0.9228829575909124	0.48067069	null
"GO:0021987"	"cerebral cortex development"	-4.847711655616943	3.819807064590756	0.016252313487165593	0.91885184777765	0.92499069	21766
"GO:0030900"	"forebrain development"	-5.913640169325252	4.3483243377003875	0.05488817064422123	0.9129561247600224	0.74857378	21766
"GO:0022407"	"regulation of cell-cell adhesion"	-33.51144928349956	4.600046720062274	0.09799630609995623	0.8237926383927203	0.17605926	null
"GO:0001952"	"regulation of cell-matrix adhesion"	-6.847711655616943	3.8943714538562375	0.019297007078506477	0.8402944659844019	0.81426471	22407
"GO:0007162"	"negative regulation of cell adhesion"	-13.723538195826755	4.46898205896257	0.07246715336803414	0.7862098788364423	0.8903657	22407
"GO:0010810"	"regulation of cell-substrate adhesion"	-10.129596094720974	4.2596655387296725	0.044752319222117955	0.8322520985140947	0.8610519	22407
"GO:0010811"	"positive regulation of cell-substrate adhesion"	-5.450996737974212	4.037585842826617	0.026836131145019912	0.7651639726945454	0.91896295	22407
"GO:0022408"	"negative regulation of cell-cell adhesion"	-11.30803489723264	4.301225384221708	0.04924674969729051	0.7897190810025767	0.90957427	22407
"GO:0022409"	"positive regulation of cell-cell adhesion"	-28.866461091629784	4.383617914519015	0.05953520500190238	0.7534859052551411	0.93109081	22407
"GO:0033628"	"regulation of cell adhesion mediated by integrin"	-6.2441251443275085	3.6952189189051508	0.012198465188913023	0.8445969998309645	0.79083539	22407
"GO:0034114"	"regulation of heterotypic cell-cell adhesion"	-13.450996737974211	2.9894498176666917	0.0023998191200948742	0.8563913818932523	0.71763335	22407
"GO:0045785"	"positive regulation of cell adhesion"	-32.71444269099223	4.56748513419138	0.09091745503391227	0.7486458807166787	0.90486228	22407
"GO:0050870"	"positive regulation of T cell activation"	-22.630784142589857	4.292344693840592	0.04824990175509725	0.6537977300645477	0.97407053	22407
"GO:1903037"	"regulation of leukocyte cell-cell adhesion"	-26.1518108830086	4.47745408625333	0.07389473807537263	0.8254411600617866	0.94573697	22407
"GO:1903038"	"negative regulation of leukocyte cell-cell adhesion"	-5.5718652059712115	4.214207829654449	0.040304654452875455	0.7917728405463389	0.93627524	22407
"GO:1903039"	"positive regulation of leukocyte cell-cell adhesion"	-27.459670525209127	4.30713219065578	0.049921160403860756	0.755445642954028	0.86752894	22407
"GO:1904994"	"regulation of leukocyte adhesion to vascular endothelial cell"	-6.393618634889395	2.9745116927373285	0.0023185944729532016	0.8562565919106957	0.71622939	22407
"GO:1904996"	"positive regulation of leukocyte adhesion to vascular endothelial cell"	-6.040958607678906	2.835056101720116	0.0016811040605382557	0.796375222233637	0.70338026	22407
"GO:0022414"	"reproductive process"	-18.593459819566046	5.62658773183261	1.0417430198861073	1	-0	null
"GO:0022600"	"digestive system process"	-11.645891560852599	3.9660947794461707	0.022762592023217842	0.934299058497636	0.59761724	null
"GO:0050892"	"intestinal absorption"	-7.649751981665837	3.564192460626198	0.00902085853861304	0.9376014112132702	0.91451338	22600
"GO:0098856"	"intestinal lipid absorption"	-4.838631997765025	3.4316853446860116	0.006648114300898724	0.9386281393607816	0.89901249	22600
"GO:0023051"	"regulation of signaling"	-101.48811663902113	5.9013275229365645	1.9611051100591508	0.8110849095007554	0.2470716	null
"GO:0023052"	"signaling"	-81.67366413907125	6.571894386105714	9.184767415191992	0.7828537885723318	0.35535048	null
"GO:0023056"	"positive regulation of signaling"	-92.6345120151091	5.416911648736081	0.6428118574791976	0.7119567410993125	0.60798866	null
"GO:0009966"	"regulation of signal transduction"	-74.3269790928711	5.841146025478373	1.7073371602120722	0.7304193947059274	0.84641158	23056
"GO:0009967"	"positive regulation of signal transduction"	-83.2958494831602	5.367374559874197	0.573517388055576	0.6727608692617169	0.75518779	23056
"GO:0009968"	"negative regulation of signal transduction"	-44.21609642072727	5.411111047994698	0.6342832695293219	0.7070414217464436	0.78280416	23056
"GO:0010647"	"positive regulation of cell communication"	-91.76447155309245	5.4174351544632025	0.643587183656459	0.7028886208497631	0.755949	23056
"GO:0010648"	"negative regulation of cell communication"	-50.33535802444388	5.421641761483437	0.6498513268981425	0.7414751295448	0.84731187	23056
"GO:0023057"	"negative regulation of signaling"	-50.52287874528034	5.422364920152503	0.6509343221933648	0.7481101296735223	0.84671346	23056
"GO:0030177"	"positive regulation of Wnt signaling pathway"	-13.779891911959945	4.432664697179406	0.06665343771504534	0.7139985556063551	0.86240727	23056
"GO:0030178"	"negative regulation of Wnt signaling pathway"	-17.202732459169283	4.631808909894799	0.1054320533428348	0.739304378981786	0.89047241	23056
"GO:0043122"	"regulation of canonical NF-kappaB signal transduction"	-12.742321425130816	4.670403580971269	0.11523069941165297	0.774319560844239	0.72917592	23056
"GO:0043123"	"positive regulation of canonical NF-kappaB signal transduction"	-9.607303046740334	4.548229676502112	0.08697436761812563	0.7088656510442111	0.82150159	23056
"GO:0043408"	"regulation of MAPK cascade"	-46.65169513695184	5.083459618247788	0.2982839791866026	0.7595932640750923	0.70973573	23056
"GO:0043409"	"negative regulation of MAPK cascade"	-8.327902142064282	4.500305100010565	0.07788705255003303	0.7423173459232589	0.81902358	23056
"GO:0043410"	"positive regulation of MAPK cascade"	-44.37571790416433	4.796851749049887	0.15417668703961315	0.6975781698972168	0.86191921	23056
"GO:0051057"	"positive regulation of small GTPase mediated signal transduction"	-5.484126156288321	4.348733103798286	0.05493985905603866	0.71676287115765	0.79171141	23056
"GO:0060828"	"regulation of canonical Wnt signaling pathway"	-16.199282921717614	4.743838888510262	0.13645986855095377	0.7726116832533122	0.93278815	23056
"GO:0070374"	"positive regulation of ERK1 and ERK2 cascade"	-26.36151074304536	4.3364797469579965	0.053411358878009005	0.7164591894446455	0.78995191	23056
"GO:0090090"	"negative regulation of canonical Wnt signaling pathway"	-19.903089986991944	4.4662297917058345	0.07200934172050835	0.7454009563096403	0.81379742	23056
"GO:0090263"	"positive regulation of canonical Wnt signaling pathway"	-11.111259039317108	4.325104982971408	0.052030539876600564	0.7181567313523999	0.89042278	23056
"GO:1902531"	"regulation of intracellular signal transduction"	-59.47237009912866	5.597205780630544	0.9735955409342439	0.7405243870207601	0.88667309	23056
"GO:1902532"	"negative regulation of intracellular signal transduction"	-21.55129368009492	5.062634622793394	0.2843182625841223	0.7211986367428148	0.91610997	23056
"GO:1902533"	"positive regulation of intracellular signal transduction"	-65.83863199776502	5.224481265303632	0.412717200244501	0.678595427278186	0.94159965	23056
"GO:0030007"	"intracellular potassium ion homeostasis"	-9.277366077466187	4.246498580795801	0.043415804573695885	0.9778869320385574	0.64816389	null
"GO:0030111"	"regulation of Wnt signaling pathway"	-15.136677139879543	4.879061455851939	0.18630718836650392	0.7691552627158246	0.68026002	null
"GO:0030155"	"regulation of cell adhesion"	-36.679853713888946	4.8665944864062345	0.18103497036112626	0.834961879210317	0.18707289	null
"GO:0030278"	"regulation of ossification"	-16.869666231504993	3.9177155165594932	0.02036277290312297	0.7754905269608445	0.67091185	null
"GO:0030335"	"positive regulation of cell migration"	-43.5003129173816	4.785621639804695	0.15024098368265756	0.7379647399262657	0.49457484	null
"GO:0002685"	"regulation of leukocyte migration"	-17.962573502059378	4.279552881150386	0.04684939193013932	0.7785458380870682	0.83067747	30335
"GO:0002687"	"positive regulation of leukocyte migration"	-16.26360349772336	4.159867847092567	0.035564088683334195	0.7180350745196614	0.88680478	30335
"GO:0002688"	"regulation of leukocyte chemotaxis"	-10.886056647693163	4.007278247334244	0.02502703673140993	0.74746311028349	0.94396115	30335
"GO:0002690"	"positive regulation of leukocyte chemotaxis"	-11.191789027075778	3.936463474004747	0.021261166727568743	0.6935826991426369	0.93457346	30335
"GO:0010594"	"regulation of endothelial cell migration"	-18.853871964321762	4.068927611682072	0.028844595147068545	0.8354446694515762	0.80317953	30335
"GO:0010595"	"positive regulation of endothelial cell migration"	-18.787812395596042	3.943890048248473	0.021627908316178113	0.7656003824542894	0.85728236	30335
"GO:0010596"	"negative regulation of endothelial cell migration"	-4.777283528852417	3.298197867109815	0.004888246946162482	0.8145039406812765	0.88740944	30335
"GO:0010632"	"regulation of epithelial cell migration"	-18.97881070093006	3.6870828446043706	0.011972020718093813	0.7610892313529201	0.75770438	30335
"GO:0010634"	"positive regulation of epithelial cell migration"	-18.882728704344235	3.6184664921990803	0.010221998775132322	0.713384612624002	0.81633131	30335
"GO:0014910"	"regulation of smooth muscle cell migration"	-11.79860287567955	3.3230457354817013	0.005176225240573868	0.8507473331723665	0.71889251	30335
"GO:0014911"	"positive regulation of smooth muscle cell migration"	-6.739928612014925	3.1470576710283598	0.0034508168270492453	0.7885664125064824	0.76348603	30335
"GO:0030334"	"regulation of cell migration"	-40.623423042943486	5.046436630136641	0.2739092009852698	0.8107995399614227	0.95769969	30335
"GO:0030336"	"negative regulation of cell migration"	-13.638272163982407	4.273579945676206	0.04620944016478069	0.7906397154244629	0.88527141	30335
"GO:0040013"	"negative regulation of locomotion"	-11.79860287567955	4.868744332266639	0.18193336418557202	0.7796672578946843	0.92463726	30335
"GO:0040017"	"positive regulation of locomotion"	-42.686132779630846	4.836387419326411	0.16887096411342487	0.747131497775324	0.85052753	30335
"GO:0043535"	"regulation of blood vessel endothelial cell migration"	-13.636388020107855	3.788380515319563	0.015117629780125865	0.8401163525698049	0.94553834	30335
"GO:0043536"	"positive regulation of blood vessel endothelial cell migration"	-12.204815410317575	3.6178387477170033	0.0102072306574702	0.7750042279348808	0.92447195	30335
"GO:0043537"	"negative regulation of blood vessel endothelial cell migration"	-5.642065152999546	3.095169351431755	0.003061923061946691	0.818827748650356	0.86536698	30335
"GO:0050921"	"positive regulation of chemotaxis"	-15.53313237964589	4.080590414453501	0.029629766736104717	0.7252071129530897	0.87153284	30335
"GO:0050926"	"regulation of positive chemotaxis"	-6.686132779630847	3.65667304588485	0.011162235599620774	0.7989572821125083	0.70242607	30335
"GO:0050927"	"positive regulation of positive chemotaxis"	-6.059981844992337	3.6497241859295224	0.010985018187675307	0.7398190322436822	0.8161591	30335
"GO:0071622"	"regulation of granulocyte chemotaxis"	-5.549750891680639	3.4219328132785085	0.0065004331242775005	0.7653814192887021	0.76129692	30335
"GO:0071675"	"regulation of mononuclear cell migration"	-5.22548303427145	3.982406928863795	0.02363391096528306	0.7861242216521344	0.94064265	30335
"GO:0090049"	"regulation of cell migration involved in sprouting angiogenesis"	-6.739928612014925	3.452246574520437	0.0069705515365217265	0.8467100889726359	0.93765852	30335
"GO:0090050"	"positive regulation of cell migration involved in sprouting angiogenesis"	-4.769551078621726	3.3328422669943514	0.005294370181870846	0.7827668344234178	0.89128276	30335
"GO:1904752"	"regulation of vascular associated smooth muscle cell migration"	-5.446116973356125	2.7363965022766426	0.0013389760013657556	0.860539935629837	0.91818421	30335
"GO:2000145"	"regulation of cell motility"	-40.43297363384094	5.201752062778252	0.3916726325759767	0.8061065053658095	0.91886089	30335
"GO:2000146"	"negative regulation of cell motility"	-12.6345120151091	4.7649752162403765	0.14326550944024846	0.7760514802727178	0.84616881	30335
"GO:2000147"	"positive regulation of cell motility"	-43.57839607313017	4.823161111289468	0.1638054997553169	0.7370893836683255	0.98692132	30335
"GO:2000403"	"positive regulation of lymphocyte migration"	-4.924453038607469	3.562768543016519	0.008991322303288795	0.7385292408526908	0.95930858	30335
"GO:2000406"	"positive regulation of T cell migration"	-4.841637507904751	3.4808689236871677	0.007445592654653328	0.7411272521861166	0.80040238	30335
"GO:0030431"	"sleep"	-6.120904120499927	3.6578204560156973	0.011191771834945019	0.944019009651791	0.47235401	null
"GO:0030522"	"intracellular receptor signaling pathway"	-13.709965388637482	4.787814567063023	0.15100154174225688	0.7668371596037107	0.45795022	null
"GO:0030855"	"epithelial cell differentiation"	-16.069050968832478	4.787467559199322	0.1508809354480162	0.951240510308847	0.63263889	null
"GO:0001837"	"epithelial to mesenchymal transition"	-5.583359492661719	3.6428600525844916	0.010812723481617215	0.9555111904005692	0.8734812	30855
"GO:0002009"	"morphogenesis of an epithelium"	-10.782516055786093	4.605638990395859	0.09926636421889876	0.9556951052127433	0.87212037	30855
"GO:0002064"	"epithelial cell development"	-8.777283528852417	4.189799010639827	0.038101743568275545	0.9546436908809556	0.81400288	30855
"GO:0002066"	"columnar/cuboidal epithelial cell development"	-6.686132779630847	3.2405492482826	0.004280292769071781	0.9599228257104858	0.70650858	30855
"GO:0002068"	"glandular epithelial cell development"	-7.30715308072277	3.0863598306747484	0.0030003892383545145	0.9606956291459792	0.8714605	30855
"GO:0048729"	"tissue morphogenesis"	-13.821023052706831	4.699135004891022	0.1231119515373389	0.9565598861503752	0.76288064	30855
"GO:0048754"	"branching morphogenesis of an epithelial tube"	-13.051587034221399	3.7725417326409434	0.014576132132514713	0.9169189145568007	0.95951645	30855
"GO:0048762"	"mesenchymal cell differentiation"	-5.617982957425132	4.447313108823568	0.0689400345997306	0.9501062076815681	0.73076988	30855
"GO:0060429"	"epithelium development"	-4.801342913045577	5.0617426657552835	0.28373492193646843	0.9555265364389011	0.81440947	30855
"GO:0061138"	"morphogenesis of a branching epithelium"	-12.296708621881338	3.9108377649926833	0.02004279702044365	0.918347812718893	0.77916906	30855
"GO:0072132"	"mesenchyme morphogenesis"	-4.844663962534939	3.286456469746983	0.0047577952401470685	0.9598523906445735	0.83187022	30855
"GO:0031018"	"endocrine pancreas development"	-4.769551078621726	3.6093809442507068	0.010010322421975235	0.9218106144353627	0.49675703	null
"GO:0030878"	"thyroid gland development"	-4.769551078621726	3.090610707828407	0.003029925473678759	0.9252677692008198	0.86440766	31018
"GO:0031098"	"stress-activated protein kinase signaling cascade"	-4.7423214251308154	3.5828584622244994	0.009417136362546655	0.7977020991061469	0.37768849	null
"GO:0031099"	"regeneration"	-18.96657624451305	4.069038764986071	0.028851979205899606	0.9649083185322085	0.54219829	null
"GO:0031100"	"animal organ regeneration"	-17.910094888560604	2.8920946026904804	0.0019173939431322126	0.9659515938237337	0.43927955	null
"GO:0031145"	"anaphase-promoting complex-dependent catabolic process"	-14.54821356447571	4.512430894876464	0.08009242478757662	0.9797698665453779	0.58694614	null
"GO:0031146"	"SCF-dependent proteasomal ubiquitin-dependent protein catabolic process"	-11.712198270069774	4.698074434949801	0.12281166647820907	0.9790932420476626	0.71983964	31145
"GO:0031279"	"regulation of cyclase activity"	-7.640164517660112	4.232284402080395	0.042017756101681646	0.8279098537268132	0.66086116	null
"GO:0031329"	"regulation of cellular catabolic process"	-24.372634143407268	4.961459063508849	0.22523102381797094	0.8036515403648001	0.28534256	null
"GO:0009895"	"negative regulation of catabolic process"	-7.4089353929735005	4.765206452090041	0.14334181138150276	0.7738657074781724	0.75364894	31329
"GO:0009896"	"positive regulation of catabolic process"	-12.7594507517174	5.296662996849518	0.48734296014414863	0.7182076840941336	0.83440963	31329
"GO:0010506"	"regulation of autophagy"	-11.910094888560602	4.910747099756023	0.20040827938088707	0.8042131926301674	0.91743453	31329
"GO:0010508"	"positive regulation of autophagy"	-7.7447274948966935	4.478580923742277	0.07408672360498023	0.7409076531531587	0.85338523	31329
"GO:0016239"	"positive regulation of macroautophagy"	-5.146910470148135	4.128463891064761	0.03308304491609765	0.7531672208336804	0.92502259	31329
"GO:0031331"	"positive regulation of cellular catabolic process"	-12.137272471682026	4.548671894086595	0.08706297632409836	0.7385140535206491	0.72505611	31329
"GO:0042176"	"regulation of protein catabolic process"	-8.876148359032914	5.104579286679439	0.3131480896135287	0.7915837526461544	0.85920442	31329
"GO:0043487"	"regulation of RNA stability"	-9.321481620959887	5.010461090711631	0.25213361149247043	0.770228720532402	0.84273625	31329
"GO:0043488"	"regulation of mRNA stability"	-9.882728704344236	4.982655594477174	0.23649663624122655	0.7711300462754027	0.83799115	31329
"GO:0051043"	"regulation of membrane protein ectodomain proteolysis"	-5.107905397309519	3.696618459232225	0.012237846836012017	0.8221007925042736	0.75766904	31329
"GO:0061013"	"regulation of mRNA catabolic process"	-7.764471553092451	5.010147248141154	0.2519514713746375	0.7988815362584397	0.90379174	31329
"GO:0031341"	"regulation of cell killing"	-7.790484985457369	4.032256025890453	0.026508771203509533	0.8541087369567667	0.1564395	null
"GO:0031342"	"negative regulation of cell killing"	-5.185752404268079	2.8567288903828825	0.0017672514135673024	0.837815539380359	0.41482643	null
"GO:0031347"	"regulation of defense response"	-52.72124639904717	5.000620597487598	0.24648480648670862	0.77290713445498	0.68653819	null
"GO:0002218"	"activation of innate immune response"	-21.643974142806876	4.445277191869633	0.0686175973641076	0.6656868826612787	0.96830206	31347
"GO:0002221"	"pattern recognition receptor signaling pathway"	-7.640164517660112	4.3492580955127895	0.05500631558551821	0.6128399238720906	0.97265353	31347
"GO:0002224"	"toll-like receptor signaling pathway"	-7.416801226031377	4.169674434058807	0.03637633515475092	0.6217240788951328	0.94650406	31347
"GO:0002253"	"activation of immune response"	-20.866461091629784	4.862679866500335	0.1794104774182928	0.6546098918670101	0.93448322	31347
"GO:0002429"	"immune response-activating cell surface receptor signaling pathway"	-13.60906489289662	4.602092562192713	0.0984590404533694	0.602165075457223	0.96722474	31347
"GO:0002673"	"regulation of acute inflammatory response"	-5.277366077466188	3.09795107099415	0.0030816138854961876	0.8202303447734912	0.78947644	31347
"GO:0002757"	"immune response-activating signaling pathway"	-19.098541678603887	4.746735366871247	0.13737303049306165	0.59979221091225	0.93010469	31347
"GO:0002758"	"innate immune response-activating signaling pathway"	-24.378823718224965	4.367877506637881	0.05741598011738783	0.611949032977229	0.91073416	31347
"GO:0002768"	"immune response-regulating cell surface receptor signaling pathway"	-17.277366077466187	4.634890207744932	0.10618276599065936	0.6745358029218674	0.97266052	31347
"GO:0002861"	"regulation of inflammatory response to antigenic stimulus"	-9.795880017344075	2.9703468762300935	0.002296442296460018	0.7878027173267551	0.77694593	31347
"GO:0002862"	"negative regulation of inflammatory response to antigenic stimulus"	-6.3260580013659125	2.6599162000698504	0.001122376942321295	0.7666988774225708	0.77842589	31347
"GO:0030193"	"regulation of blood coagulation"	-16.43533393574791	3.8840019247687874	0.01884165678392437	0.6954820407785083	0.9595657	31347
"GO:0030194"	"positive regulation of blood coagulation"	-6.120330794367947	3.425697213362591	0.006557044241982302	0.6672193036473706	0.95215911	31347
"GO:0030195"	"negative regulation of blood coagulation"	-8.215382707367125	3.697490887171057	0.012262460365448886	0.6735923949004671	0.97578115	31347
"GO:0031348"	"negative regulation of defense response"	-20.52432881167557	4.3539931244194845	0.055609347056721534	0.7560697318829889	0.81518949	31347
"GO:0031349"	"positive regulation of defense response"	-35.346787486224656	4.664030524947218	0.11355205670405838	0.7145665776298216	0.85680625	31347
"GO:0032102"	"negative regulation of response to external stimulus"	-27.03715731879876	4.660030223038667	0.11251090440887877	0.7469648643839394	0.85305369	31347
"GO:0032103"	"positive regulation of response to external stimulus"	-32.53461714855158	4.755165691252543	0.1400657506134553	0.7128239092096429	0.82744285	31347
"GO:0042730"	"fibrinolysis"	-6.040958607678906	3.4807253789884878	0.00744313130170964	0.681895700843746	0.94919999	31347
"GO:0045088"	"regulation of innate immune response"	-26.15614457737684	4.751625477375546	0.13892860555347186	0.7334222295801388	0.89685454	31347
"GO:0045089"	"positive regulation of innate immune response"	-20.053056729302174	4.577261953585815	0.0929874528595531	0.6803283601010889	0.95635328	31347
"GO:0050727"	"regulation of inflammatory response"	-40.137272471682024	4.480438147177817	0.07440423813471585	0.7858924067991093	0.81234829	31347
"GO:0050728"	"negative regulation of inflammatory response"	-21.64016451766011	4.2007137339640135	0.03907151662808824	0.7575833451250288	0.77457718	31347
"GO:0050729"	"positive regulation of inflammatory response"	-17.43533393574791	3.6980135039391815	0.012277228483111009	0.7456843485234084	0.85423086	31347
"GO:0050819"	"negative regulation of coagulation"	-8.309803919971486	3.8076703012304836	0.015804347251414552	0.7422587516022523	0.96759307	31347
"GO:0050851"	"antigen receptor-mediated signaling pathway"	-18.077793722560983	4.416873399776797	0.06427330941849994	0.6118899353073507	0.93763238	31347
"GO:0050920"	"regulation of chemotaxis"	-13.110138278741811	4.5081659713033675	0.07930971455148415	0.7752850919714308	0.83129616	31347
"GO:0061041"	"regulation of wound healing"	-26.54515513999149	4.047158001128309	0.027434239910335865	0.7995776964210253	0.75529819	31347
"GO:0061043"	"regulation of vascular wound healing"	-7.747146969020107	2.7134905430939424	0.001270058118942518	0.7382714525968632	0.82667962	31347
"GO:0061045"	"negative regulation of wound healing"	-12.55129368009492	3.7777167386096258	0.014750888191516494	0.7701637950758962	0.94576829	31347
"GO:0070302"	"regulation of stress-activated protein kinase signaling cascade"	-9.448550002027124	3.7670816213633223	0.014393992014681873	0.7929259957882947	0.72249712	31347
"GO:0080135"	"regulation of cellular response to stress"	-19.65560772631489	4.857060977521578	0.17710418971005804	0.7718387437970229	0.86942978	31347
"GO:0090303"	"positive regulation of wound healing"	-11.79860287567955	3.678700434998304	0.011743114894330917	0.7486403805231994	0.93326629	31347
"GO:0150077"	"regulation of neuroinflammatory response"	-6.45717457304082	3.7035492982382303	0.012434755071506978	0.8062605406031217	0.85487758	31347
"GO:1900047"	"negative regulation of hemostasis"	-7.97469413473523	3.7004441010277516	0.012346146365534244	0.7987448857686746	0.97461015	31347
"GO:1902882"	"regulation of response to oxidative stress"	-11.580044251510243	3.814380794469938	0.016050482545783257	0.8082360994668859	0.72783533	31347
"GO:1903034"	"regulation of response to wounding"	-26.728158393463502	4.111766433052562	0.031835138973648314	0.8004701394656936	0.76329169	31347
"GO:1903035"	"negative regulation of response to wounding"	-10.866461091629782	3.830716949436898	0.016665820781705018	0.7716016394440323	0.95259862	31347
"GO:1903036"	"positive regulation of response to wounding"	-11.628932137728263	3.7456992266025058	0.013702351837505811	0.7466756443801097	0.94168927	31347
"GO:0031622"	"positive regulation of fever generation"	-6.024108863598207	2.2764618041732443	0.00046273435341316556	0.7257204789236354	0.5285949	null
"GO:0002675"	"positive regulation of acute inflammatory response"	-5.782516055786093	2.739572344450092	0.0013488214131405038	0.7724155446941142	0.89259405	31622
"GO:0031620"	"regulation of fever generation"	-5.987162775294828	2.3729120029701067	0.0005784179417664569	0.7654946481891971	0.88834446	31622
"GO:0031623"	"receptor internalization"	-5.146910470148135	4.202951245040243	0.039273347569470575	0.9725198489367158	0.65211735	null
"GO:0031667"	"response to nutrient levels"	-59.84163750790475	5.293537121475543	0.48384783896411304	0.9224894513697859	0.34787873	null
"GO:0032094"	"response to food"	-6.4156687756324695	2.937517892017347	0.002129070296289299	0.9150638515260207	0.5928506	null
"GO:0032148"	"activation of protein kinase B activity"	-6.537602002101044	2.9459607035775686	0.0021709132963319785	0.7536577759414378	0.63888425	null
"GO:0032225"	"regulation of synaptic transmission, dopaminergic"	-5.42021640338319	2.2695129442179165	0.0004553502945821044	0.8572750146491946	0.11619084	null
"GO:0032368"	"regulation of lipid transport"	-26.32605800136591	3.8025684983139563	0.015619745780638024	0.7962531286484665	0.67932329	null
"GO:0010874"	"regulation of cholesterol efflux"	-5.621602099051862	3.165541076722373	0.0036009593566141552	0.8100284995846142	0.97475664	32368
"GO:0010875"	"positive regulation of cholesterol efflux"	-4.769551078621726	2.9283958522567137	0.002084765943302932	0.7578007730827078	0.98443821	32368
"GO:0010888"	"negative regulation of lipid storage"	-6.3585258894959	3.5548524343720547	0.00882887300900545	0.7741026149086166	0.91724873	32368
"GO:0032369"	"negative regulation of lipid transport"	-11.950781977329818	3.044147620878723	0.002722256355717878	0.7807987049012509	0.88754381	32368
"GO:0032370"	"positive regulation of lipid transport"	-13.129596094720974	3.598133645813238	0.00975434171583178	0.7386172672303775	0.88203509	32368
"GO:0032371"	"regulation of sterol transport"	-11.924453038607469	3.3769417571467586	0.005860481358918868	0.8056872662312534	0.92339976	32368
"GO:0032372"	"negative regulation of sterol transport"	-7.084072788302884	2.733999286538387	0.0013315919425346944	0.7878906184436762	0.93374298	32368
"GO:0032373"	"positive regulation of sterol transport"	-5.863279432843593	3.068927611682072	0.002882244297057536	0.75395033377519	0.96402178	32368
"GO:0032374"	"regulation of cholesterol transport"	-11.924453038607469	3.369772288596963	0.005764488594115072	0.8053094058921832	0.92259696	32368
"GO:0032375"	"negative regulation of cholesterol transport"	-7.084072788302884	2.7075701760979363	0.0012528286483367089	0.7885138995589168	0.92586321	32368
"GO:0032376"	"positive regulation of cholesterol transport"	-5.863279432843593	3.0663259253620376	0.002865014826451727	0.7539594296925527	0.96373595	32368
"GO:1905953"	"negative regulation of lipid localization"	-15.958607314841775	3.6555225962534177	0.01113269936429653	0.7719408465636152	0.88855993	32368
"GO:1905954"	"positive regulation of lipid localization"	-15.405607449624574	3.956072336995183	0.022243246552099874	0.7349558483791834	0.92436829	32368
"GO:2000831"	"regulation of steroid hormone secretion"	-6.4156687756324695	3.2405492482826	0.004280292769071781	0.6751556792824226	0.91679331	32368
"GO:2000846"	"regulation of corticosteroid hormone secretion"	-7.85078088734462	3.1693804953119495	0.0036329569448820863	0.6777426020956312	0.9007071	32368
"GO:0032501"	"multicellular organismal process"	-109.24565166428899	6.163132142633867	3.5834862120669206	1	-0	null
"GO:0032502"	"developmental process"	-61.59176003468815	6.192100572841233	3.830665120083749	1	-0	null
"GO:0032656"	"regulation of interleukin-13 production"	-5.051587034221399	2.8555191556678	0.0017623287076799284	0.7777931828918989	0.60549394	null
"GO:0032673"	"regulation of interleukin-4 production"	-7.97469413473523	3.002166061756508	0.002471198355461799	0.7740690037456571	0.58337825	null
"GO:0032674"	"regulation of interleukin-5 production"	-6.040958607678906	2.8068580295188172	0.0015752658839597125	0.7790020746722629	0.60235809	null
"GO:0032736"	"positive regulation of interleukin-13 production"	-4.838631997765025	2.7075701760979363	0.0012528286483367089	0.730092574026599	0.63894847	null
"GO:0032740"	"positive regulation of interleukin-17 production"	-6.4156687756324695	2.9175055095525466	0.002033077531485504	0.723784964747141	0.6095354	null
"GO:0032753"	"positive regulation of interleukin-4 production"	-6.357535479757878	2.906335041805091	0.001981389119668076	0.7241279383932601	0.65248783	null
"GO:0032754"	"positive regulation of interleukin-5 production"	-5.3448615651886175	2.6138418218760693	0.0010091547069116908	0.7328177641384946	0.63275321	null
"GO:0032768"	"regulation of monooxygenase activity"	-14.714442690992227	3.2013971243204513	0.003911089827518723	0.8477058265183928	0.55622819	null
"GO:0032770"	"positive regulation of monooxygenase activity"	-10.075720713938118	3.0515383905153275	0.002769022061647932	0.8483991804447831	0.96589706	32768
"GO:0050999"	"regulation of nitric-oxide synthase activity"	-11.193141970481182	3.040602340114073	0.0027001041792246946	0.8503738898741418	0.84070032	32768
"GO:0051000"	"positive regulation of nitric-oxide synthase activity"	-8.105130343254748	2.848189116991399	0.0017327924723556838	0.85200651549459	0.94482098	32768
"GO:0051353"	"positive regulation of oxidoreductase activity"	-13.749579997691106	3.747489492258673	0.013758962955210613	0.8348683629974261	0.91260009	32768
"GO:0051354"	"negative regulation of oxidoreductase activity"	-4.943095148663527	2.9237619608287004	0.0020626137668097485	0.8508564924441085	0.82988679	32768
"GO:0032787"	"monocarboxylic acid metabolic process"	-32.79317412396815	6.126984864672973	3.2972997825985404	0.9542657593749471	0.16688004	null
"GO:0006633"	"fatty acid biosynthetic process"	-10.7281583934635	5.530095916325892	0.8341968169685278	0.9410884856308914	0.76104729	32787
"GO:0008652"	"amino acid biosynthetic process"	-5.230622673923862	6.048555994777868	2.752513767454623	0.9826567049383179	0.8026577	32787
"GO:0016053"	"organic acid biosynthetic process"	-18.58004425151024	6.236575046487796	4.243739216505085	0.9495602958638789	0.82526669	32787
"GO:0019752"	"carboxylic acid metabolic process"	-39.41341269532825	6.517258199558676	8.099010481966873	0.9493000655189624	0.80487431	32787
"GO:0043436"	"oxoacid metabolic process"	-39.15304467498017	6.526826292968412	8.279422730033247	0.9492965147209543	0.90424573	32787
"GO:0046394"	"carboxylic acid biosynthetic process"	-18.69897000433602	6.234378064251388	4.222325445895008	0.9489430947013833	0.70242299	32787
"GO:0072330"	"monocarboxylic acid biosynthetic process"	-15.050122295963126	5.658166951214499	1.1203143285544854	0.9529760485813817	0.79036012	32787
"GO:1901605"	"alpha-amino acid metabolic process"	-5.2373214362725635	6.204814027521744	3.9444608507292327	0.9515243103144295	0.722099	32787
"GO:0032879"	"regulation of localization"	-113.71444269099223	5.565863160327171	0.9058074195121588	0.8224974910221489	0.2238009	null
"GO:0032890"	"regulation of organic acid transport"	-17.92445303860747	3.4690852991231202	0.007246223066214677	0.8102897607377163	0.64332006	null
"GO:0032892"	"positive regulation of organic acid transport"	-9.262807357295262	3.351409751925439	0.005525737358577428	0.7503674917678318	0.63150808	null
"GO:0032303"	"regulation of icosanoid secretion"	-7.115771230367396	2.6748611407378116	0.001161758589420288	0.8171019857112373	0.90064533	32892
"GO:0032305"	"positive regulation of icosanoid secretion"	-5.728158393463501	2.6364878963533656	0.0010633044716728058	0.7623223175298942	0.89689303	32892
"GO:0032891"	"negative regulation of organic acid transport"	-6.029188389127482	3.0633333589517497	0.0028453240029022303	0.7845296820394138	0.94044383	32892
"GO:2000191"	"regulation of fatty acid transport"	-8.630784142589857	3.180412632838324	0.003726488356742195	0.8091627492664185	0.95312931	32892
"GO:2000193"	"positive regulation of fatty acid transport"	-5.701146923590294	3.089551882886454	0.003022541414847698	0.7528152720853541	0.9432554	32892
"GO:0032940"	"secretion by cell"	-26.79317412396815	5.476002229822549	0.7365032572806451	0.9626858219367438	0.34691779	null
"GO:0006887"	"exocytosis"	-20.503070351926784	5.152985103063503	0.35007084512177816	0.9644707318287461	0.91001822	32940
"GO:0015732"	"prostaglandin transport"	-5.16304326294045	3.2846562827885157	0.004738104416597572	0.975308928175898	0.87192662	32940
"GO:0032309"	"icosanoid secretion"	-5.446116973356125	4.17032039987338	0.036430484919512035	0.9695688194825731	0.74950685	32940
"GO:0045055"	"regulated exocytosis"	-25.61798295742513	4.672301097151566	0.11573527676510881	0.9670597374874554	0.82372787	32940
"GO:0140115"	"export across plasma membrane"	-13.721246399047171	4.80455511972865	0.15693586368948637	0.9672623291612464	0.82245674	32940
"GO:0032965"	"regulation of collagen biosynthetic process"	-4.97469413473523	2.905256048748451	0.0019764664137807016	0.8616928326856139	0.15050121	null
"GO:0032970"	"regulation of actin filament-based process"	-5.841637507904751	5.138817229617316	0.3388347689338468	0.8275413319256184	0.19984023	null
"GO:0033032"	"regulation of myeloid cell apoptotic process"	-5.72584215073632	3.1917303933628562	0.0038249424744896763	0.8526430941393727	0.6788126	null
"GO:0033089"	"positive regulation of T cell differentiation in thymus"	-5.3448615651886175	2.537819095073274	0.0008467054126283455	0.69602360462219	0.67745415	null
"GO:0045591"	"positive regulation of regulatory T cell differentiation"	-5.051587034221399	2.8048206787211623	0.0015678818251286513	0.6872835861971929	0.80185339	33089
"GO:0033194"	"response to hydroperoxide"	-5.728158393463501	3.757471947765668	0.01407893883788993	0.8931793448859499	0.66404015	null
"GO:0033238"	"regulation of amine metabolic process"	-28.732828271596986	4.055416559840489	0.027960969440284898	0.8413251868829297	0.22998481	null
"GO:0033273"	"response to vitamin"	-23.12609840213554	3.345765693114488	0.005454358123210505	0.9097797168927634	0.62574025	null
"GO:0031670"	"cellular response to nutrient"	-9.413412695328246	4.264723400902	0.0452765873991233	0.886778202820986	0.81464236	33273
"GO:0033500"	"carbohydrate homeostasis"	-20.661543506395397	4.505678952441556	0.07885682560984572	0.9778748810502471	0.68224701	null
"GO:0033554"	"cellular response to stress"	-39.872895201635195	6.254747656865193	4.425081855984172	0.8875212714632214	0.63571703	null
"GO:0033555"	"multicellular organismal response to stress"	-12.14996674231023	3.5390760987927767	0.008513819832213507	0.885707349011972	0.46303549	null
"GO:0033559"	"unsaturated fatty acid metabolic process"	-15.94692155651658	4.6358254182207554	0.10641167181442227	0.9528332241108908	0.47367515	null
"GO:0033865"	"nucleoside bisphosphate metabolic process"	-5.151195298948196	4.37737911315744	0.05868603823633035	0.9637725796494042	0.37228755	null
"GO:0033993"	"response to lipid"	-94.0783135245164	5.0331462008952395	0.26565382321214337	0.8906228468625401	0.56599786	null
"GO:0034035"	"purine ribonucleoside bisphosphate metabolic process"	-5.72584215073632	4.376376186315962	0.058550663824427564	0.9612053107719065	0.53095711	null
"GO:0033875"	"ribonucleoside bisphosphate metabolic process"	-5.151195298948196	4.37737911315744	0.05868603823633035	0.9619449287535472	0.99941314	34035
"GO:0034032"	"purine nucleoside bisphosphate metabolic process"	-5.151195298948196	4.37737911315744	0.05868603823633035	0.9611986373610976	0.99925807	34035
"GO:0050427"	"3'-phosphoadenosine 5'-phosphosulfate metabolic process"	-5.72584215073632	3.7764105888073423	0.014706583838530128	0.9609620863530599	0.91425017	34035
"GO:0034103"	"regulation of tissue remodeling"	-17.910094888560604	3.881213416255019	0.018721050489683706	0.7765379250325405	0.66692333	null
"GO:0034116"	"positive regulation of heterotypic cell-cell adhesion"	-7.85078088734462	2.7795964912578244	0.0014792731191559175	0.7975856756281915	0.69839603	null
"GO:0034115"	"negative regulation of heterotypic cell-cell adhesion"	-6.804100347590766	2.5728716022004803	0.00091808464799527	0.8302636319024734	0.93638965	34116
"GO:0034220"	"monoatomic ion transmembrane transport"	-73.57511836336893	6.242153421106761	4.298600312266925	0.9568226686092745	0.44628349	null
"GO:0006812"	"monoatomic cation transport"	-55.8153085691824	6.218204275344302	4.067971541443448	0.9637269608064939	0.90224319	34220
"GO:0006813"	"potassium ion transport"	-30.241088107602028	5.424811425456997	0.6546115834912332	0.9681522043631444	0.7006388	34220
"GO:0006814"	"sodium ion transport"	-22.30803489723264	5.397333310001031	0.6144767623914722	0.968330121974713	0.70594866	34220
"GO:0030001"	"metal ion transport"	-56.03905380426617	6.016606351619008	2.557289097373141	0.9648677600278952	0.84077071	34220
"GO:0098655"	"monoatomic cation transmembrane transport"	-48.906578314837766	6.165101516833915	3.5997729844952984	0.9569397303529582	0.8851952	34220
"GO:0034310"	"primary alcohol catabolic process"	-6.121478204498794	3.593728998707911	0.0096558875980843	0.9625565058674068	0.5871747	null
"GO:0046164"	"alcohol catabolic process"	-5.531652669587842	4.916753902946922	0.20319945361902814	0.954002972511782	0.76059725	34310
"GO:0034367"	"protein-containing complex remodeling"	-8.939302159646388	3.8977370253454273	0.01944714960807139	0.9900847241475963	0.4226276	null
"GO:0034369"	"plasma lipoprotein particle remodeling"	-9.607303046740334	3.6298171960185157	0.010492747598937896	0.8081568333685392	0.47012286	null
"GO:0034368"	"protein-lipid complex remodeling"	-9.607303046740334	3.630122642859312	0.010500131657768958	0.9862518269340992	0.98476407	34369
"GO:0034370"	"triglyceride-rich lipoprotein particle remodeling"	-6.3260580013659125	3.4530123911214554	0.006982858301240163	0.8123595600353773	0.97808225	34369
"GO:0034371"	"chylomicron remodeling"	-5.987162775294828	1.724275869600789	0.00012799035307172664	0.8455218063300607	0.80599965	34369
"GO:0034374"	"low-density lipoprotein particle remodeling"	-6.835647144215563	3.0293837776852097	0.0026311862968014573	0.821713463832242	0.92964282	34369
"GO:0034375"	"high-density lipoprotein particle remodeling"	-5.375717904164332	3.3040594662175993	0.004954703475642033	0.8157589691608872	0.96048835	34369
"GO:0034378"	"chylomicron assembly"	-4.838631997765025	1.99563519459755	0.00024121258848133097	0.8410698399842864	0.81911261	34369
"GO:0034381"	"plasma lipoprotein particle clearance"	-6.403402904373539	3.3787611753163733	0.005885094888355738	0.8204279113335743	0.92149774	34369
"GO:0034382"	"chylomicron remnant clearance"	-6.024108863598207	2.346352974450639	0.0005439590005548382	0.8405637442847275	0.81839863	34369
"GO:0071827"	"plasma lipoprotein particle organization"	-8.643974142806877	3.6780629049743454	0.011725885423725109	0.9327192035531064	0.99077206	34369
"GO:0071830"	"triglyceride-rich lipoprotein particle clearance"	-6.024108863598207	2.4082399653118496	0.0006276450006401979	0.8394793781641696	0.82393828	34369
"GO:0034391"	"regulation of smooth muscle cell apoptotic process"	-10.001740661576301	2.9041743682841634	0.0019715437078933274	0.8564502476070869	0.65095184	null
"GO:0010661"	"positive regulation of muscle cell apoptotic process"	-7.001304841688344	2.7596678446896306	0.001412816589676367	0.7955832808301645	0.88967331	34391
"GO:0034393"	"positive regulation of smooth muscle cell apoptotic process"	-5.838631997765025	2.60422605308447	0.0009870025304185074	0.7990208775150895	0.87540248	34391
"GO:1905459"	"regulation of vascular associated smooth muscle cell apoptotic process"	-5.3448615651886175	2.526339277389844	0.000824553236135162	0.8624615093560642	0.93267616	34391
"GO:0034404"	"nucleobase-containing small molecule biosynthetic process"	-6.920818753952375	5.020593286421175	0.2580851629103057	0.9643727986965346	0.62679412	null
"GO:0034405"	"response to fluid shear stress"	-7.649751981665837	2.9872192299080047	0.0023875123553764393	0.9390405788875915	0.21387172	null
"GO:0034599"	"cellular response to oxidative stress"	-27.694648630553377	5.1302340301621	0.33220388410355384	0.8683083354256125	0.6878397	null
"GO:0034614"	"cellular response to reactive oxygen species"	-19.210419287835574	4.716812715219713	0.1282266429543206	0.866180047451733	0.89847354	34599
"GO:0070301"	"cellular response to hydrogen peroxide"	-9.6345120151091	4.025141949625193	0.026078034438364303	0.8789742132140042	0.7959588	34599
"GO:0034616"	"response to laminar fluid shear stress"	-6.903089986991944	2.510545010206612	0.0007950170008109174	0.9424257189969936	0.2268701	null
"GO:0034654"	"nucleobase-containing compound biosynthetic process"	-6.882728704344236	6.617847437707689	10.209893841355267	0.9745499875428543	0.48073147	null
"GO:0034698"	"response to gonadotropin"	-7.339134521996131	2.8095597146352675	0.0015851112957344607	0.9101513065892443	0.38205909	null
"GO:0034776"	"response to histamine"	-6.804100347590766	2.494154594018443	0.0007654807654866728	0.9064938202934323	0.68216463	null
"GO:0035094"	"response to nicotine"	-22.33068311943389	3.5363058723510337	0.008459670067452392	0.9120592174440496	0.42748508	null
"GO:0035235"	"ionotropic glutamate receptor signaling pathway"	-12.991399828238082	4.110589710299249	0.03174899162061927	0.7831340949082389	0.56291759	null
"GO:0035239"	"tube morphogenesis"	-13.69680394257951	4.817161956022279	0.16155828451773063	0.9080223452822151	0.63703072	null
"GO:0001525"	"angiogenesis"	-10.453457336521868	4.630966594800627	0.1052277610485088	0.9088220566179331	0.92987827	35239
"GO:0030324"	"lung development"	-5.91721462968355	3.9928626713890276	0.02420986755410583	0.9163137541269119	0.83727209	35239
"GO:0035148"	"tube formation"	-5.450996737974212	3.9005855866499615	0.019575139961143115	0.9191688591188879	0.82538437	35239
"GO:0048514"	"blood vessel morphogenesis"	-6.249491605148654	4.705906455700312	0.12504657495107693	0.9079627527586348	0.97192971	35239
"GO:0048565"	"digestive tract development"	-7.308034897232639	3.9463048549934747	0.021748514610418778	0.9198369143559416	0.83123176	35239
"GO:0035295"	"tube development"	-9.313363730737708	4.920832651153442	0.20511684756216036	0.9100436513224034	0.6528536	null
"GO:0035556"	"intracellular signal transduction"	-80.87289520163519	6.25082994866753	4.385343312708344	0.7013983115303899	0.47012294	null
"GO:0007165"	"signal transduction"	-109.69897000433602	6.555859777363872	8.851839893322994	0.6824302668308908	0.78117509	35556
"GO:0035567"	"non-canonical Wnt signaling pathway"	-11.540607512240769	4.1505415413740865	0.03480845332962227	0.7817020274713817	0.69204153	null
"GO:0035813"	"regulation of renal sodium excretion"	-11.71669877129645	2.1335389083702174	0.0003322826473977518	0.7591684828608759	0.53049157	null
"GO:0035815"	"positive regulation of renal sodium excretion"	-9.277366077466187	1.9731278535996986	0.00022890582376289568	0.7211615949182714	0.92100231	35813
"GO:0035821"	"modulation of process of another organism"	-7.531652669587842	4.477251523524889	0.07386027913416102	0.9892090170384528	0.54994866	null
"GO:0035865"	"cellular response to potassium ion"	-4.838631997765025	2.5563025007672873	0.0008836257067836512	0.9104052538360398	0.64294833	null
"GO:0035902"	"response to immobilization stress"	-7.001304841688344	2.2329961103921536	0.00041843000042679864	0.944231447869381	0.22054629	null
"GO:0035994"	"response to muscle stretch"	-7.026872146400302	3.089905111439398	0.0030250027677913853	0.9252756094709432	0.54198947	null
"GO:0050966"	"detection of mechanical stimulus involved in sensory perception of pain"	-6.3260580013659125	2.576341350205793	0.0009254687068263311	0.8801600230891897	0.70430135	35994
"GO:0036499"	"PERK-mediated unfolded protein response"	-7.694648630553377	2.423245873936808	0.0006497971771333813	0.8218325442934489	0.51907142	null
"GO:0038034"	"signal transduction in absence of ligand"	-9.298432014944073	3.939319531078238	0.021401463845358903	0.7951589653790141	0.25432455	null
"GO:0038061"	"non-canonical NF-kappaB signal transduction"	-23.39577394691553	3.518908573691414	0.00812738742005464	0.8026331752651534	0.60113703	null
"GO:0038084"	"vascular endothelial growth factor signaling pathway"	-7.026872146400302	3.794766797940821	0.015341612898001386	0.7767995168385471	0.68683162	null
"GO:0035924"	"cellular response to vascular endothelial growth factor stimulus"	-7.016824927962187	3.9185545305502734	0.020402154550221964	0.9206491397269307	0.71591283	38084
"GO:0038093"	"Fc receptor signaling pathway"	-18.835647144215564	3.2826221128780624	0.004715952240104389	0.7265705721586876	0.67868373	null
"GO:0038095"	"Fc-epsilon receptor signaling pathway"	-18.705533773838408	2.9459607035775686	0.0021709132963319785	0.7370602142894396	0.64667113	null
"GO:0038183"	"bile acid signaling pathway"	-7.694648630553377	2.499687082618404	0.0007753261772614208	0.8283453552840785	0.19774204	null
"GO:0040007"	"growth"	-8.931814138253838	4.669911651840315	0.11510024770563755	1	-0	null
"GO:0040008"	"regulation of growth"	-18.35163998901907	4.89184397587854	0.19187230737218033	0.8415829707939373	0.18818806	null
"GO:0040011"	"locomotion"	-23.500312917381596	5.307164307090027	0.4992706765092561	1	-0	null
"GO:0040012"	"regulation of locomotion"	-40.100726812682396	5.219450916891037	0.4079643277102412	0.8328673596092758	0.20396341	null
"GO:0042060"	"wound healing"	-16.627087997029893	4.688428721388616	0.12011402365192808	0.9206910759932024	0.43798181	null
"GO:0048678"	"response to axon injury"	-6.573488738635425	3.6093809442507068	0.010010322421975235	0.9320819847994488	0.80877784	42060
"GO:0042127"	"regulation of cell population proliferation"	-93.91721462968356	5.212677574440172	0.401650957409684	0.825407324278554	0.20361052	null
"GO:0042149"	"cellular response to glucose starvation"	-7.4089353929735005	3.7771367125041726	0.014731197367966997	0.9209045273087754	0.66468567	null
"GO:0042180"	"cellular ketone metabolic process"	-8.087777943467584	5.316240908445637	0.5098151125200113	0.9656156860118528	0.37472904	null
"GO:0042221"	"response to chemical"	-190.26360349772335	6.242583414694064	4.302858452859503	0.9069032567939517	-0	null
"GO:0042359"	"vitamin D metabolic process"	-6.121478204498794	3.230448921378274	0.0041818386513242985	0.9561545758384115	0.67385897	null
"GO:0070640"	"vitamin D3 metabolic process"	-5.16304326294045	3.179838928023187	0.00372156565085482	0.9556165660769493	0.78243504	42359
"GO:0042391"	"regulation of membrane potential"	-81.16877030613294	5.197861985482968	0.3881799727488847	0.8098005568887142	0.59376874	null
"GO:0042440"	"pigment metabolic process"	-7.18111458540599	5.29161301693988	0.481708923256049	0.991780059759861	0.05284569	null
"GO:0042445"	"hormone metabolic process"	-39.57675412606319	4.894808795929415	0.19318666984410923	0.8042216891785808	0.55958328	null
"GO:0008207"	"C21-steroid hormone metabolic process"	-10.075720713938118	3.9429995933660407	0.02158360396319175	0.8110375565497977	0.79705976	42445
"GO:0008209"	"androgen metabolic process"	-10.075720713938118	3.5089335260500327	0.007942785949278114	0.8230294846389263	0.74627581	42445
"GO:0008210"	"estrogen metabolic process"	-17.158015195409885	3.552911450216509	0.008789491361906458	0.8220335831071289	0.751125	42445
"GO:0009914"	"hormone transport"	-10.991399828238082	4.2159546438691295	0.0404671037471588	0.8121226548001265	0.83268817	42445
"GO:0030072"	"peptide hormone secretion"	-7.434152181326482	3.8715729355458786	0.01831000454808797	0.7867600416709304	0.78823393	42445
"GO:0030073"	"insulin secretion"	-6.537602002101044	3.7861122837198264	0.01503886648592788	0.7871119487363535	0.98592858	42445
"GO:0032350"	"regulation of hormone metabolic process"	-10.892790030352131	3.2350231594952237	0.0042261430043106655	0.8273540758274566	0.71742441	42445
"GO:0042446"	"hormone biosynthetic process"	-16.37161106994969	4.616139291308727	0.10169571957431786	0.8092368264373352	0.89108288	42445
"GO:0046879"	"hormone secretion"	-6.958607314841775	3.931712067056756	0.02102979955086216	0.7880200135250018	0.91483867	42445
"GO:0042447"	"hormone catabolic process"	-6.568636235841013	2.9894498176666917	0.0023998191200948742	0.8430842460408334	0.69338268	null
"GO:0042476"	"odontogenesis"	-8.063989204284791	3.7811807209372614	0.014869033132813472	0.9601724045158753	0.51282159	null
"GO:0042558"	"pteridine-containing compound metabolic process"	-5.393618634889395	5.286860485522373	0.4764662414859956	0.9917886768952903	0.05277866	null
"GO:0042592"	"homeostatic process"	-103.23957751657679	5.894315508737042	1.9296957851447603	1	-0	null
"GO:0042593"	"glucose homeostasis"	-20.856985199745903	4.502986698753511	0.07836947772699569	0.9770521997105099	0.68187456	null
"GO:0001678"	"intracellular glucose homeostasis"	-9.421360790031928	4.320997416794221	0.05154073064080684	0.9772802699268465	0.96992741	42593
"GO:0042596"	"fear response"	-7.016824927962187	3.1649473726218416	0.0035960366507267806	0.8897522026086592	0.43593375	null
"GO:0001662"	"behavioral fear response"	-5.446116973356125	3.1000257301078626	0.00309638200315831	0.8833158651157075	0.90905461	42596
"GO:0048265"	"response to pain"	-5.42021640338319	3.1812717715594614	0.003733872415573256	0.8895323904666665	0.91738537	42596
"GO:0042632"	"cholesterol homeostasis"	-15.562249437179611	4.218115186304549	0.04066893468854114	0.977715228736197	0.64463708	null
"GO:0055090"	"acylglycerol homeostasis"	-14.385102783966865	3.812579155409047	0.015984026016303707	0.9790112729682102	0.77865642	42632
"GO:0055092"	"sterol homeostasis"	-15.29929628285498	4.2208400158341774	0.04092491539468459	0.9777059870208528	0.82555692	42632
"GO:0070328"	"triglyceride homeostasis"	-14.385102783966865	3.808818425092124	0.01584619025145723	0.9790225952626587	0.77824913	42632
"GO:0042743"	"hydrogen peroxide metabolic process"	-8.303643611266669	4.890510439603599	0.19128404401863913	0.9821926934973091	0.64593021	null
"GO:0006801"	"superoxide metabolic process"	-5.51427857351842	4.75721376909311	0.14072785455530712	0.9826127619499772	0.88741383	42743
"GO:0042752"	"regulation of circadian rhythm"	-12.169411331314855	4.27214341759105	0.04605683628227209	0.855748342737612	0.16416904	null
"GO:0042770"	"signal transduction in response to DNA damage"	-5.176525770829699	4.812271462969797	0.15974919010412064	0.7597871237632895	0.46227864	null
"GO:0042908"	"xenobiotic transport"	-12.210419287835574	5.080474962416494	0.29624105624334235	0.977147257439367	0.31115244	null
"GO:0042939"	"tripeptide transport"	-5.16304326294045	3.9906939606797516	0.024089261259865165	0.9773669794610118	0.33714655	null
"GO:0042981"	"regulation of apoptotic process"	-82.2464169411071	5.3014770887669	0.49277516609086597	0.8013380045438515	0.2083361	null
"GO:0043065"	"positive regulation of apoptotic process"	-37.89279003035213	4.768482704043391	0.14442726802966876	0.7367392730482656	0.88677024	42981
"GO:0043066"	"negative regulation of apoptotic process"	-63.30189945437661	4.969196845946869	0.22927994941033614	0.768529041684967	0.92274968	42981
"GO:0043068"	"positive regulation of programmed cell death"	-38.25258819211358	4.779762386032165	0.14822759697472157	0.7373797160264681	0.88871764	42981
"GO:0043069"	"negative regulation of programmed cell death"	-66.13076828026902	4.980998152783538	0.2355957810638371	0.7691622963372502	0.92495624	42981
"GO:0043523"	"regulation of neuron apoptotic process"	-22.29073003902417	4.192623200012946	0.03835034021558793	0.8320884899030864	0.79754758	42981
"GO:0043524"	"negative regulation of neuron apoptotic process"	-10.621602099051863	4.026614967934676	0.026166643144337035	0.7977732395169604	0.90776342	42981
"GO:0043525"	"positive regulation of neuron apoptotic process"	-14.083019952679617	3.667359546183087	0.01144036848225741	0.773074612318068	0.73049989	42981
"GO:0070228"	"regulation of lymphocyte apoptotic process"	-6.201349354554731	3.564784384503987	0.009033165303331476	0.8452262561014989	0.71869966	42981
"GO:1902041"	"regulation of extrinsic apoptotic signaling pathway via death domain receptors"	-12.821023052706831	3.625723909525756	0.010394293481190415	0.7910766982423542	0.90279865	42981
"GO:1902042"	"negative regulation of extrinsic apoptotic signaling pathway via death domain receptors"	-12.614393726401687	3.5588285248170117	0.008910097656147123	0.7618839445477799	0.89489074	42981
"GO:2000106"	"regulation of leukocyte apoptotic process"	-7.7423214251308154	3.707995746422929	0.012562745424578707	0.842721152635406	0.73528236	42981
"GO:2000108"	"positive regulation of leukocyte apoptotic process"	-5.185752404268079	3.4127964287165433	0.006365058712374712	0.7800346568223728	0.9466641	42981
"GO:2000351"	"regulation of endothelial cell apoptotic process"	-13.812479279163536	3.482158695411276	0.007467744831146512	0.8472230173210374	0.70946755	42981
"GO:2001233"	"regulation of apoptotic signaling pathway"	-30.130768280269024	4.65901246006286	0.11224753964390426	0.7622253202289491	0.86830465	42981
"GO:2001234"	"negative regulation of apoptotic signaling pathway"	-26.707743928643524	4.4248979631844	0.06547198830207555	0.7337228110651536	0.8312845	42981
"GO:2001235"	"positive regulation of apoptotic signaling pathway"	-11.76447155309245	4.246818521210052	0.04344780216196382	0.7079939835403611	0.91090069	42981
"GO:2001236"	"regulation of extrinsic apoptotic signaling pathway"	-24.747146969020108	4.189518386126378	0.03807713003883867	0.7754926865262292	0.89243889	42981
"GO:2001237"	"negative regulation of extrinsic apoptotic signaling pathway"	-24.6345120151091	4.019988159591286	0.02577036532040342	0.7474232978793981	0.87009853	42981
"GO:2001239"	"regulation of extrinsic apoptotic signaling pathway in absence of ligand"	-8.39469495385889	3.624797578960761	0.01037214130469723	0.7911011735112552	0.90268819	42981
"GO:2001240"	"negative regulation of extrinsic apoptotic signaling pathway in absence of ligand"	-8.94692155651658	3.5931752634781025	0.009643580833365865	0.7608621960430558	0.89893363	42981
"GO:2001242"	"regulation of intrinsic apoptotic signaling pathway"	-11.098541678603887	4.168615322211018	0.03628772644877819	0.77454138716045	0.88962256	42981
"GO:2001243"	"negative regulation of intrinsic apoptotic signaling pathway"	-7.931814138253839	3.942057683841395	0.021536838257261694	0.7485552009967444	0.8770652	42981
"GO:2001244"	"positive regulation of intrinsic apoptotic signaling pathway"	-5.692503962086787	3.716170347859854	0.01280149666011635	0.7258958056796705	0.90983948	42981
"GO:0043062"	"extracellular structure organization"	-8.906578314837764	4.974295182354866	0.23198743764839191	0.9910473016868689	0.26418938	null
"GO:0043067"	"regulation of programmed cell death"	-85.18641901143181	5.314758085477364	0.5080773973417684	0.8223662004864645	0.20906179	null
"GO:0043207"	"response to external biotic stimulus"	-40.198596289982646	5.58325206532196	0.9428113996675499	0.9055565086357972	0.37759319	null
"GO:0002237"	"response to molecule of bacterial origin"	-40.903089986991944	4.403360775765525	0.062304227063550315	0.9173598640195093	0.76203931	43207
"GO:0006935"	"chemotaxis"	-20.863279432843594	5.29857800889311	0.48949664396987486	0.8763455120741903	0.81812321	43207
"GO:0009615"	"response to virus"	-7.110698297493689	4.845203498726108	0.17233408770519254	0.9126251090329938	0.83234533	43207
"GO:0009617"	"response to bacterium"	-10.139661993429007	4.930271349530451	0.20962358480205134	0.9114170144533423	0.84739736	43207
"GO:0042330"	"taxis"	-20.609064892896622	5.30041720832783	0.49157402585434673	0.9110635887403594	0.99170397	43207
"GO:0042742"	"defense response to bacterium"	-5.686132779630847	4.729812507160935	0.1321229646641772	0.9041949369555247	0.87860732	43207
"GO:0051707"	"response to other organism"	-15.238824186844269	5.58315795063656	0.9426071073732241	0.9008812732425363	0.98396224	43207
"GO:0060326"	"cell chemotaxis"	-15.068542129310995	4.670282970674412	0.11519870182338504	0.8719872579522686	0.87527143	43207
"GO:0071216"	"cellular response to biotic stimulus"	-18.29670862188134	4.361028625813672	0.056517586292942054	0.9204062252452795	0.75592179	43207
"GO:0098542"	"defense response to other organism"	-5.804100347590766	5.498673003926671	0.775971051732667	0.8923051104728271	0.96386174	43207
"GO:0043252"	"sodium-independent organic anion transport"	-6.903089986991944	3.966047821076454	0.022760130670274156	0.977162758331912	0.66034866	null
"GO:0043299"	"leukocyte degranulation"	-18.11918640771921	3.1775364999298623	0.0037018748273053245	0.9460941162236932	0.63612371	null
"GO:0043393"	"regulation of protein binding"	-11.108462542327436	2.575187844927661	0.0009230073538826439	0.8585063393848502	0.50737391	null
"GO:0032092"	"positive regulation of protein binding"	-5.101274818410507	1.8976270912904414	0.00019198552960758992	0.8664988126344763	0.8886358	43393
"GO:0043388"	"positive regulation of DNA binding"	-6.166215625343521	1.9590413923210936	0.00022152176493183453	0.8658999874032712	0.79977477	43393
"GO:0051099"	"positive regulation of binding"	-10.098541678603887	2.5575072019056577	0.0008860870597273381	0.8569569240379915	0.8475092	43393
"GO:0051100"	"negative regulation of binding"	-6.094743951251549	2.509202522331103	0.0007925556478672304	0.8578555002062227	0.8434583	43393
"GO:0051101"	"regulation of DNA binding"	-7.127261172527331	2.1958996524092336	0.00038397105921517984	0.8643393998043429	0.81805638	43393
"GO:0043412"	"macromolecule modification"	-8.270025714300445	6.61757147177754	10.203408176348653	0.985097608341588	0.3709377	null
"GO:0043467"	"regulation of generation of precursor metabolites and energy"	-5.684029654543083	4.410034503205366	0.06326907741747564	0.8264220977541238	0.25686061	null
"GO:0043491"	"phosphatidylinositol 3-kinase/protein kinase B signal transduction"	-6.403402904373539	3.6844862921887342	0.01190064148272689	0.7984009656089692	0.61583421	null
"GO:0043542"	"endothelial cell migration"	-7.4698003017969175	3.73559889969818	0.013387298660713868	0.9901783967601608	0.66548449	null
"GO:0043550"	"regulation of lipid kinase activity"	-6.030584087646019	2.484299839346786	0.0007482512948808633	0.826117248530285	0.59680367	null
"GO:0043627"	"response to estrogen"	-11.517126416391246	3.6615287401319825	0.011287764599748814	0.9000618869644783	0.67195446	null
"GO:0043648"	"dicarboxylic acid metabolic process"	-7.29929628285498	5.692459140583425	1.21236154458955	0.958822490236445	0.59040613	null
"GO:0043687"	"post-translational protein modification"	-6.632644078973981	5.884384090011739	1.8860683042179072	0.9809206392355168	0.63040062	null
"GO:0044062"	"regulation of excretion"	-14.170053304058364	2.4899584794248346	0.0007580967066556116	0.750444326468602	0.55661565	null
"GO:0044070"	"regulation of monoatomic anion transport"	-23.707743928643524	3.2773799746672547	0.004659341122399587	0.8101148563237203	0.6242962	null
"GO:0044087"	"regulation of cellular component biogenesis"	-10.681936665037238	5.3580510242818	0.5613361523372687	0.8210429695821149	0.21146286	null
"GO:0044089"	"positive regulation of cellular component biogenesis"	-9.429457060118102	4.855500983970402	0.17646916065058676	0.7483785050814852	0.50126431	null
"GO:0032231"	"regulation of actin filament bundle assembly"	-5.777283528852417	4.146964796989748	0.034522936388154575	0.8381381185770375	0.72021306	44089
"GO:0043254"	"regulation of protein-containing complex assembly"	-8.089375595110798	5.048907701483771	0.27547216010451103	0.8158645868177954	0.84247536	44089
"GO:0051492"	"regulation of stress fiber assembly"	-5.617982957425132	3.965906915495192	0.022752746611443095	0.8421447389229675	0.7226449	44089
"GO:1901888"	"regulation of cell junction assembly"	-6.460923901207224	4.398200507219428	0.061568282533387884	0.8333674890046341	0.75055408	44089
"GO:0044093"	"positive regulation of molecular function"	-58.96257350205938	5.5038873334560945	0.7853438837422273	0.7919046831983467	0.21997324	null
"GO:0006919"	"activation of cysteine-type endopeptidase activity involved in apoptotic process"	-16.224753740259764	3.9200189160289147	0.020471072432645197	0.7370552991359883	0.95361	44093
"GO:0010950"	"positive regulation of endopeptidase activity"	-15.913640169325252	4.2657373643174905	0.04538242557570184	0.7250027892451144	0.86918587	44093
"GO:0010952"	"positive regulation of peptidase activity"	-15.950781977329818	4.381169251279146	0.05920046100156095	0.7213346127495914	0.86168567	44093
"GO:0032409"	"regulation of transporter activity"	-29.826813731587727	4.787184081777398	0.15078248133026873	0.8149355847710889	0.73529882	44093
"GO:0043085"	"positive regulation of catalytic activity"	-45.24184537803261	5.423855097552538	0.6531716920191764	0.7909188555366191	0.84442632	44093
"GO:0043086"	"negative regulation of catalytic activity"	-14.774690718274137	5.126326260094941	0.32922810839463623	0.8007699372337753	0.78965888	44093
"GO:0043154"	"negative regulation of cysteine-type endopeptidase activity involved in apoptotic process"	-7.270025714300444	3.7058637122839193	0.01250121160098653	0.7525704927319156	0.89269374	44093
"GO:0043280"	"positive regulation of cysteine-type endopeptidase activity involved in apoptotic process"	-15.101274818410506	4.143795203845767	0.0342718783878985	0.7291571008940732	0.95037724	44093
"GO:0043281"	"regulation of cysteine-type endopeptidase activity involved in apoptotic process"	-20.03668448861389	4.295764961229772	0.04863141146136875	0.7920159165922784	0.84983366	44093
"GO:0044092"	"negative regulation of molecular function"	-24.614393726401687	5.225482447973504	0.41366974383370786	0.8015179527238063	0.80710431	44093
"GO:0045861"	"negative regulation of proteolysis"	-5.3124710387853655	4.860170246649844	0.17837670918194423	0.7616945323519793	0.84357914	44093
"GO:0045862"	"positive regulation of proteolysis"	-18.434152181326482	5.043425157737735	0.27201642057157444	0.7207910356542301	0.87325173	44093
"GO:0050790"	"regulation of catalytic activity"	-48.014124642691606	5.6698039099679605	1.150739112291401	0.7857052876262121	0.89578343	44093
"GO:0051090"	"regulation of DNA-binding transcription factor activity"	-22.476253533188437	4.695271483141623	0.12202157218328553	0.7837919159827627	0.72183177	44093
"GO:0051336"	"regulation of hydrolase activity"	-16.272458742971445	5.332151528795684	0.5288389094217687	0.7961090422433309	0.85919351	44093
"GO:0051338"	"regulation of transferase activity"	-41.1791420105603	5.267800413255474	0.45600747581806883	0.7982983430249959	0.84697735	44093
"GO:0051345"	"positive regulation of hydrolase activity"	-13.962573502059376	5.117887490167946	0.32289258591758574	0.7995618875941194	0.89326231	44093
"GO:0051346"	"negative regulation of hydrolase activity"	-4.8297382846050425	4.871899700904802	0.18326003342221936	0.8069395404567895	0.9094804	44093
"GO:0051347"	"positive regulation of transferase activity"	-40.29073003902417	4.943301563199376	0.2160083343379756	0.8043587800716002	0.86111048	44093
"GO:0051348"	"negative regulation of transferase activity"	-7.062482107982653	4.653926100357292	0.11094056123080642	0.8127076555095245	0.87302075	44093
"GO:0052547"	"regulation of peptidase activity"	-18.51999305704285	4.964316212111059	0.2267176809959579	0.7721718227554275	0.76272235	44093
"GO:0052548"	"regulation of endopeptidase activity"	-19.460923901207224	4.7124223950396535	0.1269368940118286	0.7799121192983887	0.82108488	44093
"GO:2000116"	"regulation of cysteine-type endopeptidase activity"	-21.283162276700477	4.386017139806847	0.05986502629635645	0.7897683217212219	0.88518218	44093
"GO:2000117"	"negative regulation of cysteine-type endopeptidase activity"	-6.688246138944246	3.893817223967463	0.019272393549069605	0.7664052577981713	0.91657083	44093
"GO:2001056"	"positive regulation of cysteine-type endopeptidase activity"	-15.161150909262744	4.196507791939696	0.03869492962770413	0.7272661219426237	0.97176003	44093
"GO:0044237"	"cellular metabolic process"	-35.30715308072277	7.206964612305403	39.640441131550894	0.9795652940927781	0.16054973	null
"GO:0044238"	"primary metabolic process"	-30.31158017799729	7.2961789470216925	48.680252087830326	0.9847005428489025	0.27679073	null
"GO:0044242"	"cellular lipid catabolic process"	-5.920818753952375	5.535267529770699	0.8441899099198973	0.9544600362182073	0.67161312	null
"GO:0044248"	"cellular catabolic process"	-14.821023052706831	6.132535999945928	3.339716277877099	0.9689596731591524	0.35416209	null
"GO:0044249"	"cellular biosynthetic process"	-15.928117992693874	6.9786911861886	23.43500411119782	0.9676804741738658	0.31794305	null
"GO:0044255"	"cellular lipid metabolic process"	-21.49349496759513	6.257374462280024	4.451927832540966	0.9570848089513108	0.61672184	null
"GO:0006631"	"fatty acid metabolic process"	-22.49349496759513	5.856685398354459	1.7695330877461002	0.9408175420194408	0.74116763	44255
"GO:0008610"	"lipid biosynthetic process"	-16.605548319173785	6.1509841162172165	3.4846382778484486	0.9640313820381146	0.81881165	44255
"GO:0016042"	"lipid catabolic process"	-12.232102383981909	5.6798029723004975	1.1775407844952093	0.962300688029892	0.70120399	44255
"GO:0044281"	"small molecule metabolic process"	-65.55752023093555	6.778861392387942	14.792283225323425	0.9875866012691632	0.08769703	null
"GO:0044282"	"small molecule catabolic process"	-11.001740661576301	6.05602890327554	2.800286166738645	0.9589194118820497	0.62640016	null
"GO:0044283"	"small molecule biosynthetic process"	-35.42712839779952	6.400638651157823	6.191735160786158	0.9607029926230528	0.6199216	null
"GO:0044320"	"cellular response to leptin stimulus"	-5.3448615651886175	3.04493154614916	0.0027271790616052523	0.8986402191378121	0.46799152	null
"GO:0044321"	"response to leptin"	-8.05453141486818	3.225309281725863	0.004132611592450558	0.9054970242134831	0.62744964	null
"GO:0044403"	"biological process involved in symbiotic interaction"	-7.371611069949688	4.53773096841162	0.08489698573365374	0.9891124911675245	0.62918432	null
"GO:0044419"	"biological process involved in interspecies interaction between organisms"	-13.782516055786093	5.636486893362641	1.0657609019106056	1	-0	null
"GO:0044703"	"multi-organism reproductive process"	-7.712198270069774	3.7428036584691657	0.01361128177858939	0.9928882814459671	0.50400408	null
"GO:0044706"	"multi-multicellular organism process"	-7.082494490447453	4.024731889655249	0.02605342090892743	0.9412398502195672	0.50367118	null
"GO:0045117"	"azole transmembrane transport"	-6.6777807052660805	4.015694988526518	0.025516845967203654	0.9728966495639626	0.33272732	null
"GO:0045124"	"regulation of bone resorption"	-11.518557371497694	3.785756799962643	0.015026559721209443	0.7772777371065432	0.6567135	null
"GO:0034105"	"positive regulation of tissue remodeling"	-9.607303046740334	2.103803720955957	0.00031013047090456836	0.7683389851900349	0.79878553	45124
"GO:0045779"	"negative regulation of bone resorption"	-5.121478204498794	3.472171146692363	0.007297911478032105	0.7523485068128146	0.94400059	45124
"GO:0045780"	"positive regulation of bone resorption"	-5.057495893831919	3.34966598409663	0.005503585182084245	0.7343741990510965	0.92968694	45124
"GO:0046850"	"regulation of bone remodeling"	-11.220403508742175	3.851135995011574	0.017468221841346998	0.7754518379208541	0.98325423	45124
"GO:0046852"	"positive regulation of bone remodeling"	-5.057495893831919	2.8981764834976764	0.00714775929610271	0.7308015054142616	0.94293105	45124
"GO:0045165"	"cell fate commitment"	-6.090443970758825	4.80453468538638	0.1569284796306553	0.9561089397704082	0.6351557	null
"GO:0045187"	"regulation of circadian sleep/wake cycle, sleep"	-6.835647144215563	2.780317312140151	0.0014817344720996044	0.8030082557826663	0.56548498	null
"GO:0042749"	"regulation of circadian sleep/wake cycle"	-5.391473966422806	2.866877814337499	0.001809094413609982	0.8010866423313445	0.84109765	45187
"GO:0048521"	"negative regulation of behavior"	-6.121478204498794	2.725094521081469	0.001304517060154137	0.7734957929676469	0.78575864	45187
"GO:0060259"	"regulation of feeding behavior"	-5.446116973356125	3.276921132065774	0.004654418416512212	0.791451168563135	0.83313863	45187
"GO:0045321"	"leukocyte activation"	-31.97881070093006	4.662493398030702	0.1131508561742374	0.9040772403080487	0.56926851	null
"GO:0001774"	"microglial cell activation"	-5.863279432843593	2.9995654882259823	0.0024564302377996765	0.8682249422046542	0.95251715	45321
"GO:0002263"	"cell activation involved in immune response"	-22.787812395596042	4.124960450789545	0.03281721879817945	0.8566745263639971	0.87688123	45321
"GO:0002269"	"leukocyte activation involved in inflammatory response"	-5.863279432843593	3.0472748673841794	0.0027419471792673746	0.8687213933118714	0.75097822	45321
"GO:0002274"	"myeloid leukocyte activation"	-21.192464971931148	3.9788193867328423	0.023439464082731783	0.9123312067775502	0.85739338	45321
"GO:0002275"	"myeloid cell activation involved in immune response"	-18.18111458540599	3.75815462196739	0.014101091014383112	0.8619000461035157	0.94672457	45321
"GO:0002283"	"neutrophil activation involved in immune response"	-16.27327279097343	3.079904467666721	0.0029560848853681476	0.8729255008533564	0.9318822	45321
"GO:0002285"	"lymphocyte activation involved in immune response"	-5.078313524516398	3.8489277132270785	0.017379613135374266	0.8608381632049826	0.9585526	45321
"GO:0002366"	"leukocyte activation involved in immune response"	-22.61798295742513	4.102124855734526	0.031136114737641194	0.8561796859390793	0.87377796	45321
"GO:0007596"	"blood coagulation"	-6.896196279044043	4.482659240683335	0.07478574784098735	0.7237443757675052	0.93062252	45321
"GO:0007599"	"hemostasis"	-7.311580177997289	4.485749810814252	0.07531986142976743	0.8246863025719176	0.9512729	45321
"GO:0030098"	"lymphocyte differentiation"	-7.363512103646634	4.277196495795956	0.046595872576939555	0.8865557451097876	0.92034514	45321
"GO:0030168"	"platelet activation"	-10.742321425130816	4.025264892154508	0.026085418497195364	0.7318047955248871	0.86349236	45321
"GO:0030217"	"T cell differentiation"	-7.0385789059335515	4.098436045340363	0.030872749972666674	0.8892787331685825	0.95152631	45321
"GO:0032943"	"mononuclear cell proliferation"	-6.665546248849069	3.7413092088995694	0.013564516072659336	0.9927172311910747	0.98610025	45321
"GO:0036230"	"granulocyte activation"	-18.129011186239424	3.5602653978627146	0.008939633891471368	0.915989545550503	0.88432195	45321
"GO:0042110"	"T cell activation"	-12.605548319173783	4.315340476627288	0.05087370399306765	0.9080406911919352	0.90363681	45321
"GO:0042116"	"macrophage activation"	-5.534617148551582	3.651956069533074	0.011041629305380109	0.9150046973069679	0.90666036	45321
"GO:0042119"	"neutrophil activation"	-18.051098239029788	3.4497868469857735	0.006931169889422735	0.9169581702882513	0.79354427	45321
"GO:0043312"	"neutrophil degranulation"	-16.024568191490737	2.303196057420489	0.0004922705887374101	0.8641518848042418	0.85524935	45321
"GO:0046631"	"alpha-beta T cell activation"	-4.73754891026957	3.7910587435918255	0.015211161191985971	0.9142679629626501	0.83359066	45321
"GO:0046649"	"lymphocyte activation"	-13.3767507096021	4.5574109486956225	0.08883268909060935	0.9049695382721163	0.94010902	45321
"GO:0046651"	"lymphocyte proliferation"	-6.218963061378868	3.7309436934277356	0.013244540189980019	0.9120642394836572	0.82624631	45321
"GO:0061900"	"glial cell activation"	-7.462180904926726	3.1908917169221698	0.003817558415658615	0.8789735415539975	0.76563431	45321
"GO:0070527"	"platelet aggregation"	-5.22548303427145	3.686546899063006	0.011957252600431692	0.7427053639832909	0.82090472	45321
"GO:0045346"	"regulation of MHC class II biosynthetic process"	-5.051587034221399	3.241048150671644	0.004285215474959155	0.8507007586171496	0.21199369	null
"GO:0045348"	"positive regulation of MHC class II biosynthetic process"	-4.838631997765025	3.2177470732627937	0.004061232357083633	0.7842984411046969	0.38059765	null
"GO:0045429"	"positive regulation of nitric oxide biosynthetic process"	-9.581698708680255	3.5691397254724593	0.009124235362247896	0.7806967858188915	0.4013315	null
"GO:0045428"	"regulation of nitric oxide biosynthetic process"	-10.133712660915805	3.6143698395482886	0.010126006010328526	0.8473043042077972	0.97322829	45429
"GO:1904407"	"positive regulation of nitric oxide metabolic process"	-9.262807357295262	3.5733358400660675	0.00921284406822063	0.7831834446164211	0.97373699	45429
"GO:0045444"	"fat cell differentiation"	-5.721246399047171	3.809963521714014	0.01588803325149991	0.9622396066889685	0.51561505	null
"GO:0045471"	"response to ethanol"	-36.89619627904404	3.302330928684399	0.004935012652092536	0.9033547248867563	0.61793214	null
"GO:0097306"	"cellular response to alcohol"	-12.192464971931146	4.228733908376136	0.04167562804250914	0.8805362450719149	0.82097955	45471
"GO:0045595"	"regulation of cell differentiation"	-62.169411331314855	5.19929157277753	0.38945987627960205	0.7738964804581702	0.2029167	null
"GO:0010717"	"regulation of epithelial to mesenchymal transition"	-5.440093374963888	3.673665876245702	0.01160774048242813	0.8091886588383137	0.72060657	45595
"GO:0010718"	"positive regulation of epithelial to mesenchymal transition"	-8.078313524516398	3.3569814009931314	0.005597116593944353	0.7086665346668364	0.71077309	45595
"GO:0010720"	"positive regulation of cell development"	-18.001740661576303	4.670913484999461	0.11536607382355575	0.7063623561300081	0.87567634	45595
"GO:0010721"	"negative regulation of cell development"	-8.022733787572708	4.480624869462199	0.07443623572298379	0.7456560868838443	0.90226227	45595
"GO:0014013"	"regulation of gliogenesis"	-11.869666231504993	3.710709565724337	0.01264150871877669	0.748686190709041	0.72463701	45595
"GO:0014015"	"positive regulation of gliogenesis"	-9.343901797987169	3.3604040547299387	0.00564142094693072	0.7051876378710885	0.71112202	45595
"GO:0022603"	"regulation of anatomical structure morphogenesis"	-44.012333735073724	5.568935882496253	0.9122389347540132	0.7667456303051463	0.81740158	45595
"GO:0022604"	"regulation of cell morphogenesis"	-4.924453038607469	5.451245916765758	0.6956940254743138	0.7704074221364343	0.86646654	45595
"GO:0030308"	"negative regulation of cell growth"	-4.91721462968355	4.392995757577354	0.060834799356169145	0.7853792880876005	0.96303715	45595
"GO:0030856"	"regulation of epithelial cell differentiation"	-8.304518323509802	3.988157472556753	0.023948964142075	0.7420448873717799	0.75631809	45595
"GO:0030858"	"positive regulation of epithelial cell differentiation"	-6.498940737782249	3.3604040547299387	0.00564142094693072	0.7105896439672393	0.71112202	45595
"GO:0045596"	"negative regulation of cell differentiation"	-25.47237009912866	4.688837896131475	0.12022724588733767	0.7400427249630999	0.8501798	45595
"GO:0045597"	"positive regulation of cell differentiation"	-40.0762380391713	4.882604217705935	0.1878332271915899	0.6997777326262988	0.70816521	45595
"GO:0045598"	"regulation of fat cell differentiation"	-12.835647144215564	3.8822398480188234	0.018765354842670074	0.8039934977912839	0.74390242	45595
"GO:0045600"	"positive regulation of fat cell differentiation"	-7.5638373529592435	3.6744937172963503	0.011629892658921314	0.7434588887279895	0.7446661	45595
"GO:0045601"	"regulation of endothelial cell differentiation"	-6.0675262353228465	3.3912880485952974	0.006057389594413831	0.7600637265342395	0.85511617	45595
"GO:0045664"	"regulation of neuron differentiation"	-7.543633966870957	4.267406418752904	0.04555718163470362	0.7936045391472087	0.79112833	45595
"GO:0045666"	"positive regulation of neuron differentiation"	-6.756961951313706	3.909983694939844	0.02000341537334466	0.736037872978353	0.77196364	45595
"GO:0045667"	"regulation of osteoblast differentiation"	-8.212539525481585	3.880012838366772	0.018669362077866278	0.8040504822635373	0.74364574	45595
"GO:0045687"	"positive regulation of glial cell differentiation"	-5.85078088734462	3.204662511748219	0.003940626062842968	0.7103566385868259	0.91790948	45595
"GO:0048640"	"negative regulation of developmental growth"	-5.777283528852417	4.361690069637996	0.056603733645971106	0.7601197313097928	0.88486129	45595
"GO:0050767"	"regulation of neurogenesis"	-15.19586056766465	4.797641413381151	0.15445728127519348	0.7098531514578363	0.91128928	45595
"GO:0050768"	"negative regulation of neurogenesis"	-6.049635145623877	4.321411997974006	0.05158995769968058	0.6929764043651063	0.90917874	45595
"GO:0050769"	"positive regulation of neurogenesis"	-13.906578314837764	4.47872517886946	0.0741113371344171	0.6615285392390682	0.91382189	45595
"GO:0051093"	"negative regulation of developmental process"	-38.2518119729938	4.8752465228514374	0.1846777727177831	0.7524796858533773	0.7071521	45595
"GO:0051094"	"positive regulation of developmental process"	-61.073657553374346	5.12076142698027	0.3250364243315372	0.7114666437931835	0.74260171	45595
"GO:0051147"	"regulation of muscle cell differentiation"	-10.636388020107855	3.966188680956137	0.022767514729105216	0.8018206323404447	0.75370899	45595
"GO:0051961"	"negative regulation of nervous system development"	-6.250263684430939	4.328827939014281	0.0524785061123516	0.7030152025146982	0.88017102	45595
"GO:0051962"	"positive regulation of nervous system development"	-13.399027104313252	4.603955885435382	0.09888239315968357	0.6683681412679737	0.93349872	45595
"GO:0060252"	"positive regulation of glial cell proliferation"	-6.121478204498794	2.7573960287930244	0.001405432530845306	0.7150051131208741	0.85656374	45595
"GO:0060284"	"regulation of cell development"	-20.219682687859848	4.983062194978853	0.23671815800615842	0.7709903440695111	0.89691887	45595
"GO:0090335"	"regulation of brown fat cell differentiation"	-5.057495893831919	3.302330928684399	0.004935012652092536	0.8174709524942636	0.90423065	45595
"GO:0045685"	"regulation of glial cell differentiation"	-7.324221658325915	3.4638929889859074	0.0071600757131856305	0.8141399862226172	0.58528861	null
"GO:0045744"	"negative regulation of G protein-coupled receptor signaling pathway"	-4.779891911959945	3.910464315995614	0.020025567549837843	0.765021547550182	0.57370442	null
"GO:0045761"	"regulation of adenylate cyclase activity"	-5.863279432843593	4.186956335465412	0.03785314692096315	0.8282125726023621	0.65544081	null
"GO:0007190"	"activation of adenylate cyclase activity"	-6.403402904373539	3.8125122842899826	0.015981564663360016	0.8347661109979819	0.9351671	45761
"GO:0031281"	"positive regulation of cyclase activity"	-5.057495893831919	4.011612729219424	0.02527809473166601	0.8302814035152962	0.96169668	45761
"GO:0045778"	"positive regulation of ossification"	-9.671620396561263	3.469232742506612	0.007248684419158364	0.7312899252884599	0.62498468	null
"GO:0030279"	"negative regulation of ossification"	-4.82102305270683	3.4051755462179893	0.006254297829908795	0.7550996862979946	0.88461291	45778
"GO:0030500"	"regulation of bone mineralization"	-6.501689446210399	3.787247880331954	0.015078248133026871	0.7558143451267706	0.92707718	45778
"GO:0030501"	"positive regulation of bone mineralization"	-5.85078088734462	3.3049211619008916	0.004964548887416781	0.7176985751704396	0.87410521	45778
"GO:0070169"	"positive regulation of biomineral tissue development"	-6.308918507877031	3.417471693203293	0.006433976594797951	0.7181182201441197	0.93909977	45778
"GO:0045786"	"negative regulation of cell cycle"	-21.161780778092375	5.185403317076684	0.37720233862004054	0.7701772371443527	0.669822	null
"GO:0007346"	"regulation of mitotic cell cycle"	-16.49214412830417	5.251499516029417	0.43920874197740467	0.8129087910568824	0.83241051	45786
"GO:0010389"	"regulation of G2/M transition of mitotic cell cycle"	-10.193820026016112	4.69477186584108	0.12188127506549537	0.8269139575479864	0.96675563	45786
"GO:0010564"	"regulation of cell cycle process"	-15.446116973356126	5.4196137927680255	0.6468238627774074	0.807451569647282	0.8752915	45786
"GO:0010948"	"negative regulation of cell cycle process"	-11.85078088734462	5.132963726130726	0.3342984954586315	0.7708793369025435	0.96886938	45786
"GO:0010972"	"negative regulation of G2/M transition of mitotic cell cycle"	-13.96657624451305	4.549518221241424	0.08723280967721277	0.7897537910410551	0.85447784	45786
"GO:0045787"	"positive regulation of cell cycle"	-11.730487055782083	4.715961582542223	0.12797558495406453	0.7476082133712965	0.74855662	45786
"GO:0045930"	"negative regulation of mitotic cell cycle"	-14.527243550682787	5.017250432271011	0.2561062351435813	0.7750195858734792	0.79352863	45786
"GO:0045931"	"positive regulation of mitotic cell cycle"	-8.866461091629782	4.366217435946096	0.05719691970539968	0.758869059492719	0.93260118	45786
"GO:0090068"	"positive regulation of cell cycle process"	-8.935542010773082	4.655522596253418	0.11134914581945848	0.7486955457963137	0.74014205	45786
"GO:1901987"	"regulation of cell cycle phase transition"	-9.712198270069774	5.252996154736951	0.4407249353907159	0.8120620417584433	0.87557972	45786
"GO:1901988"	"negative regulation of cell cycle phase transition"	-11.703334809738468	5.100980197353255	0.3105636690226573	0.7716715669393374	0.94688418	45786
"GO:1901990"	"regulation of mitotic cell cycle phase transition"	-9.593459819566045	5.050159265878768	0.27626717710532195	0.8174884666288047	0.91140243	45786
"GO:1901991"	"negative regulation of mitotic cell cycle phase transition"	-12.739928612014925	4.836577274840649	0.16894480470173548	0.7806624819904439	0.9002083	45786
"GO:1902749"	"regulation of cell cycle G2/M phase transition"	-10.557520230935552	4.737359646929792	0.1344390977841867	0.826548347295885	0.75158178	45786
"GO:1902750"	"negative regulation of cell cycle G2/M phase transition"	-13.237321436272564	4.5904517081755385	0.0958549290389485	0.7887263693699598	0.94365018	45786
"GO:1902806"	"regulation of cell cycle G1/S phase transition"	-6.508638306165727	4.253991862812171	0.04417143992740781	0.8385692084951216	0.7533968	45786
"GO:0045898"	"regulation of RNA polymerase II transcription preinitiation complex assembly"	-6.3260580013659125	3.6856521841155243	0.011932639070994821	0.827973870346856	0.67044434	null
"GO:0045899"	"positive regulation of RNA polymerase II transcription preinitiation complex assembly"	-5.3448615651886175	3.672005445022952	0.011563436129441764	0.7602252437430285	0.90810354	45898
"GO:0045913"	"positive regulation of carbohydrate metabolic process"	-18.249491605148656	3.4800069429571505	0.007430824536991206	0.7813054429462423	0.39586195	null
"GO:0006111"	"regulation of gluconeogenesis"	-4.8996294548824375	4.006594386184137	0.024987655084310934	0.8187308335238459	0.90635835	45913
"GO:0010906"	"regulation of glucose metabolic process"	-11.202040356262804	4.366945663852573	0.057292912470203475	0.8110690195562523	0.89168135	45913
"GO:0032881"	"regulation of polysaccharide metabolic process"	-7.187755303199631	4.184918453552462	0.037675929509017686	0.8301159686748185	0.86721511	45913
"GO:0032885"	"regulation of polysaccharide biosynthetic process"	-6.403402904373539	4.131169383089324	0.03328979856336736	0.8247328317682842	0.8602453	45913
"GO:0043255"	"regulation of carbohydrate biosynthetic process"	-12.039529222465701	4.398374086151356	0.06159289606282476	0.8239369354296715	0.7839103	45913
"GO:0070873"	"regulation of glycogen metabolic process"	-5.112382699664264	4.071145290451083	0.02899227632368977	0.8270283585343648	0.9757513	45913
"GO:0045995"	"regulation of embryonic development"	-5.24184537803261	3.781468142841798	0.01487887854458822	0.7573815972293833	0.65626212	null
"GO:0046209"	"nitric oxide metabolic process"	-5.375717904164332	3.981048058913173	0.02356007037697245	0.9936073774724734	0.03913899	null
"GO:0046427"	"positive regulation of receptor signaling pathway via JAK-STAT"	-18.314258261397736	3.765221366304981	0.014332458191089695	0.7382947334617492	0.59657407	null
"GO:0046425"	"regulation of receptor signaling pathway via JAK-STAT"	-16.1249387366083	3.933892035764211	0.021135637727440704	0.7973221494567265	0.97532625	46427
"GO:1904894"	"positive regulation of receptor signaling pathway via STAT"	-19.55129368009492	3.784902449886655	0.014997023485885198	0.7376422410072002	0.95386833	46427
"GO:0046434"	"organophosphate catabolic process"	-6.982966660701219	5.547844826597646	0.8689954248863754	0.9646484767308348	0.639832	null
"GO:0046579"	"positive regulation of Ras protein signal transduction"	-5.017728766960432	3.3001605369513523	0.004910399122655666	0.7522472206403509	0.59837442	null
"GO:0046626"	"regulation of insulin receptor signaling pathway"	-9.422508200162774	3.8432950827365073	0.01715563001749874	0.8006977318675579	0.47002439	null
"GO:0046627"	"negative regulation of insulin receptor signaling pathway"	-5.51427857351842	3.694429690957083	0.012176313012419839	0.7706692776646779	0.55074635	null
"GO:0046628"	"positive regulation of insulin receptor signaling pathway"	-4.769551078621726	3.2523675144598987	0.004398437710368759	0.7540760854541999	0.91037668	46627
"GO:1900077"	"negative regulation of cellular response to insulin stimulus"	-5.85078088734462	3.6989700043360187	0.012304303365491567	0.778675249854155	0.94823742	46627
"GO:0046677"	"response to antibiotic"	-53.48412615628832	5.115703683637	0.32127301568063965	0.8891256922124604	0.57629611	null
"GO:0046683"	"response to organophosphorus"	-21.306273051076353	3.9587071910872846	0.022378620964002664	0.9069243765493215	0.45920066	null
"GO:0046685"	"response to arsenic-containing substance"	-5.782516055786093	4.280737673504682	0.04697738228321105	0.9025811856657477	0.48672789	null
"GO:0046717"	"acid secretion"	-11.628932137728263	3.24551266781415	0.004329519827945522	0.9779011083508424	0.64278401	null
"GO:0046777"	"protein autophosphorylation"	-17.6458915608526	4.959513609718711	0.22422433046400295	0.9713452327637128	0.55396993	null
"GO:0046822"	"regulation of nucleocytoplasmic transport"	-4.950781977329818	3.716420733846555	0.012808880718947412	0.7959686033809605	0.66964273	null
"GO:0046885"	"regulation of hormone biosynthetic process"	-7.655607726314889	3.0362295440862948	0.002673029296844137	0.8249162710394312	0.69783825	null
"GO:0032352"	"positive regulation of hormone metabolic process"	-5.42021640338319	2.6665179805548807	0.0011396064129271044	0.7802820080811932	0.91924338	46885
"GO:0046890"	"regulation of lipid biosynthetic process"	-33.507239610973166	4.419096217377991	0.06460313071295401	0.8137915298887369	0.26167299	null
"GO:0019217"	"regulation of fatty acid metabolic process"	-16.372634143407268	4.094610863032137	0.0306020011488611	0.8050703190674656	0.88763159	46890
"GO:0019218"	"regulation of steroid metabolic process"	-27.531652669587842	3.8683504996479683	0.018174630136185182	0.8286426061452703	0.85864906	46890
"GO:0042304"	"regulation of fatty acid biosynthetic process"	-8.549750891680638	3.8881233072979087	0.019021335548813526	0.8088969987853429	0.9155742	46890
"GO:0045540"	"regulation of cholesterol biosynthetic process"	-7.640164517660112	3.3935752032695876	0.006089387182681763	0.8248623061467004	0.93397415	46890
"GO:0045723"	"positive regulation of fatty acid biosynthetic process"	-5.701146923590294	3.2997251539756367	0.0049054764167682915	0.7575712305941573	0.87284896	46890
"GO:0045833"	"negative regulation of lipid metabolic process"	-14.642065152999546	3.9482172935599706	0.021844507375222574	0.789659479106071	0.86866103	46890
"GO:0045834"	"positive regulation of lipid metabolic process"	-26.465973893943865	4.117337595095921	0.03224618491524405	0.75418350485934	0.89065116	46890
"GO:0045922"	"negative regulation of fatty acid metabolic process"	-4.943095148663527	3.7441364524012473	0.01365312477863207	0.7771728724400014	0.96067478	46890
"GO:0045923"	"positive regulation of fatty acid metabolic process"	-12.039529222465701	3.6554265877459184	0.011130238011352843	0.7481033764149897	0.91349076	46890
"GO:0045939"	"negative regulation of steroid metabolic process"	-4.844663962534939	3.0025979807199086	0.0024736597084054858	0.8117679825170331	0.89047239	46890
"GO:0045940"	"positive regulation of steroid metabolic process"	-8.991399828238082	3.182414652434554	0.0037437178273480036	0.7797910853028239	0.9099684	46890
"GO:0046320"	"regulation of fatty acid oxidation"	-7.97469413473523	3.2704459080179626	0.0045855005340889755	0.8241693028043023	0.79043502	46890
"GO:0046889"	"positive regulation of lipid biosynthetic process"	-13.642065152999546	3.9204885646582976	0.020493224609138383	0.7570993198489259	0.86515868	46890
"GO:0050810"	"regulation of steroid biosynthetic process"	-20.480172006224283	3.8158432906632664	0.016104632310544372	0.8273923569036659	0.85219151	46890
"GO:0050994"	"regulation of lipid catabolic process"	-16.37161106994969	3.757547853469244	0.014081400190833615	0.8257726182765089	0.8451348	46890
"GO:0050995"	"negative regulation of lipid catabolic process"	-8.105130343254748	3.0707764628434346	0.0028945510617759715	0.8062493339953067	0.88263795	46890
"GO:0050996"	"positive regulation of lipid catabolic process"	-6.686132779630847	3.467608105583633	0.007221609536777806	0.768655174354768	0.89157208	46890
"GO:0051055"	"negative regulation of lipid biosynthetic process"	-8.309803919971486	3.8543060418010806	0.017596212194418724	0.790222002231162	0.85691226	46890
"GO:0060556"	"regulation of vitamin D biosynthetic process"	-5.987162775294828	2.481442628502305	0.0007433285889934893	0.8386877675037603	0.71534919	46890
"GO:0090181"	"regulation of cholesterol metabolic process"	-9.645891560852599	3.502563669107363	0.00782710236092482	0.824026194574714	0.94686477	46890
"GO:0090207"	"regulation of triglyceride metabolic process"	-5.730487055782084	3.5992278627737964	0.009778955245268653	0.8293292946998709	0.8265459	46890
"GO:0106118"	"regulation of sterol biosynthetic process"	-7.640164517660112	3.41077723337721	0.006335522477050467	0.8361272778845789	0.93598542	46890
"GO:1903725"	"regulation of phospholipid metabolic process"	-9.801342913045577	3.5171958979499744	0.00809538983178671	0.8136124768617251	0.81723163	46890
"GO:1903727"	"positive regulation of phospholipid metabolic process"	-8.882728704344236	3.1835545336188615	0.0037535632391227525	0.7601544080058207	0.78141072	46890
"GO:0046903"	"secretion"	-41.32513885926219	5.504394735350103	0.7862619683902224	0.9751324120358121	0.34980409	null
"GO:0046942"	"carboxylic acid transport"	-23.98296666070122	5.654939497755384	1.1120195691342598	0.9682267490726545	0.36594746	null
"GO:0015701"	"bicarbonate transport"	-9.607303046740334	4.327174958937619	0.05227913652391295	0.9758299882175038	0.70590012	46942
"GO:0015718"	"monocarboxylic acid transport"	-24.65364702554936	5.142849174377076	0.3419951461135409	0.9712717339097632	0.87296883	46942
"GO:0071715"	"icosanoid transport"	-9.607303046740334	4.223106380928587	0.04113905310078537	0.9754901290703435	0.72259769	46942
"GO:1903825"	"organic acid transmembrane transport"	-6.126679398184601	5.576569381331286	0.9284149462999245	0.9630708150088526	0.96795432	46942
"GO:1905039"	"carboxylic acid transmembrane transport"	-5.749579997691106	5.57433806077415	0.9236571510597773	0.962129911356712	0.96741279	46942
"GO:0048008"	"platelet-derived growth factor receptor signaling pathway"	-4.779891911959945	3.712144414214886	0.012683351718819371	0.7929038349334494	0.45982175	null
"GO:0048011"	"neurotrophin TRK receptor signaling pathway"	-4.769551078621726	3.295127085252191	0.004853788004950864	0.7904420267979342	0.6341734	null
"GO:0048015"	"phosphatidylinositol-mediated signaling"	-7.585026652029182	4.51813211935716	0.08115080655336206	0.7760406999819851	0.43715959	null
"GO:0048146"	"positive regulation of fibroblast proliferation"	-11.193141970481182	3.3636119798921444	0.0056832639469734	0.7838734003574179	0.69304437	null
"GO:0048384"	"retinoic acid receptor signaling pathway"	-6.835647144215563	3.7570162347313008	0.014064170720227807	0.7594738850553499	0.68255007	null
"GO:0048511"	"rhythmic process"	-32.48945498979339	4.754172441415161	0.13974577473077598	1	-0	null
"GO:0048518"	"positive regulation of biological process"	-89.93930215964639	6.254081146921754	4.418295905918426	0.7972811068367205	0.2774023	null
"GO:0048519"	"negative regulation of biological process"	-65.71444269099223	6.277663755515925	4.664847168934615	0.7962812559384399	0.31330319	null
"GO:0048523"	"negative regulation of cellular process"	-60.17134010346468	6.242988908587792	4.3068778422165455	0.7338892187468247	0.30931002	null
"GO:0009890"	"negative regulation of biosynthetic process"	-10.51999305704285	5.991804896827453	2.415340411757765	0.7277830567480204	0.93108951	48523
"GO:0009892"	"negative regulation of metabolic process"	-19.701146923590294	6.0749761643750535	2.9251604469836634	0.728445332525204	0.87531209	48523
"GO:0010558"	"negative regulation of macromolecule biosynthetic process"	-7.167491087293763	5.984597964833603	2.375589561717219	0.7202827600865664	0.97325645	48523
"GO:0010605"	"negative regulation of macromolecule metabolic process"	-15.25336580106242	6.054110682922082	2.787944943078998	0.7255722153586348	0.94958798	48523
"GO:0010629"	"negative regulation of gene expression"	-8.057000406633959	5.609610414869414	1.0018051070218412	0.7388340394022365	0.75426178	48523
"GO:0031324"	"negative regulation of cellular metabolic process"	-17.804100347590765	6.027481711072866	2.62213590202752	0.7198608902480744	0.86120625	48523
"GO:0031327"	"negative regulation of cellular biosynthetic process"	-9.276544327964814	5.9904050152671235	2.407567459161601	0.7202694566819074	0.93068216	48523
"GO:0045934"	"negative regulation of nucleobase-containing compound metabolic process"	-6.73754891026957	5.798696212904897	1.5483509895204945	0.7362287165260197	0.87807373	48523
"GO:0048534"	"hematopoietic or lymphoid organ development"	-8.600326278518962	3.7779340488377793	0.014758272250347556	0.9009670230419726	0.59707017	null
"GO:0048568"	"embryonic organ development"	-7.924453038607469	4.675521720607797	0.11659675029539926	0.9092117050038622	0.63691534	null
"GO:0001704"	"formation of primary germ layer"	-5.074172425375258	4.053424204069344	0.027832979087213168	0.9185173993415595	0.78903113	48568
"GO:0048598"	"embryonic morphogenesis"	-7.055517327849832	4.790756508329996	0.15202792591977435	0.9096476688177264	0.89018979	48568
"GO:0048583"	"regulation of response to stimulus"	-88.60380065290427	5.966331372378243	2.2777433981468276	0.808692332354652	0.28075942	null
"GO:0048584"	"positive regulation of response to stimulus"	-93.39040559077478	5.541162220926623	0.8557262711669584	0.6891254434318019	0.57796894	null
"GO:0009891"	"positive regulation of biosynthetic process"	-31.4089353929735	5.913378280293256	2.016283720350727	0.6919389304464509	0.89884332	48584
"GO:0009893"	"positive regulation of metabolic process"	-63.89619627904404	6.06847677870949	2.881710183468756	0.6910188783244464	0.87053528	48584
"GO:0010557"	"positive regulation of macromolecule biosynthetic process"	-23.187086643357144	5.9062655275718985	1.9835304967290837	0.6803464116969062	0.97650792	48584
"GO:0010604"	"positive regulation of macromolecule metabolic process"	-50.835647144215564	6.036854366586578	2.6793402057917506	0.685601001466777	0.93347054	48584
"GO:0031325"	"positive regulation of cellular metabolic process"	-58.81247927916354	5.9756385661812965	2.327083679255978	0.6805619263529232	0.84419067	48584
"GO:0031328"	"positive regulation of cellular biosynthetic process"	-29.950781977329818	5.908930344450636	1.995738807329771	0.680558389979119	0.89764383	48584
"GO:0032101"	"regulation of response to external stimulus"	-56.995678626217355	5.1257544437096305	0.3287949102765473	0.777665962347903	0.70541642	48584
"GO:0045893"	"positive regulation of DNA-templated transcription"	-21.278189384787453	5.793807839906026	1.531020603443994	0.6846989217362599	0.94526507	48584
"GO:0045935"	"positive regulation of nucleobase-containing compound metabolic process"	-22.252588192113578	5.86603259646637	1.8080311091383094	0.6936125745256873	0.88623769	48584
"GO:0045944"	"positive regulation of transcription by RNA polymerase II"	-20.93554201077308	5.609050934447659	1.0005153580793493	0.6943663774334277	0.89805965	48584
"GO:0048522"	"positive regulation of cellular process"	-79.67162039656127	6.174251169289501	3.6764170538087693	0.6951522619381914	0.73946298	48584
"GO:0048585"	"negative regulation of response to stimulus"	-63.40450377817442	5.495058433016688	0.7695395364908127	0.7241318448455539	0.76771907	48584
"GO:0051254"	"positive regulation of RNA metabolic process"	-19.434152181326482	5.849151506011876	1.7391009199503533	0.692721992235607	0.95746444	48584
"GO:0080134"	"regulation of response to stress"	-67.7594507517174	5.2680839618417785	0.45630529952425497	0.7724707674719626	0.72819158	48584
"GO:1902680"	"positive regulation of RNA biosynthetic process"	-21.226945306635738	5.793886030659488	1.531296274973687	0.6847804677135277	0.95266769	48584
"GO:0048589"	"developmental growth"	-8.536107011014092	4.621404797687649	0.10293624145793613	0.9635727159337456	0.60915281	null
"GO:0048634"	"regulation of muscle organ development"	-11.669586226650809	3.595606434865603	0.00969773059812698	0.825325064138388	0.56625334	null
"GO:0048638"	"regulation of developmental growth"	-18.47755576649368	4.6391875599357535	0.10723868640350111	0.7927305017931773	0.67611905	null
"GO:0001558"	"regulation of cell growth"	-10.29929628285498	4.6858312746260635	0.11939776994531513	0.8184138084171375	0.92039184	48638
"GO:0030307"	"positive regulation of cell growth"	-6.3448615651886175	4.216614485501277	0.040528637570750974	0.7571225127718199	0.92279326	48638
"GO:0040014"	"regulation of multicellular organism growth"	-6.323306390375134	3.6377898293622293	0.010687194481489174	0.7610719272805547	0.78140286	48638
"GO:0045926"	"negative regulation of growth"	-7.823908740944319	4.494391164387891	0.07683359349013497	0.799380761857885	0.89143036	48638
"GO:0045927"	"positive regulation of growth"	-11.42712839779952	4.411905774756818	0.06354228759422491	0.7681934683986036	0.879506	48638
"GO:0046620"	"regulation of organ growth"	-12.10902040301031	3.937517892017347	0.02131285513938617	0.7519486935728869	0.81667573	48638
"GO:0046622"	"positive regulation of organ growth"	-6.642065152999546	3.2884728005997825	0.004779947416640252	0.7171722185856062	0.85418383	48638
"GO:0048639"	"positive regulation of developmental growth"	-10.347753658996677	4.076676845705642	0.029363940618186517	0.7398601556566732	0.83415679	48638
"GO:0055021"	"regulation of cardiac muscle tissue growth"	-8.096910013008056	3.149834696715785	0.0034729690035424287	0.7693312438435223	0.84061537	48638
"GO:0055023"	"positive regulation of cardiac muscle tissue growth"	-4.841637507904751	2.9360107957152097	0.0021216862374582378	0.725407780937673	0.96802742	48638
"GO:0060043"	"regulation of cardiac muscle cell proliferation"	-5.642065152999546	3.0696680969115957	0.0028871670029449103	0.7554171954619904	0.94979978	48638
"GO:0060420"	"regulation of heart growth"	-8.163675884293248	3.3352572564345317	0.005323906417195091	0.7646699931344975	0.7487555	48638
"GO:0060421"	"positive regulation of heart growth"	-4.779891911959945	2.9777236052888476	0.002335823943559011	0.7241679423868578	0.94018443	48638
"GO:0048661"	"positive regulation of smooth muscle cell proliferation"	-20.480172006224283	3.298853076409707	0.004895631004993544	0.7842763958114145	0.68658542	null
"GO:0048662"	"negative regulation of smooth muscle cell proliferation"	-13.886056647693163	3.383994789441733	0.005956474123722662	0.8129034896196101	0.9253975	48661
"GO:1904705"	"regulation of vascular associated smooth muscle cell proliferation"	-18.889410289700752	3.243534101832062	0.0043098290043960255	0.8512494001721618	0.91040794	48661
"GO:1904706"	"negative regulation of vascular associated smooth muscle cell proliferation"	-6.718966632752273	2.8530895298518657	0.0017524832959051801	0.8243491663182201	0.9315994	48661
"GO:1904707"	"positive regulation of vascular associated smooth muscle cell proliferation"	-13.447331783887806	2.993876914941211	0.002424432649531745	0.7918259636460273	0.88492329	48661
"GO:0048732"	"gland development"	-22.23882418684427	4.382953100015041	0.05944413494298596	0.9587430876041931	0.57832382	null
"GO:0048771"	"tissue remodeling"	-11.2958494831602	3.9413623357117613	0.021502379316050074	0.9418953261053711	0.49619645	null
"GO:0048839"	"inner ear development"	-5.2549252084179425	4.178660458538169	0.03713689321435022	0.9599717446041117	0.58936921	null
"GO:0048856"	"anatomical structure development"	-46.045757490560675	6.122977274352911	3.2670128346264704	0.95222088321444	-0	null
"GO:0001944"	"vasculature development"	-5.863279432843593	4.778418982771813	0.14776978532719576	0.9100133200115342	0.89507666	48856
"GO:0003006"	"developmental process involved in reproduction"	-15.505845405981557	5.217189050287228	0.4058451028257267	0.9536258011602938	0.70275162	48856
"GO:0003007"	"heart morphogenesis"	-5.112382699664264	4.4248979631844	0.06547198830207555	0.91030380249908	0.84152526	48856
"GO:0007507"	"heart development"	-9.500312917381596	4.8837522584889	0.18833042048621468	0.9054075805570421	0.74974282	48856
"GO:0008406"	"gonad development"	-6.735182176990463	4.159597267987408	0.03554193650684101	0.9124115371027767	0.90107202	48856
"GO:0008584"	"male gonad development"	-6.006563769502388	3.9607085516885565	0.022481997787637518	0.9147711531670326	0.97043727	48856
"GO:0009653"	"anatomical structure morphogenesis"	-22.82390874094432	5.775654130082595	1.4683422507330033	0.9533317946562192	0.82099838	48856
"GO:0009887"	"animal organ morphogenesis"	-13.60906489289662	5.101592432084546	0.31100178984663357	0.9520117652358387	0.73911231	48856
"GO:0009888"	"tissue development"	-13.671620396561263	5.408885837145902	0.631041667702486	0.9564211295041156	0.73930168	48856
"GO:0030154"	"cell differentiation"	-28.899629454882437	5.923255938243652	2.06266791657451	0.9463741154779016	0.85920872	48856
"GO:0048468"	"cell development"	-10.122053048370812	5.631230628305685	1.0529397144269397	0.9477106323184881	0.89520269	48856
"GO:0048513"	"animal organ development"	-43.94309514866353	5.626726235442988	1.042075302533505	0.9546369923731783	0.7857413	48856
"GO:0048608"	"reproductive structure development"	-12.712198270069774	4.767474973821422	0.14409252402932732	0.9075136885485026	0.74970006	48856
"GO:0048609"	"multicellular organismal reproductive process"	-5.756961951313706	5.047928737891978	0.2748518991627019	0.9915542994242926	0.79215481	48856
"GO:0048646"	"anatomical structure formation involved in morphogenesis"	-17.1791420105603	5.228431158637907	0.41648799295422956	0.9554135799945694	0.70479507	48856
"GO:0048731"	"system development"	-6.876148359032914	5.901913628675514	1.963753525826558	0.8935623116795384	0.85346525	48856
"GO:0048869"	"cellular developmental process"	-39.10347378251044	5.933789366689749	2.113307792037927	0.9486977663500553	0.86207197	48856
"GO:0048857"	"neural nucleus development"	-5.372634143407267	3.017450729510536	0.0025598070614345327	0.9695532156847261	0.44835014	null
"GO:0048870"	"cell motility"	-20.30715308072277	5.531902785916386	0.8376747086779577	0.9947026360669644	0.01854282	null
"GO:0048878"	"chemical homeostasis"	-92.34775365899668	5.782903837869686	1.4930591569935086	0.9734027545986536	-0	null
"GO:0006873"	"intracellular monoatomic ion homeostasis"	-46.617982957425134	5.596974053521058	0.9730761954631258	0.9722598902215892	0.9690419	48878
"GO:0006874"	"intracellular calcium ion homeostasis"	-43.045757490560675	5.034492091614136	0.26647837644827854	0.9746017128448284	0.76423935	48878
"GO:0006879"	"intracellular iron ion homeostasis"	-5.540607512240769	5.2105886991240284	0.399723718054777	0.9739920620234778	0.80228166	48878
"GO:0019725"	"cellular homeostasis"	-67.37778597703371	5.779076036136566	1.4799573752742623	0.9734233040973637	0.91989953	48878
"GO:0030003"	"intracellular monoatomic cation homeostasis"	-51.35457773065091	5.594628972065761	0.9678359750460162	0.9721374685291985	0.90914099	48878
"GO:0045454"	"cell redox homeostasis"	-6.308918507877031	5.117264665155044	0.32242985156417253	0.9760419431642814	0.77889106	48878
"GO:0048871"	"multicellular organismal-level homeostasis"	-9.507239610973162	4.646687934336095	0.10910685328775957	0.9175220602060586	0.70233976	48878
"GO:0050801"	"monoatomic ion homeostasis"	-67.32330639037514	5.666189327431937	1.1412013696346135	0.972761989590913	0.89234402	48878
"GO:0051480"	"regulation of cytosolic calcium ion concentration"	-41.241088107602025	4.3310019048442046	0.05274187087732612	0.9773928773072602	0.87155688	48878
"GO:0055074"	"calcium ion homeostasis"	-43.156767221901994	5.051488247049932	0.27711388251795027	0.9749638122511175	0.77319972	48878
"GO:0055080"	"monoatomic cation homeostasis"	-51.29242982390206	5.657036720520181	1.1174025480221035	0.9721765455046321	0.9684689	48878
"GO:0055082"	"intracellular chemical homeostasis"	-55.11690664142431	5.653591632098624	1.1085736750130981	0.9727099548360087	0.92289349	48878
"GO:0055088"	"lipid homeostasis"	-17.300162274132756	4.806295318137176	0.1575659700430702	0.9767403288781707	0.72655963	48878
"GO:0098771"	"inorganic ion homeostasis"	-53.06803388527183	5.605056036739983	0.9913542024229459	0.973087456464432	0.91154309	48878
"GO:0050673"	"epithelial cell proliferation"	-9.703334809738468	3.947090464219622	0.021787896257517772	0.9927579390482684	0.01276574	null
"GO:0070661"	"leukocyte proliferation"	-8.37571790416433	3.7893691535914815	0.015152088721337482	0.9928979911913869	0.80328759	50673
"GO:0050764"	"regulation of phagocytosis"	-7.931814138253839	3.7623033632877685	0.0142364654262859	0.7877714953921908	0.67476408	null
"GO:0045807"	"positive regulation of endocytosis"	-6.285670240254767	3.9890491564382202	0.023998191200948742	0.7155231027864055	0.86210622	50764
"GO:0048259"	"regulation of receptor-mediated endocytosis"	-7.0385789059335515	3.986906031380721	0.023880046259651764	0.7814448596966711	0.83592912	50764
"GO:0050789"	"regulation of biological process"	-51.94692155651658	7.03498324614998	26.67823535368239	0.7683257300533274	0.49486593	null
"GO:0050793"	"regulation of developmental process"	-78.40782324260414	5.763972018350213	1.4293716495756061	0.8159391272208673	0.23698226	null
"GO:0050794"	"regulation of cellular process"	-36.430626090384955	7.003509775209796	24.81324853742716	0.7592574263619288	0.67600498	null
"GO:0050795"	"regulation of behavior"	-12.131355561605174	3.791971201020768	0.015243158780253906	0.7790575088647572	0.65736866	null
"GO:0050804"	"modulation of chemical synaptic transmission"	-32.37365963262496	5.00094573149735	0.24666940795748515	0.7958081733370389	0.69753448	null
"GO:0048167"	"regulation of synaptic plasticity"	-8.705533773838408	4.398963736125521	0.061676582062910115	0.7890250206335103	0.89427554	50804
"GO:0050805"	"negative regulation of synaptic transmission"	-8.096910013008056	3.4892551683692603	0.007590812478330863	0.8006795178516617	0.77333479	50804
"GO:0050806"	"positive regulation of synaptic transmission"	-18.35261702988538	4.315676520348013	0.05091308564016664	0.7429222587131552	0.88165322	50804
"GO:0051966"	"regulation of synaptic transmission, glutamatergic"	-12.21824462534753	4.2820326856053805	0.047117679401001214	0.8166614953411903	0.87665487	50804
"GO:0051967"	"negative regulation of synaptic transmission, glutamatergic"	-5.987162775294828	3.3481100684802376	0.005483894358534749	0.8039891490699018	0.81316166	50804
"GO:0051968"	"positive regulation of synaptic transmission, glutamatergic"	-6.45717457304082	3.691258358133111	0.012087704306447105	0.7631077151124213	0.79728018	50804
"GO:0050817"	"coagulation"	-6.72584215073632	4.484356792265614	0.07507864884128611	0.9373425255760184	0.54928722	null
"GO:0050818"	"regulation of coagulation"	-16.224753740259764	3.966939163021113	0.02280689637620421	0.7740622593117767	0.67636651	null
"GO:0050820"	"positive regulation of coagulation"	-5.863279432843593	3.4533183400470375	0.006987781007127537	0.7310974762420189	0.62347	null
"GO:0050848"	"regulation of calcium-mediated signaling"	-5.1605219526258015	3.7324741772811936	0.013291305895910072	0.8017927931950452	0.53092128	null
"GO:0050878"	"regulation of body fluid levels"	-27.647817481888637	4.633306827560638	0.10579633357850049	0.825888827980983	0.5330988	null
"GO:0050886"	"endocrine process"	-9.26841123481326	3.8949249773595436	0.01932162060794335	0.9357522484321119	0.59109969	null
"GO:0050890"	"cognition"	-23.35457773065091	4.162982370585433	0.03582006938947765	0.9330012674899405	0.61641948	null
"GO:0050896"	"response to stimulus"	-147.47755576649368	6.83782868559364	16.94347616187058	1	-0	null
"GO:0050905"	"neuromuscular process"	-4.809668301829708	4.138365863678996	0.03384606432864063	0.9332274148734117	0.61400425	null
"GO:0050918"	"positive chemotaxis"	-6.853871964321762	4.134559577422625	0.03355070197539818	0.8968018650871521	0.64496746	null
"GO:0051049"	"regulation of transport"	-110.87289520163519	5.454931710220159	0.7016234247156559	0.7520871251182216	0.21704104	null
"GO:0002028"	"regulation of sodium ion transport"	-7.8996294548824375	4.329438560779451	0.052552346700662216	0.7815625354366721	0.87523828	51049
"GO:0002791"	"regulation of peptide secretion"	-38.26042765554991	4.175221800343053	0.036843992214051456	0.7870931677856317	0.85895407	51049
"GO:0002792"	"negative regulation of peptide secretion"	-8.818156412055227	3.564073978977147	0.009018397185669354	0.768830254090002	0.9177348	51049
"GO:0002793"	"positive regulation of peptide secretion"	-18.5016894462104	3.8637985386805003	0.01798510595952128	0.7316767612246252	0.95605944	51049
"GO:0010959"	"regulation of metal ion transport"	-39.85387196432176	4.850787097711307	0.174564073472173	0.7652685903809342	0.95871465	51049
"GO:0017157"	"regulation of exocytosis"	-5.355561410532162	4.763615149127955	0.14281754320449744	0.7633109404978947	0.95119513	51049
"GO:0022898"	"regulation of transmembrane transporter activity"	-27.522878745280337	4.780835563373373	0.14859433856333093	0.7323098907669907	0.939085	51049
"GO:0030100"	"regulation of endocytosis"	-11.204815410317575	4.484897472816146	0.0751721802531462	0.7662516623612998	0.76715447	51049
"GO:0032024"	"positive regulation of insulin secretion"	-9.67366413907125	3.726645720240912	0.013114088483964604	0.6807451648126037	0.98150123	51049
"GO:0032386"	"regulation of intracellular transport"	-8.149353764816933	4.518540259958009	0.08122710849461635	0.7728693817420713	0.89454144	51049
"GO:0032388"	"positive regulation of intracellular transport"	-5.171984935776023	4.1857970474462	0.037752231450271984	0.7145196422534322	0.84562239	51049
"GO:0032410"	"negative regulation of transporter activity"	-9.09528445472132	4.141763230275788	0.03411189044655883	0.7264711739565766	0.8345887	51049
"GO:0032411"	"positive regulation of transporter activity"	-11.079876673709276	4.32436477820229	0.051941931170627835	0.6917669309022123	0.74450833	51049
"GO:0032412"	"regulation of monoatomic ion transmembrane transporter activity"	-23.863279432843594	4.778288755199132	0.1477254809742094	0.732395967065982	0.99580224	51049
"GO:0032413"	"negative regulation of ion transmembrane transporter activity"	-7.97469413473523	4.133123575402619	0.03343994109293227	0.7168247960422433	0.97937879	51049
"GO:0032414"	"positive regulation of ion transmembrane transporter activity"	-9.97061622231479	4.308500385085034	0.050078686992256725	0.6803853412334003	0.97242523	51049
"GO:0032880"	"regulation of protein localization"	-32.09044397075883	4.947016873694681	0.21786419445751556	0.7616082423849495	0.84077271	51049
"GO:0033157"	"regulation of intracellular protein transport"	-4.935542010773082	4.086893471309455	0.030062964854193637	0.7843991515025366	0.89702987	51049
"GO:0034762"	"regulation of transmembrane transport"	-69.75448733218585	5.002813779224673	0.24773271242915798	0.7591763535738438	0.85062857	51049
"GO:0034763"	"negative regulation of transmembrane transport"	-10.57186520597121	4.225438516805497	0.0413605748657172	0.7439682567133277	0.876423	51049
"GO:0034764"	"positive regulation of transmembrane transport"	-27.198596289982646	4.484499141895491	0.07510326237072297	0.7026562336645898	0.89137277	51049
"GO:0034765"	"regulation of monoatomic ion transmembrane transport"	-56.89962945488244	4.900459986731022	0.19571694067021952	0.756184361404328	0.8327221	51049
"GO:0034766"	"negative regulation of monoatomic ion transmembrane transport"	-9.821023052706831	4.178142069837744	0.03709258886136385	0.7428929341933306	0.853667	51049
"GO:0034767"	"positive regulation of monoatomic ion transmembrane transport"	-19.47237009912866	4.400002345927956	0.06182426323953134	0.7027806051229033	0.8856761	51049
"GO:0043266"	"regulation of potassium ion transport"	-10.640164517660113	4.4068466330976666	0.06280634306406248	0.7791826895395533	0.88670177	51049
"GO:0043267"	"negative regulation of potassium ion transport"	-5.621602099051862	3.738780558484369	0.013485752778461351	0.7628334824943549	0.90481545	51049
"GO:0043268"	"positive regulation of potassium ion transport"	-7.074172425375258	3.935356092945573	0.021207016962807627	0.7282149704568085	0.91969867	51049
"GO:0043269"	"regulation of monoatomic ion transport"	-89.0287241512619	4.9822576611249465	0.2362800371821821	0.7661501974100019	0.84697081	51049
"GO:0043270"	"positive regulation of monoatomic ion transport"	-43.6575773191778	4.441836474315132	0.06807609971649645	0.7114123187735595	0.89198257	51049
"GO:0043271"	"negative regulation of monoatomic ion transport"	-16.402304814074487	4.30425349686627	0.04959133910940669	0.7460977339517969	0.8715722	51049
"GO:0046883"	"regulation of hormone secretion"	-36.7594507517174	4.305630775996965	0.04974886569780267	0.7246416302707922	0.87782137	51049
"GO:0046887"	"positive regulation of hormone secretion"	-15.661543506395395	3.9731278535996988	0.02313425631771459	0.6746743698546672	0.94354969	51049
"GO:0046888"	"negative regulation of hormone secretion"	-5.393618634889395	3.66228551572213	0.01130745542329831	0.7143807337883169	0.92809617	51049
"GO:0050433"	"regulation of catecholamine secretion"	-9.55129368009492	4.24659704910637	0.04342564998547063	0.779461344991865	0.86917886	51049
"GO:0050708"	"regulation of protein secretion"	-36.30627305107635	4.319439203046049	0.05135612917003031	0.7744854024415816	0.87986776	51049
"GO:0050709"	"negative regulation of protein secretion"	-7.835647144215563	3.59659709562646	0.009719882774620164	0.7601166128517357	0.91999403	51049
"GO:0050714"	"positive regulation of protein secretion"	-16.452225294612177	3.8705209500127644	0.018265700195101604	0.7215043077823403	0.92980924	51049
"GO:0050796"	"regulation of insulin secretion"	-25.289036881004723	4.045557669136548	0.027333324439644698	0.7285188800297762	0.98089772	51049
"GO:0051046"	"regulation of secretion"	-60.9100948885606	4.996485403548352	0.2441489825431496	0.7656356361926863	0.84949914	51049
"GO:0051047"	"positive regulation of secretion"	-31.91721462968355	4.331022171041829	0.0527443322302698	0.7167765638061021	0.88159172	51049
"GO:0051048"	"negative regulation of secretion"	-19.14266750356873	4.145569297792989	0.034412175505688654	0.7524646913008248	0.85477658	51049
"GO:0051050"	"positive regulation of transport"	-64.39902710431325	4.916648679381189	0.20315022656015438	0.7002100460113506	0.83550391	51049
"GO:0051051"	"negative regulation of transport"	-24.91364016932525	4.67465909631365	0.1163653831186927	0.7410928325188804	0.79576655	51049
"GO:0051222"	"positive regulation of protein transport"	-16.46344155742847	4.227320982548845	0.04154025363060635	0.7115599316663845	0.91591424	51049
"GO:0051223"	"regulation of protein transport"	-31.627087997029893	4.551157116440878	0.08756263097166682	0.7705973413343417	0.92201397	51049
"GO:0051224"	"negative regulation of protein transport"	-6.85078088734462	3.824776462475546	0.01643937631088581	0.7561765025129648	0.96315324	51049
"GO:0051279"	"regulation of release of sequestered calcium ion into cytosol"	-9.343901797987169	3.8068580295188172	0.01577481101609031	0.7878517726335298	0.8842479	51049
"GO:0051282"	"regulation of sequestering of calcium ion"	-12.910094888560602	4.560253443542344	0.08941602973826317	0.778438865607583	0.77826675	51049
"GO:0051588"	"regulation of neurotransmitter transport"	-9.573488738635424	4.224248100962593	0.04124735263030759	0.7905945026374716	0.73104951	51049
"GO:0051924"	"regulation of calcium ion transport"	-29.749579997691107	4.4785376378588975	0.07407933954614916	0.7769312065628987	0.89758965	51049
"GO:0051926"	"negative regulation of calcium ion transport"	-4.777283528852417	3.819214799882384	0.01623016131067241	0.7597522328902819	0.91489666	51049
"GO:0051928"	"positive regulation of calcium ion transport"	-18.638272163982407	3.966751664051378	0.022797050964429463	0.726723374860856	0.92391381	51049
"GO:0051952"	"regulation of amine transport"	-14.739928612014925	4.326458757071222	0.05219298917088391	0.7876054748793306	0.74479512	51049
"GO:0051955"	"regulation of amino acid transport"	-6.537602002101044	3.5521813388393357	0.008774723244244336	0.8070056943954085	0.88439566	51049
"GO:0060341"	"regulation of cellular localization"	-22.54211810326601	5.029286354912474	0.26330323115092225	0.762288474999505	0.8553859	51049
"GO:0060627"	"regulation of vesicle-mediated transport"	-13.193141970481182	5.044363341426878	0.2726046839251156	0.7576193783531993	0.85811921	51049
"GO:0070201"	"regulation of establishment of protein localization"	-32.65364702554936	4.679337030520794	0.11762559582586046	0.7705884906981415	0.9202676	51049
"GO:0090087"	"regulation of peptide transport"	-34.062983892535186	4.175946470095546	0.03690552603764364	0.7919775243036105	0.72472871	51049
"GO:0090276"	"regulation of peptide hormone secretion"	-27.489454989793387	4.172515363010772	0.03661508639028856	0.7276464697328237	0.99902621	51049
"GO:0090277"	"positive regulation of peptide hormone secretion"	-12.567030709125595	3.861175835513029	0.01787680642999905	0.6786284746128306	0.95571023	51049
"GO:1901019"	"regulation of calcium ion transmembrane transporter activity"	-7.903089986991944	4.17376882313665	0.03672092456686711	0.7500641292537713	0.93261948	51049
"GO:1901379"	"regulation of potassium ion transmembrane transport"	-5.950781977329818	4.334936032690669	0.053221834701345096	0.7737022791408256	0.92119969	51049
"GO:1901381"	"positive regulation of potassium ion transmembrane transport"	-4.779891911959945	3.927626962444954	0.020832891315367197	0.7199040033956856	0.91866686	51049
"GO:1902305"	"regulation of sodium ion transmembrane transport"	-6.484126156288321	4.1661339703051095	0.036080972801508474	0.7788660348325009	0.85200037	51049
"GO:1902306"	"negative regulation of sodium ion transmembrane transport"	-5.121478204498794	3.6216954623292787	0.01029830071638662	0.7597873331658037	0.93547655	51049
"GO:1903169"	"regulation of calcium ion transmembrane transport"	-15.425968732272281	4.335979142340353	0.05334982505441682	0.7730862937803792	0.87619541	51049
"GO:1903305"	"regulation of regulated secretory pathway"	-6.047691990337875	4.474886134650251	0.07345907860434002	0.7730261988277668	0.90358068	51049
"GO:1903530"	"regulation of secretion by cell"	-47.8153085691824	4.974695871909683	0.23220157535449268	0.7562758138275434	0.84563317	51049
"GO:1903531"	"negative regulation of secretion by cell"	-14.596879478824182	4.0948552900836805	0.030619230619466913	0.7482545394167383	0.84772527	51049
"GO:1903532"	"positive regulation of secretion by cell"	-23.372634143407268	4.300399811671333	0.0491532182854304	0.709132744834961	0.87704862	51049
"GO:1903829"	"positive regulation of protein localization"	-8.563837352959244	4.563303059369412	0.09004613609184706	0.7072020505859101	0.90155754	51049
"GO:1904062"	"regulation of monoatomic cation transmembrane transport"	-30.062983892535186	4.786105176895488	0.1504083556828283	0.7597941449727293	0.94750306	51049
"GO:1904063"	"negative regulation of cation transmembrane transport"	-7.8996294548824375	4.1709947020363005	0.03648709603721684	0.7426630830002175	0.99208595	51049
"GO:1904064"	"positive regulation of cation transmembrane transport"	-15.064492734175287	4.350635608258955	0.055181071644519984	0.7043502568947085	0.97876123	51049
"GO:1904427"	"positive regulation of calcium ion transmembrane transport"	-8.490797477668897	3.87742894078822	0.01855860119540036	0.7209660784893466	0.91202146	51049
"GO:1904951"	"positive regulation of establishment of protein localization"	-17.378823718224965	4.3404441148401185	0.053901168113802723	0.7150429957035118	0.92507554	51049
"GO:1905475"	"regulation of protein localization to membrane"	-7.982966660701219	4.400727897737122	0.061927640063166194	0.7796011293157752	0.87658693	51049
"GO:1905952"	"regulation of lipid localization"	-27.632644078973982	4.160138257723402	0.03558624085982738	0.7961136685145268	0.72268369	51049
"GO:2000649"	"regulation of sodium ion transmembrane transporter activity"	-4.903089986991944	4.135355309408775	0.033612235798990364	0.7520131570341771	0.9478248	51049
"GO:2000650"	"negative regulation of sodium ion transmembrane transporter activity"	-5.576754126063192	3.539828558377898	0.00852858794987563	0.7366249891307903	0.90189016	51049
"GO:2001257"	"regulation of cation channel activity"	-16.10292299679058	4.505177120876829	0.07876575555092931	0.739837002631287	0.94995142	51049
"GO:2001259"	"positive regulation of cation channel activity"	-6.007004901568658	4.150848506669523	0.03483306685905914	0.6867023015687074	0.94942879	51049
"GO:0051052"	"regulation of DNA metabolic process"	-8.423658649794207	5.033307123716472	0.2657522773298909	0.8124866687688924	0.29446607	null
"GO:0051054"	"positive regulation of DNA metabolic process"	-6.889410289700751	4.48665713133888	0.07547738801816341	0.7525797005230785	0.46786217	null
"GO:2000278"	"regulation of DNA biosynthetic process"	-5.214670164989233	3.8820119616266586	0.018755509430895326	0.8356635707856084	0.75008268	51054
"GO:0051091"	"positive regulation of DNA-binding transcription factor activity"	-14.653647025549361	4.503082164576042	0.0783867071976015	0.7869620741975765	0.69520734	null
"GO:0043433"	"negative regulation of DNA-binding transcription factor activity"	-6.432973633840939	4.236310482432331	0.04240911121972788	0.7950210587371705	0.89838659	51091
"GO:0051092"	"positive regulation of NF-kappaB transcription factor activity"	-10.469800301796917	4.264298247190216	0.045232283046136926	0.7941481086339298	0.90228489	51091
"GO:0051098"	"regulation of binding"	-17.122628654130224	3.334252642334231	0.005311599652476655	0.8486587450419681	0.56781775	null
"GO:0051128"	"regulation of cellular component organization"	-27.703334809738468	5.772775571313585	1.4586420587819326	0.8072415156719462	0.25676896	null
"GO:0051130"	"positive regulation of cellular component organization"	-26.24488773360493	5.209107337076062	0.3983625898769181	0.7275087515345958	0.57970741	null
"GO:0010638"	"positive regulation of organelle organization"	-11.370590400897282	4.908426036610615	0.19934005220332685	0.7385272970634238	0.70949994	51130
"GO:0010975"	"regulation of neuron projection development"	-5.201349354554731	4.867160957549899	0.1812712602437202	0.8217657454892359	0.96059703	51130
"GO:0010976"	"positive regulation of neuron projection development"	-5.406713932979542	4.193152436852078	0.03839710592151799	0.7639772812772081	0.78159584	51130
"GO:0031334"	"positive regulation of protein-containing complex assembly"	-6.8696662315049934	4.431412016420789	0.06646145218543774	0.7555242368893992	0.81327959	51130
"GO:0031344"	"regulation of cell projection organization"	-5.673664139071248	5.03640929760525	0.26765736450830463	0.8176872140494034	0.72776271	51130
"GO:0031346"	"positive regulation of cell projection organization"	-6.407823242604133	4.6555705925491955	0.11136145258417691	0.7480639077934575	0.8455257	51130
"GO:0033043"	"regulation of organelle organization"	-9.97469413473523	5.542605112853897	0.8585740565228043	0.8013956098066586	0.81025198	51130
"GO:0051129"	"negative regulation of cellular component organization"	-9.602059991327963	5.257275285617804	0.44508891415987306	0.7641092558332889	0.81908638	51130
"GO:0051493"	"regulation of cytoskeleton organization"	-5.3979400086720375	5.2820326856053805	0.47119894618650526	0.8095930894131131	0.82370247	51130
"GO:0120035"	"regulation of plasma membrane bounded cell projection organization"	-5.490797477668897	5.008957678852527	0.25126229255040516	0.8177174063201872	0.92399491	51130
"GO:0051150"	"regulation of smooth muscle cell differentiation"	-6.296708621881338	3.258397804095509	0.0044599715339609354	0.8173668643763027	0.57097623	null
"GO:0051148"	"negative regulation of muscle cell differentiation"	-4.920818753952375	3.4154741681092355	0.006404440359473706	0.7788365661159761	0.89810193	51150
"GO:0051149"	"positive regulation of muscle cell differentiation"	-6.1979107421182675	3.6923180442592787	0.01211724054177135	0.7418846658778826	0.88103028	51150
"GO:0051152"	"positive regulation of smooth muscle cell differentiation"	-5.051587034221399	2.6848453616444123	0.0011888334718008454	0.7705649174518293	0.78525936	51150
"GO:0051153"	"regulation of striated muscle cell differentiation"	-5.721246399047171	3.7985125330313516	0.015474525956960488	0.8046748146237289	0.94263361	51150
"GO:2000725"	"regulation of cardiac muscle cell differentiation"	-4.779891911959945	2.81424759573192	0.0016023407663402697	0.8266242760696989	0.7963896	51150
"GO:0051174"	"regulation of phosphorus metabolic process"	-54.07935499859321	5.431204493647577	0.664319159501135	0.7956638672229291	0.31510718	null
"GO:0051179"	"localization"	-61.679853713888946	6.901755360044326	19.630402257434774	1	-0	null
"GO:0051235"	"maintenance of location"	-6.232844133917819	4.9512354913300305	0.2199908034008612	0.9786972212000176	0.28658467	null
"GO:0051239"	"regulation of multicellular organismal process"	-146.45469288353416	5.543332844310566	0.8600139479948613	0.8232125743026418	0.2223941	null
"GO:0051240"	"positive regulation of multicellular organismal process"	-99.23657200643706	5.195669996526704	0.38622565851159724	0.6694363952061102	0.2027298	null
"GO:0001817"	"regulation of cytokine production"	-40.29413628771608	4.770697404733859	0.14516567391277488	0.7243415356811932	0.77989562	51240
"GO:0001818"	"negative regulation of cytokine production"	-14.55284196865778	4.121264305229581	0.032539085915542804	0.7060005350883242	0.86465655	51240
"GO:0001819"	"positive regulation of cytokine production"	-32.82681373158773	4.54119220000948	0.08557631914611137	0.6636764273971545	0.74723726	51240
"GO:0002027"	"regulation of heart rate"	-20.204815410317575	4.072213122603382	0.02906365555905669	0.7388207620532609	0.90841007	51240
"GO:0006937"	"regulation of muscle contraction"	-22.605548319173785	4.259163671340216	0.044700630810300526	0.755127840451643	0.87471015	51240
"GO:0006940"	"regulation of smooth muscle contraction"	-13.120904120499928	3.7429606702141522	0.013616204484476762	0.7707843780359398	0.91368561	51240
"GO:0006942"	"regulation of striated muscle contraction"	-12.73754891026957	3.919601023784111	0.020451381609095706	0.7656288765509257	0.93661764	51240
"GO:0008016"	"regulation of heart contraction"	-46.573488738635426	4.34022592125719	0.05387409323142216	0.7530577524322298	0.88585576	51240
"GO:0010460"	"positive regulation of heart rate"	-8.010550182333308	3.5690225860295635	0.00912177400930421	0.7013254330885119	0.99043312	51240
"GO:0010574"	"regulation of vascular endothelial growth factor production"	-8.29413628771608	3.4089180208467798	0.0063084475946699105	0.7630528322077669	0.77989096	51240
"GO:0010575"	"positive regulation of vascular endothelial growth factor production"	-8.010550182333308	3.389343311252078	0.006030314712033274	0.708477749516541	0.77779522	51240
"GO:0010882"	"regulation of cardiac muscle contraction by calcium ion signaling"	-5.72584215073632	3.271841606536499	0.004600268651751098	0.7212285319906996	0.77805227	51240
"GO:0014743"	"regulation of muscle hypertrophy"	-14.714442690992227	3.1565491513317814	0.0035271187683035437	0.7864628590040793	0.74686702	51240
"GO:0016525"	"negative regulation of angiogenesis"	-13.013228265733755	4.018866863150907	0.02570390879092387	0.7134224960591549	0.9386555	51240
"GO:0031644"	"regulation of nervous system process"	-12.769551078621726	4.030073230712518	0.026375858144550433	0.7641523161607818	0.84467508	51240
"GO:0032642"	"regulation of chemokine production"	-12.954677021213342	3.6049816296074315	0.009909406951284066	0.7573471703510233	0.80152061	51240
"GO:0032649"	"regulation of type II interferon production"	-6.284832642151542	3.8009231818132183	0.015560673309989535	0.7513609281371134	0.82436693	51240
"GO:0032651"	"regulation of interleukin-1 beta production"	-10.028724151261894	3.536179532137225	0.008457208714508706	0.7589515131441957	0.79379541	51240
"GO:0032652"	"regulation of interleukin-1 production"	-10.438898616350944	3.8169038393756605	0.016144013957643363	0.7508595032646419	0.82628773	51240
"GO:0032653"	"regulation of interleukin-10 production"	-9.886056647693163	3.3068537486930087	0.004986701063909965	0.7659173034076479	0.76908555	51240
"GO:0032655"	"regulation of interleukin-12 production"	-8.224753740259764	3.4530123911214554	0.006982858301240163	0.7617933461629363	0.78465333	51240
"GO:0032660"	"regulation of interleukin-17 production"	-7.346787486224656	3.1209028176145273	0.0032489858856669064	0.7709609455100834	0.75014667	51240
"GO:0032675"	"regulation of interleukin-6 production"	-13.261219441515632	3.9002032130168933	0.019557910490537306	0.7482123361210464	0.83644645	51240
"GO:0032677"	"regulation of interleukin-8 production"	-7.272458742971444	3.5833121519830775	0.009426981774321403	0.757991367569863	0.79907139	51240
"GO:0032680"	"regulation of tumor necrosis factor production"	-14.050609993355087	3.8185557792978027	0.016205547781235542	0.7503617299356158	0.8264868	51240
"GO:0032722"	"positive regulation of chemokine production"	-11.388276691992658	3.51067903103221	0.007974783537546043	0.7037836400231592	0.79096979	51240
"GO:0032729"	"positive regulation of type II interferon production"	-5.146910470148135	3.665393350279712	0.011388680070439982	0.6987071202374844	0.80842851	51240
"GO:0032731"	"positive regulation of interleukin-1 beta production"	-8.1890957193313	3.243534101832062	0.0043098290043960255	0.713027095972392	0.89861003	51240
"GO:0032732"	"positive regulation of interleukin-1 production"	-7.508638306165727	3.5974757898703773	0.00973957359816966	0.7008067501876128	0.93796809	51240
"GO:0032733"	"positive regulation of interleukin-10 production"	-9.581698708680255	3.187238619831479	0.003785560827390684	0.7152372555545861	0.7567955	51240
"GO:0032735"	"positive regulation of interleukin-12 production"	-5.97469413473523	3.3378584290410944	0.005355904005463022	0.7102300417047861	0.7723363	51240
"GO:0032743"	"positive regulation of interleukin-2 production"	-4.841637507904751	3.2979792441593623	0.004885785593218795	0.7115728810158631	0.7681601	51240
"GO:0032755"	"positive regulation of interleukin-6 production"	-11.530177984021837	3.7165875776756923	0.012813803424834786	0.6968222767989376	0.81437614	51240
"GO:0032757"	"positive regulation of interleukin-8 production"	-6.498940737782249	3.493597449000527	0.007667114419585163	0.7048634920745327	0.78908823	51240
"GO:0032760"	"positive regulation of tumor necrosis factor production"	-12.625251653989896	3.5792117802314993	0.00933837306834867	0.7014538599440128	0.96687378	51240
"GO:0043502"	"regulation of muscle adaptation"	-15.69680394257951	3.292256071356476	0.004821790416682932	0.7428914937875206	0.76055285	51240
"GO:0044057"	"regulation of system process"	-94.92081875395237	4.786630768031185	0.15059049580066114	0.7472422947017889	0.7822692	51240
"GO:0044058"	"regulation of digestive system process"	-10.892790030352131	3.495821753385906	0.007706496066684156	0.7794023938231776	0.78204496	51240
"GO:0044060"	"regulation of endocrine process"	-7.54515513999149	3.570893036218392	0.009161155656403202	0.7773807225864515	0.7902797	51240
"GO:0045765"	"regulation of angiogenesis"	-27.65560772631489	4.419790586106362	0.06470650753658887	0.7342174435556418	0.74730747	51240
"GO:0045766"	"positive regulation of angiogenesis"	-17.237321436272563	4.111564935454498	0.03182037085598619	0.6878969434350197	0.95166994	51240
"GO:0045823"	"positive regulation of heart contraction"	-10.549750891680638	3.642958879409791	0.0108151848345609	0.718041787714079	0.83923216	51240
"GO:0045933"	"positive regulation of muscle contraction"	-12.231361898752386	3.339650157613684	0.005378056181956205	0.72818151707536	0.76784182	51240
"GO:0045987"	"positive regulation of smooth muscle contraction"	-7.655607726314889	3.266231696689893	0.0045411961811026086	0.7301440704927297	0.77754518	51240
"GO:0045989"	"positive regulation of striated muscle contraction"	-6.3260580013659125	2.4683473304121573	0.0007211764125003059	0.7527565852313478	0.90020883	51240
"GO:0050865"	"regulation of cell activation"	-28.09528445472132	4.738931108940746	0.13492644566703674	0.7432720055885298	0.77520614	51240
"GO:0051241"	"negative regulation of multicellular organismal process"	-55.519993057042846	4.98910259929672	0.24003360042130487	0.7032059216938144	0.81374012	51240
"GO:0051960"	"regulation of nervous system development"	-15.381951903287908	4.88899899184618	0.19061947872384363	0.7183658327171714	0.80670446	51240
"GO:0055117"	"regulation of cardiac muscle contraction"	-12.55129368009492	3.828788748184953	0.016591980193394407	0.7666208515548173	0.92468632	51240
"GO:0060452"	"positive regulation of cardiac muscle contraction"	-4.838631997765025	2.255272505103306	0.0004405821769199821	0.7567655458594851	0.88034475	51240
"GO:0061337"	"cardiac conduction"	-25.459670525209127	3.9291633832050645	0.020906731903677808	0.7654869582335301	0.88970619	51240
"GO:0071637"	"regulation of monocyte chemotactic protein-1 production"	-6.121478204498794	2.9242792860618816	0.0020650751197534355	0.7755756126819878	0.91162432	51240
"GO:0086004"	"regulation of cardiac muscle cell contraction"	-5.055517327849832	3.1405080430381798	0.003399128415231817	0.7791107680373772	0.85840093	51240
"GO:0086064"	"cell communication by electrical coupling involved in cardiac conduction"	-5.42021640338319	3.116939646550756	0.0032194496503426618	0.7721712586226029	0.88525493	51240
"GO:0086065"	"cell communication involved in cardiac conduction"	-5.391473966422806	3.445136968713304	0.006857329301112124	0.7632119372946213	0.92166802	51240
"GO:0086091"	"regulation of heart rate by cardiac conduction"	-10.549750891680638	3.7895102040902544	0.015157011427224858	0.7477572570830973	0.81527731	51240
"GO:0090257"	"regulation of muscle system process"	-35.214670164989236	4.310778251612534	0.05034205175723125	0.7552526300070753	0.88177418	51240
"GO:1901342"	"regulation of vasculature development"	-31.35066514128786	4.425159104599705	0.06551136994917453	0.7361551700079492	0.73174511	51240
"GO:1901343"	"negative regulation of vasculature development"	-14.596879478824182	4.022634539944119	0.02592789190879939	0.7137639426317859	0.93917753	51240
"GO:1903522"	"regulation of blood circulation"	-69.56066730616973	4.515357149738369	0.08063392243518777	0.7483256007090064	0.74373141	51240
"GO:1903524"	"positive regulation of blood circulation"	-26.27408836770495	3.643847310299714	0.010837337011054084	0.7188053345371512	0.79844972	51240
"GO:1903555"	"regulation of tumor necrosis factor superfamily cytokine production"	-13.396855627379818	3.827756862978617	0.016552598546295417	0.750517800134203	0.82759732	51240
"GO:1903557"	"positive regulation of tumor necrosis factor superfamily cytokine production"	-11.98296666070122	3.590618948206578	0.009586969715661062	0.7010443832113455	0.96828659	51240
"GO:1903670"	"regulation of sprouting angiogenesis"	-12.744727494896694	3.3298045221640695	0.00525744988771554	0.768407464232278	0.85202991	51240
"GO:1903671"	"negative regulation of sprouting angiogenesis"	-6.200659450546418	2.5998830720736876	0.000977157118643759	0.7571373080702108	0.88387649	51240
"GO:1903672"	"positive regulation of sprouting angiogenesis"	-8.131943638176958	2.9370161074648142	0.0021266089433456116	0.7284261288432489	0.80942632	51240
"GO:1904018"	"positive regulation of vasculature development"	-20.98296666070122	4.116076171728611	0.03215265350338394	0.6880299069194994	0.95231251	51240
"GO:2000026"	"regulation of multicellular organismal development"	-71.68193666503724	5.217912762744763	0.40652197488524067	0.7097709716634875	0.85249753	51240
"GO:2000181"	"negative regulation of blood vessel morphogenesis"	-13.336299074610352	4.020485585796552	0.025799901555727662	0.7133686180779267	0.99891663	51240
"GO:2000341"	"regulation of chemokine (C-X-C motif) ligand 2 production"	-7.084072788302884	3.0842186867392387	0.002985621120692392	0.771440241099031	0.9285495	51240
"GO:0051246"	"regulation of protein metabolic process"	-51.1180450286604	6.002777101043048	2.477140061467859	0.7785985420092476	0.36707449	null
"GO:0051247"	"positive regulation of protein metabolic process"	-61.694648630553374	5.446585315795559	0.68826812364321	0.7072324262299223	0.69799043	null
"GO:0030162"	"regulation of proteolysis"	-18.221848749616356	5.322223430852146	0.5168865795272243	0.7914246368075439	0.7041219	51247
"GO:0031399"	"regulation of protein modification process"	-52.52870828894106	5.3634709522948985	0.5683854671679884	0.7899457002139547	0.7107113	51247
"GO:0051248"	"negative regulation of protein metabolic process"	-17.97469413473523	5.34683590735996	0.5470258463226723	0.7462021539652951	0.70803903	51247
"GO:0051259"	"protein complex oligomerization"	-5.838631997765025	4.980952778597704	0.23557116753440024	0.9883557142372947	0.52149265	null
"GO:0051262"	"protein tetramerization"	-9.349692476868064	4.211894423300987	0.04009051674677468	0.9892831695020567	0.01346682	null
"GO:0051289"	"protein homotetramerization"	-7.369572124974976	3.8003045775561985	0.015538521133496352	0.9898453355246076	0.72768569	51262
"GO:0051302"	"regulation of cell division"	-6.170696227168975	4.835049752339172	0.16835161864230688	0.8357794168391616	0.18569813	null
"GO:0051339"	"regulation of lyase activity"	-5.913640169325252	4.232869105132614	0.04207436721938644	0.8278956330951159	0.66093167	null
"GO:0051341"	"regulation of oxidoreductase activity"	-15.84163750790475	3.835056101720116	0.016833192781875738	0.8370483935104246	0.61620254	null
"GO:0051481"	"negative regulation of cytosolic calcium ion concentration"	-6.120904120499927	3.380211241711606	0.0059047857119052345	0.853287434949604	0.43453594	null
"GO:0051552"	"flavone metabolic process"	-5.16304326294045	3.0043213737826426	0.0024835051201802343	0.9937848945725772	0.03279696	null
"GO:0051580"	"regulation of neurotransmitter uptake"	-6.3585258894959	2.9777236052888476	0.002335823943559011	0.8212148404435131	0.59670532	null
"GO:0051602"	"response to electrical stimulus"	-4.8996294548824375	2.7299742856995555	0.0013192851778162592	0.9355862009515565	0.50816864	null
"GO:0051608"	"histamine transport"	-6.804100347590766	2.482873583608754	0.0007457899419371763	0.9820193043751101	0.27499018	null
"GO:0051702"	"biological process involved in interaction with symbiont"	-9.010995384301463	3.644143050509919	0.010844721069885144	0.9892742182915057	-0	null
"GO:0043921"	"modulation by host of viral transcription"	-4.943095148663527	1.8512583487190752	0.00017229470605809356	0.9909036876355927	0.80694001	51702
"GO:0051701"	"biological process involved in interaction with host"	-4.962573502059376	4.475540444554744	0.07356983948680594	0.98801717999114	0.86459991	51702
"GO:0051851"	"modulation by host of symbiont process"	-6.688246138944246	3.54703589974001	0.00867134642060948	0.9890173049071915	0.76457382	51702
"GO:0052472"	"modulation by host of symbiont transcription"	-4.943095148663527	1.9731278535996986	0.00022890582376289568	0.9907874571486754	0.81720198	51702
"GO:0051716"	"cellular response to stimulus"	-105.41793663708829	6.749069834706852	13.811589142499587	0.8915545424925309	0.6276778	null
"GO:0051726"	"regulation of cell cycle"	-25.062482107982653	5.5993895729336165	0.9785034787039558	0.8132734664404396	0.22592755	null
"GO:0051769"	"regulation of nitric-oxide synthase biosynthetic process"	-7.115771230367396	2.5877109650189114	0.0009500822362632016	0.8619214972678806	0.12186476	null
"GO:0051770"	"positive regulation of nitric-oxide synthase biosynthetic process"	-6.568636235841013	2.4409090820652177	0.0006768720595139389	0.8027150754828344	0.34153974	null
"GO:0051781"	"positive regulation of cell division"	-4.882728704344236	4.330170175428303	0.05264095540663495	0.7698218914976026	0.45499862	null
"GO:0051896"	"regulation of phosphatidylinositol 3-kinase/protein kinase B signal transduction"	-27.037630664329978	4.334212409393176	0.05313322599537236	0.7850150459802443	0.61245696	null
"GO:0051897"	"positive regulation of phosphatidylinositol 3-kinase/protein kinase B signal transduction"	-26.795880017344075	3.9812294874200007	0.023569915788747196	0.7300543040536196	0.4287142	null
"GO:0051898"	"negative regulation of phosphatidylinositol 3-kinase/protein kinase B signal transduction"	-6.056505484093897	3.768860000842957	0.014453064485330363	0.7672569446614445	0.87654881	51897
"GO:0051923"	"sulfation"	-5.107905397309519	4.3570959250957335	0.05600808623359883	0.9847707260511825	0.10372699	null
"GO:0051930"	"regulation of sensory perception of pain"	-9.607303046740334	2.7528164311882715	0.0013906644131831836	0.7974396661461677	0.60249084	null
"GO:0051931"	"regulation of sensory perception"	-10.276544327964814	2.781755374652469	0.0014866571779869786	0.7967876147647972	0.73887651	51930
"GO:0051937"	"catecholamine transport"	-10.1073489661227	3.475380593143361	0.0073520612427932204	0.9723821768895532	0.3098142	null
"GO:0006837"	"serotonin transport"	-5.987162775294828	3.628491104967123	0.010460750010669964	0.9718096609354252	0.91526399	51937
"GO:0015872"	"dopamine transport"	-8.449771646944907	3.3506356082589543	0.005515891946802681	0.9724250306008271	0.88494992	51937
"GO:0015874"	"norepinephrine transport"	-6.024108863598207	3.2605483726369795	0.004482123710454119	0.9727437070636824	0.96045888	51937
"GO:0051620"	"norepinephrine uptake"	-5.16304326294045	3.0293837776852097	0.0026311862968014573	0.9734816726271417	0.97234503	51937
"GO:0090493"	"catecholamine uptake"	-6.804100347590766	3.2753113545418118	0.004637188945906403	0.9726919892558651	0.96211003	51937
"GO:0090494"	"dopamine uptake"	-6.804100347590766	3.2753113545418118	0.004637188945906403	0.9726449210617042	0.96211003	51937
"GO:0051954"	"positive regulation of amine transport"	-8.303643611266669	3.402433346219312	0.006214916182809803	0.749558616149476	0.63657616	null
"GO:0033605"	"positive regulation of catecholamine secretion"	-5.121478204498794	2.912753303671323	0.0020109253549923205	0.7539543596459658	0.73696787	51954
"GO:0051953"	"negative regulation of amine transport"	-7.97469413473523	3.3854275148051305	0.005976164947272159	0.7769414565435374	0.77832013	51954
"GO:0052695"	"cellular glucuronidation"	-10.1073489661227	2.7151673578484576	0.0012749808248298923	0.9719970582626073	0.3146514	null
"GO:0019585"	"glucuronate metabolic process"	-8.288192770958808	4.089162999364932	0.03022049144258961	0.9660536272855441	0.79607701	52695
"GO:0052697"	"xenobiotic glucuronidation"	-7.747146969020107	1.380211241711606	5.661111770480217E-05	0.9023962954561683	0.6316214	null
"GO:0052696"	"flavonoid glucuronidation"	-7.747146969020107	1.2041199826559248	3.692029415530576E-05	0.9756491570453524	0.7720029	52697
"GO:0055010"	"ventricular cardiac muscle tissue morphogenesis"	-5.728158393463501	3.256236533205923	0.004437819357467752	0.9204352488112268	0.61106901	null
"GO:0051146"	"striated muscle cell differentiation"	-5.585026652029182	4.620781289040301	0.1027885602813149	0.9553771924068699	0.73115318	55010
"GO:0055008"	"cardiac muscle tissue morphogenesis"	-4.920818753952375	3.5090680450171616	0.007945247302221799	0.9178708890259055	0.95912658	55010
"GO:0055064"	"chloride ion homeostasis"	-7.084072788302884	4.043794392325779	0.02722256355717878	0.9787698904985461	0.62379083	null
"GO:0055075"	"potassium ion homeostasis"	-13.752026733638193	4.46217330470679	0.07133985371982547	0.9773355651757747	0.67627777	null
"GO:0055078"	"sodium ion homeostasis"	-12.039529222465701	4.23809630768141	0.04258386727872966	0.9781248213787419	0.64711585	null
"GO:0055081"	"monoatomic anion homeostasis"	-17.649751981665837	4.045362102653348	0.02732101767492626	0.9789274973109725	0.6239723	null
"GO:0055085"	"transmembrane transport"	-94.26760624017703	6.721216453410256	12.953593503918547	0.9604378468234795	0.54364926	null
"GO:0006810"	"transport"	-65.23732143627257	6.876331770196184	18.51422792453157	0.9657184951768479	0.72016737	55085
"GO:0051234"	"establishment of localization"	-64.67162039656127	6.888323017729411	19.032544550119077	0.9664283327801366	0.78220361	55085
"GO:0055086"	"nucleobase-containing small molecule metabolic process"	-13.18575240426808	6.310497039098203	5.031190018367107	0.9617249018345443	0.59636014	null
"GO:0055089"	"fatty acid homeostasis"	-10.096367483915762	2.69284691927723	0.0012109856482940288	0.9819213019493077	0.67362953	null
"GO:0055094"	"response to lipoprotein particle"	-6.686132779630847	2.92272545799326	0.0020576910609223743	0.901192191990637	0.51401968	null
"GO:0060071"	"Wnt signaling pathway, planar cell polarity pathway"	-13.7594507517174	3.228400358703005	0.004162147827774802	0.8062868339885907	0.22285436	null
"GO:0060078"	"regulation of postsynaptic membrane potential"	-32.9100948885606	4.801389988015998	0.15579625727655924	0.8167844886329809	0.54982516	null
"GO:0001508"	"action potential"	-21.847711655616944	4.398599635095352	0.06162489365109269	0.8273947618467833	0.79818311	60078
"GO:0003254"	"regulation of membrane depolarization"	-9.616184634019568	3.9969929818907057	0.02444123473081241	0.8244678009878523	0.74824375	60078
"GO:0010744"	"positive regulation of macrophage derived foam cell differentiation"	-6.4156687756324695	2.722633922533812	0.0012971330013230758	0.7703837349682915	0.92330607	60078
"GO:0010745"	"negative regulation of macrophage derived foam cell differentiation"	-6.3260580013659125	2.5024271199844326	0.0007802488831487951	0.8017856109492958	0.93696615	60078
"GO:0019228"	"neuronal action potential"	-15.826813731587725	4.003072595967675	0.0247858241429286	0.7672821432616149	0.90180381	60078
"GO:0051881"	"regulation of mitochondrial membrane potential"	-8.118615343229427	3.657342736814626	0.011179465070226585	0.8439776656516114	0.71063772	60078
"GO:0051899"	"membrane depolarization"	-29.575118363368933	4.124178055474675	0.032758146327530956	0.8339354488808406	0.76336961	60078
"GO:0060306"	"regulation of membrane repolarization"	-5.621602099051862	3.8049567998574916	0.01570589313366707	0.8349180177685034	0.72650728	60078
"GO:0086001"	"cardiac muscle cell action potential"	-9.581698708680255	3.765668554759014	0.014347226308751817	0.8405460632162254	0.87268233	60078
"GO:0086009"	"membrane repolarization"	-8.543633966870956	3.77952434332479	0.01481242201510867	0.8414702203745814	0.72372284	60078
"GO:0086010"	"membrane depolarization during action potential"	-19.860120913598763	4.099438915553507	0.0309441292080336	0.8331841159472243	0.76037974	60078
"GO:0086012"	"membrane depolarization during cardiac muscle cell action potential"	-10.906578314837764	2.8808135922807914	0.0018681668842584712	0.8567474396476409	0.84572387	60078
"GO:0099623"	"regulation of cardiac muscle cell membrane repolarization"	-4.844663962534939	3.787176992470554	0.015075786780083185	0.8353040723996189	0.72455844	60078
"GO:0060149"	"negative regulation of post-transcriptional gene silencing"	-5.057495893831919	3.2938043599193367	0.004839019887288742	0.7482086952618966	0.44676923	null
"GO:0060191"	"regulation of lipase activity"	-19.958607314841775	3.663229634532868	0.011332068952735181	0.8392264528580202	0.59870042	null
"GO:0060193"	"positive regulation of lipase activity"	-17.277366077466187	3.3126004392612596	0.005053157593389515	0.8437163957375886	0.56589623	null
"GO:0010517"	"regulation of phospholipase activity"	-15.118045028660399	3.501333178645566	0.007804950184431637	0.8417797944655993	0.93888915	60193
"GO:0010518"	"positive regulation of phospholipase activity"	-15.031517051446064	3.0729847446279304	0.0029093191794380938	0.8482266978555182	0.89333225	60193
"GO:0060249"	"anatomical structure homeostasis"	-11.774690718274137	4.248488225577443	0.043615174162134535	0.9203921250873572	0.64841257	null
"GO:0001659"	"temperature homeostasis"	-6.393618634889395	3.326335860928751	0.00521560688767286	0.9296355242705225	0.77427549	60249
"GO:0001776"	"leukocyte homeostasis"	-6.201349354554731	3.8180938691466357	0.01618831831062973	0.9053754705904219	0.8275345	60249
"GO:0001894"	"tissue homeostasis"	-8.935542010773082	4.244994166139669	0.04326566204413098	0.9204317399091406	0.88007724	60249
"GO:0002260"	"lymphocyte homeostasis"	-4.747146969020107	3.694166295933198	0.012168928953588778	0.9069121667265021	0.85662145	60249
"GO:0048872"	"homeostasis of number of cells"	-8.510041520575164	4.306832322684375	0.04988670146264914	0.9197247455909797	0.88824628	60249
"GO:0060251"	"regulation of glial cell proliferation"	-6.728158393463501	2.998695158311656	0.0024515075319123023	0.8569429532068865	0.65814825	null
"GO:0060333"	"type II interferon-mediated signaling pathway"	-10.33348201944512	2.693726948923647	0.001213447001237716	0.7640918754491111	0.67804371	null
"GO:0060359"	"response to ammonium ion"	-29.43533393574791	2.437750562820388	0.0006719493536265648	0.9140911282537624	0.19586263	null
"GO:0060402"	"calcium ion transport into cytosol"	-9.75448733218585	2.2278867046136734	0.00041350729453942445	0.8504287450989263	0.37128754	null
"GO:0060688"	"regulation of morphogenesis of a branching structure"	-6.056505484093897	3.7491176623563223	0.013810651367028042	0.7627723375599021	0.6528771	null
"GO:0060759"	"regulation of response to cytokine stimulus"	-11.218963061378869	3.9759829437125465	0.023286860200223185	0.8121626338322899	0.44213939	null
"GO:0032091"	"negative regulation of protein binding"	-5.777283528852417	2.404833716619938	0.0006227222947528239	0.8592262958069588	0.92330607	60759
"GO:1900120"	"regulation of receptor binding"	-5.107905397309519	2.1760912590556813	0.0003667415886093705	0.8643556495483303	0.94626162	60759
"GO:0061383"	"trabecula morphogenesis"	-4.769551078621726	3.327767489902729	0.00523283635827867	0.9664895881736751	0.47249153	null
"GO:0062012"	"regulation of small molecule metabolic process"	-55.76447155309245	4.847214712241026	0.17313402741189082	0.8215704144643122	0.26578156	null
"GO:0065007"	"biological regulation"	-79.60554831917378	7.055508065118343	27.969320810822822	1	-0	null
"GO:0065008"	"regulation of biological quality"	-230.14146280243037	6.0900643235623235	3.028571729559731	0.8129868316524004	0	null
"GO:0065009"	"regulation of molecular function"	-66.49894073778225	5.770877038060686	1.4522794614225014	0.82422140560932	0.23746975	null
"GO:0070141"	"response to UV-A"	-5.576754126063192	2.808885867359812	0.0015826499427907736	0.9336256179932804	0.51329356	null
"GO:0070167"	"regulation of biomineral tissue development"	-8.528708288941061	3.8456560599835443	0.01724916142935885	0.7554210722568971	0.66308334	null
"GO:0070371"	"ERK1 and ERK2 cascade"	-9.379863945026242	3.229425847920695	0.004171993239549551	0.8096161048746084	0.57705539	null
"GO:0070372"	"regulation of ERK1 and ERK2 cascade"	-27.35066514128786	4.481858091100589	0.07464791207614087	0.779395905118502	0.62945863	null
"GO:0032872"	"regulation of stress-activated MAPK cascade"	-8.844663962534938	3.763502865467597	0.014275847073384895	0.7916673579637299	0.72223176	70372
"GO:0032874"	"positive regulation of stress-activated MAPK cascade"	-5.122628654130226	3.3085644135612386	0.005006391887459461	0.7451386554174511	0.94311945	70372
"GO:0046328"	"regulation of JNK cascade"	-6.073143291050307	4.2284516907144	0.04164855316012858	0.7871465657609187	0.77384027	70372
"GO:0070304"	"positive regulation of stress-activated protein kinase signaling cascade"	-5.3585258894959	3.3085644135612386	0.005006391887459461	0.7457671032311878	0.94311945	70372
"GO:0070482"	"response to oxygen levels"	-56.57024771999759	4.571510850866108	0.09176416044654062	0.9174945608774062	0.29083845	null
"GO:0006970"	"response to osmotic stress"	-9.804100347590767	4.676748464410772	0.11692657158985334	0.9099954138003674	0.74175489	70482
"GO:0009266"	"response to temperature stimulus"	-20.209714835966757	5.205074381062382	0.3946804058731623	0.9086297751112655	0.82180635	70482
"GO:0009314"	"response to radiation"	-27.21324857785444	5.117069019829141	0.322284631740495	0.9099748742683907	0.7276364	70482
"GO:0009411"	"response to UV"	-13.712198270069774	4.32333461859905	0.051818863523443476	0.9191099687148528	0.84473564	70482
"GO:0009416"	"response to light stimulus"	-18.5016894462104	5.013852202500837	0.2541100779062511	0.9101366122281861	0.79091252	70482
"GO:0009581"	"detection of external stimulus"	-4.856985199745905	4.580320418404609	0.09364463409551753	0.9208406359615352	0.75570565	70482
"GO:0009582"	"detection of abiotic stimulus"	-5.3819519032879075	4.57992072059266	0.09355848674248848	0.9166006990337053	0.72874486	70482
"GO:0010212"	"response to ionizing radiation"	-10.302770657240282	4.231469590430681	0.04193899280748365	0.9203313706511635	0.83174149	70482
"GO:0034644"	"cellular response to UV"	-9.847711655616944	4.040048241547462	0.026988735027528507	0.9147125414395895	0.87720192	70482
"GO:0050974"	"detection of mechanical stimulus involved in sensory perception"	-6.357535479757878	3.482873583608754	0.0074800515958649465	0.8663838830222858	0.82213625	70482
"GO:0050982"	"detection of mechanical stimulus"	-5.642065152999546	4.023170121121397	0.025959889497067325	0.915250980936968	0.88026297	70482
"GO:0071214"	"cellular response to abiotic stimulus"	-26.703334809738468	4.812679442785524	0.15989933263368555	0.90566901943452	0.76082277	70482
"GO:0071260"	"cellular response to mechanical stimulus"	-18.229147988357855	3.551327988003846	0.008757493773638526	0.9137250730951296	0.81464096	70482
"GO:0071478"	"cellular response to radiation"	-9.369572124974976	4.629817196018516	0.10494962816587215	0.9073380200702502	0.96678752	70482
"GO:0071482"	"cellular response to light stimulus"	-8.749579997691106	4.558420545001285	0.08903944273787906	0.9081717681845448	0.95498109	70482
"GO:0070587"	"regulation of cell-cell adhesion involved in gastrulation"	-6.804100347590766	2.595496221825574	0.0009673117068690108	0.8628189919040514	0.68233747	null
"GO:0070633"	"transepithelial transport"	-7.655607726314889	3.2041199826559246	0.003935703356955594	0.983123785982832	0.20894759	null
"GO:0070849"	"response to epidermal growth factor"	-6.2441251443275085	3.5121505369220305	0.008001858419926601	0.9251054618935951	0.65602215	null
"GO:0070920"	"regulation of regulatory ncRNA processing"	-6.059981844992337	3.5634810853944106	0.009006090420950918	0.8417485863479053	0.22652736	null
"GO:0060965"	"negative regulation of miRNA-mediated gene silencing"	-5.375717904164332	3.2487087356009177	0.004361517416213454	0.7479684653820089	0.88792214	70920
"GO:0060967"	"negative regulation of gene silencing by regulatory ncRNA"	-5.057495893831919	3.3098430047160705	0.005021160005121583	0.7464404244497075	0.89443062	70920
"GO:1903798"	"regulation of miRNA processing"	-6.059981844992337	3.2860071220794747	0.004752872534259695	0.8472128984362444	0.89188175	70920
"GO:0071229"	"cellular response to acid chemical"	-22.61798295742513	4.228220648868423	0.0416264009836354	0.8916789420309272	0.48201579	null
"GO:0043200"	"response to amino acid"	-13.48412615628832	4.768578908868907	0.14445926561793668	0.8946803337781102	0.89245532	71229
"GO:0071236"	"cellular response to antibiotic"	-15.866461091629782	2.5490032620257876	0.0008688575891215289	0.9130669899665961	0.25551922	null
"GO:0071242"	"cellular response to ammonium ion"	-15.404503778174426	2.225309281725863	0.0004110459415957375	0.9073345082260283	0.45556042	null
"GO:1903831"	"signal transduction involved in cellular response to ammonium ion"	-8.319664486585436	0.47712125471966244	4.922705887374102E-06	0.8338383227777691	0.81497827	71242
"GO:0071248"	"cellular response to metal ion"	-22.774690718274137	4.604798253272669	0.09907437868929116	0.882955648993949	0.61905293	null
"GO:0010039"	"response to iron ion"	-12.991399828238082	4.258589397561461	0.044641558339652034	0.8997304268269529	0.81531098	71248
"GO:0010288"	"response to lead ion"	-6.029188389127482	3.519827993775719	0.00814461689066045	0.9093298582119222	0.73038309	71248
"GO:0046686"	"response to cadmium ion"	-13.752026733638193	4.053884790394692	0.027862515322537414	0.9025904678438137	0.78986362	71248
"GO:0046688"	"response to copper ion"	-5.85078088734462	3.9962051061783246	0.024396930377826045	0.9033667701362709	0.78297751	71248
"GO:0051592"	"response to calcium ion"	-8.935542010773082	4.464534256300944	0.07172874748492802	0.8966760978647139	0.84262182	71248
"GO:0071276"	"cellular response to cadmium ion"	-9.263603497723357	3.4831592097169795	0.007484974301752321	0.8997250440928919	0.72662555	71248
"GO:0071287"	"cellular response to manganese ion"	-5.3448615651886175	2.1172712956557644	0.0003199758826793166	0.9147166260426509	0.30813382	null
"GO:0071361"	"cellular response to ethanol"	-5.051587034221399	2.5728716022004803	0.00091808464799527	0.9032142706127283	0.67539013	null
"GO:0071364"	"cellular response to epidermal growth factor stimulus"	-5.585026652029182	3.48826861549546	0.007573583007725055	0.9250885491821843	0.65354461	null
"GO:0071396"	"cellular response to lipid"	-44.473660722610155	4.900798477444064	0.19586954455272812	0.8715417252637068	0.65601041	null
"GO:0031663"	"lipopolysaccharide-mediated signaling pathway"	-11.343901797987169	3.6487502126980194	0.010960404658238438	0.7425629603394144	0.88965395	71396
"GO:0032496"	"response to lipopolysaccharide"	-42.82681373158773	4.367374559874197	0.05734952358790828	0.8698921684106358	0.86354824	71396
"GO:0032526"	"response to retinoic acid"	-8.118615343229427	3.8737854608182007	0.018403535959948078	0.8908883720887149	0.7973891	71396
"GO:0034694"	"response to prostaglandin"	-6.45717457304082	3.3975924340381165	0.006145998300386565	0.8978631980654603	0.74249976	71396
"GO:0070542"	"response to fatty acid"	-22.401209493236884	4.011020355516257	0.025243635790454393	0.8888349797586096	0.81474467	71396
"GO:0071219"	"cellular response to molecule of bacterial origin"	-14.809668301829708	4.312388949370592	0.05052911458095146	0.9109528771037516	0.98007661	71396
"GO:0071222"	"cellular response to lipopolysaccharide"	-15.1444808443322	4.281374302355047	0.04704630016563428	0.8621562394197761	0.97534246	71396
"GO:0071379"	"cellular response to prostaglandin stimulus"	-5.701146923590294	3.3324384599156054	0.0052894474759834715	0.8897069174630018	0.73557058	71396
"GO:0071398"	"cellular response to fatty acid"	-15.399027104313252	3.8901414600645774	0.019109944254786262	0.8813726206937508	0.7994187	71396
"GO:0071402"	"cellular response to lipoprotein particle stimulus"	-6.393618634889395	3.0472748673841794	0.0027419471792673746	0.9381274183869355	0.21604043	null
"GO:0071404"	"cellular response to low-density lipoprotein particle stimulus"	-5.728158393463501	2.92272545799326	0.0020576910609223743	0.8971641496331956	0.51401968	null
"GO:0071407"	"cellular response to organic cyclic compound"	-58.330683119433886	4.776526850213981	0.14712737220889346	0.8707645741847235	0.6399701	null
"GO:0007210"	"serotonin receptor signaling pathway"	-14.876148359032914	3.370698092575577	0.0057767953588335075	0.7604838656205253	0.76684913	71407
"GO:0007212"	"G protein-coupled dopamine receptor signaling pathway"	-5.393618634889395	4.15603399192362	0.03525149685948594	0.7326633053916227	0.98944538	71407
"GO:0014072"	"response to isoquinoline alkaloid"	-7.649751981665837	3.0008677215312267	0.0024638142966307377	0.8997842591806703	0.90808507	71407
"GO:0014074"	"response to purine-containing compound"	-24.705533773838408	3.9555915504057246	0.022218633022663005	0.8880397430718971	0.83602249	71407
"GO:0031960"	"response to corticosteroid"	-36.86327943284359	3.8361341494653747	0.01687503578191842	0.8843255759569502	0.82090048	71407
"GO:0032355"	"response to estradiol"	-23.462180904926726	3.8687619582120503	0.01819185960679099	0.8865808475653466	0.82497629	71407
"GO:0033189"	"response to vitamin A"	-5.375717904164332	2.1492191126553797	0.0003445894121161871	0.9138596885360979	0.82842086	71407
"GO:0033197"	"response to vitamin E"	-7.6252516539898965	1.6901960800285136	0.00011814494129697842	0.9098657040078771	0.79261827	71407
"GO:0033280"	"response to vitamin D"	-9.09151498112135	2.780317312140151	0.0014817344720996044	0.8967102677925094	0.70770383	71407
"GO:0036314"	"response to sterol"	-6.120330794367947	3.426673888021373	0.006571812359644424	0.8929180417690737	0.77297094	71407
"GO:0042220"	"response to cocaine"	-9.920818753952375	2.9552065375419416	0.0022176790022620328	0.8956957213279194	0.72425903	71407
"GO:0043278"	"response to morphine"	-7.649751981665837	2.998695158311656	0.0024515075319123023	0.899810167673658	0.90360483	71407
"GO:0043401"	"steroid hormone receptor signaling pathway"	-4.892790030352131	4.333265860726174	0.053017542407019065	0.7296869842410713	0.97528062	71407
"GO:0048545"	"response to steroid hormone"	-44.274905478918534	4.458078570949283	0.0706703657191426	0.8750477659381458	0.90624031	71407
"GO:0051384"	"response to glucocorticoid"	-30.46470587995723	3.8107700112343634	0.015917569486824157	0.8838054450199613	0.83174918	71407
"GO:0051385"	"response to mineralocorticoid"	-16.05403929642243	2.7403626894942437	0.0013512827660841907	0.8982247635956115	0.87041758	71407
"GO:0051591"	"response to cAMP"	-16.123782159408357	3.549738731264899	0.008725496185370593	0.8886509331362509	0.78677872	71407
"GO:0060158"	"phospholipase C-activating dopamine receptor signaling pathway"	-5.176525770829699	3.707910665713106	0.012560284071635019	0.7478397870538945	0.92857043	71407
"GO:0070723"	"response to cholesterol"	-5.185752404268079	2.8318697742805017	0.00166879729581982	0.8995489861498149	0.7125056	71407
"GO:0071295"	"cellular response to vitamin"	-5.057495893831919	2.6748611407378116	0.001161758589420288	0.9070748142586492	0.87320241	71407
"GO:0071312"	"cellular response to alkaloid"	-7.346787486224656	3.2496874278053016	0.004371362827988202	0.8947994054360078	0.93352015	71407
"GO:0071320"	"cellular response to cAMP"	-9.55129368009492	3.4991369945373827	0.007765568537332645	0.8807173414493258	0.89422318	71407
"GO:0071383"	"cellular response to steroid hormone stimulus"	-14.899629454882437	4.427745699349721	0.06590272506722078	0.8646515904768323	0.90555164	71407
"GO:0071384"	"cellular response to corticosteroid stimulus"	-14.399027104313252	3.745777217889759	0.013704813190449496	0.8759089007277887	0.98472667	71407
"GO:0071385"	"cellular response to glucocorticoid stimulus"	-12.204815410317575	3.7335182514344876	0.013323303484178007	0.8760750660366488	0.98315321	71407
"GO:0071392"	"cellular response to estradiol stimulus"	-7.127843727251707	3.5703093854358796	0.009148848891684767	0.8823285193608983	0.78913488	71407
"GO:0071548"	"response to dexamethasone"	-10.892790030352131	3.2278867046136734	0.004157225121887429	0.8865819325512755	0.92235511	71407
"GO:0071549"	"cellular response to dexamethasone stimulus"	-6.728158393463501	3.196728722623287	0.003869246827476043	0.879242898840375	0.91885272	71407
"GO:0071868"	"cellular response to monoamine stimulus"	-13.18243463044022	4.22533513181854	0.04135072945394245	0.8800551130454425	0.99924567	71407
"GO:0071869"	"response to catecholamine"	-13.721246399047171	4.22665145045481	0.04147625845407049	0.8769050567108353	0.99923803	71407
"GO:0071870"	"cellular response to catecholamine stimulus"	-13.18243463044022	4.225283430094444	0.041345806748055075	0.867607063669285	0.8874758	71407
"GO:1903350"	"response to dopamine"	-6.121478204498794	4.225154148849806	0.04133349998333664	0.8769301716232074	0.99916198	71407
"GO:1903351"	"cellular response to dopamine"	-6.568636235841013	4.224014811372864	0.04122520045381441	0.867630449870155	0.99938385	71407
"GO:0071496"	"cellular response to external stimulus"	-38.06248210798265	3.552911450216509	0.008789491361906458	0.932520958750595	0.58327295	null
"GO:0071695"	"anatomical structure maturation"	-5.115771230367396	4.423147531977245	0.06520862353710102	0.9624876875459977	0.58329998	null
"GO:0048469"	"cell maturation"	-5.591760034688151	4.275495631401224	0.04641373245910671	0.9569582831988991	0.9379453	71695
"GO:0071732"	"cellular response to nitric oxide"	-5.42021640338319	2.296665190261531	0.000484886529906349	0.9015200856387031	0.49854661	null
"GO:0071825"	"protein-lipid complex organization"	-7.97469413473523	3.6901074394563307	0.012055706718179173	0.9903518255823972	0.41063101	null
"GO:0071871"	"response to epinephrine"	-7.85078088734462	2.4471580313422194	0.0006867174712886871	0.9229964527113764	0.25575518	null
"GO:0071872"	"cellular response to epinephrine stimulus"	-6.903089986991944	2.3909351071033793	0.0006030314712033274	0.914625142820012	0.3163828	null
"GO:0071875"	"adrenergic receptor signaling pathway"	-7.823908740944319	4.32608996426356	0.05214868481789754	0.7805279888127822	0.62954642	null
"GO:0072337"	"modified amino acid transport"	-5.782516055786093	4.663389930814253	0.11338468470388767	0.9754009650586738	0.39426405	null
"GO:0072347"	"response to anesthetic"	-14.709965388637482	1.9344984512435677	0.00020921500021339932	0.9272684869720863	0.24095963	null
"GO:0072488"	"ammonium transmembrane transport"	-12.169411331314855	4.421324177463862	0.06493541336035177	0.9681466463012072	0.5841351	null
"GO:0072521"	"purine-containing compound metabolic process"	-13.265200170411154	6.128667711565982	3.3101012792586566	0.98988651606927	0.06807105	null
"GO:0072523"	"purine-containing compound catabolic process"	-6.056505484093897	5.450412323089719	0.6943599721788354	0.9789890083977142	0.52202884	null
"GO:0072524"	"pyridine-containing compound metabolic process"	-5.815308569182402	5.679422445182735	1.1765094776118044	0.9910057532994277	0.05895498	null
"GO:0072531"	"pyrimidine-containing compound transmembrane transport"	-4.730487055782084	4.267289089431131	0.04554487486998519	0.971812118929243	0.37046703	null
"GO:0072593"	"reactive oxygen species metabolic process"	-13.289882634888183	5.129190230657091	0.33140640574979924	0.9828570058769028	0.12423721	null
"GO:0080090"	"regulation of primary metabolic process"	-32.03385826726097	6.766150778424015	14.365627383358822	0.7421952484785186	0.60886719	null
"GO:0006355"	"regulation of DNA-templated transcription"	-13.723538195826755	6.655528356088988	11.135305937063894	0.7344289420609779	0.8092769	80090
"GO:0009889"	"regulation of biosynthetic process"	-22.187086643357144	6.757082570711665	14.06877837293839	0.7427506439352575	0.79797931	80090
"GO:0010468"	"regulation of gene expression"	-12.30803489723264	6.7497482160021365	13.833180130521608	0.7315340152181762	0.85374817	80090
"GO:0010556"	"regulation of macromolecule biosynthetic process"	-13.204119982655925	6.751995483723061	13.904945798300691	0.7314452445010066	0.85807699	80090
"GO:0019219"	"regulation of nucleobase-containing compound metabolic process"	-11.8153085691824	6.681471171615664	11.820748427527752	0.7445964433476465	0.76389157	80090
"GO:0031323"	"regulation of cellular metabolic process"	-30.03574036980315	6.776818384108402	14.72286076554673	0.7342092137050258	0.80738335	80090
"GO:0031326"	"regulation of cellular biosynthetic process"	-18.93554201077308	6.7533149697461	13.947256455402673	0.7318563079315382	0.79620891	80090
"GO:0051252"	"regulation of RNA metabolic process"	-11.260427655549908	6.6718271249427055	11.561147071204134	0.7428041308904967	0.86519182	80090
"GO:0060255"	"regulation of macromolecule metabolic process"	-22.847711655616944	6.788579695073296	15.12702476431192	0.7408102682556499	0.81834336	80090
"GO:2001141"	"regulation of RNA biosynthetic process"	-14.573488738635424	6.655643536761422	11.138259560596317	0.7346156291538632	0.86932043	80090
"GO:0090066"	"regulation of anatomical structure size"	-25.1765257708297	5.195708742179063	0.38626011745280886	0.809867717979848	0.61058821	null
"GO:0090092"	"regulation of transmembrane receptor protein serine/threonine kinase signaling pathway"	-4.935542010773082	4.57362573693412	0.09221212668229166	0.7794670486622605	0.64050976	null
"GO:0090100"	"positive regulation of transmembrane receptor protein serine/threonine kinase signaling pathway"	-5.2839966563652006	3.852723910791206	0.01753221701788286	0.7359987239021512	0.60364494	null
"GO:0060391"	"positive regulation of SMAD protein signal transduction"	-5.42021640338319	3.2121876044039577	0.0040095439452662055	0.7546932780509671	0.74387042	90100
"GO:0090175"	"regulation of establishment of planar polarity"	-13.518557371497694	2.550228353055094	0.0008713189420652158	0.8438946222399485	0.48691855	null
"GO:0110110"	"positive regulation of animal organ morphogenesis"	-9.939302159646388	3.0948203803548	0.003059461709003004	0.7269709389215588	0.83394201	90175
"GO:0110111"	"negative regulation of animal organ morphogenesis"	-7.97469413473523	1.968482948553935	0.00022644447081920867	0.7764896578929915	0.74585826	90175
"GO:2000826"	"regulation of heart morphogenesis"	-5.308034897232639	2.413299764081252	0.000635029059471259	0.846237977865597	0.77842316	90175
"GO:0090183"	"regulation of kidney development"	-10.657577319177793	3.2380461031287955	0.00425567923963491	0.832886506897156	0.53638129	null
"GO:0090184"	"positive regulation of kidney development"	-8.958607314841775	2.4578818967339924	0.0007039469418944964	0.7449882614288681	0.54132543	null
"GO:0072215"	"regulation of metanephros development"	-5.701146923590294	1.9912260756924949	0.00023875123553764393	0.8530012564379292	0.81133031	90184
"GO:0072216"	"positive regulation of metanephros development"	-6.3260580013659125	1.7403626894942439	0.00013291305895910072	0.7630393542231901	0.79261723	90184
"GO:0090185"	"negative regulation of kidney development"	-5.121478204498794	2.230448921378274	0.00041596864748311157	0.7699981549899048	0.82990209	90184
"GO:0090192"	"regulation of glomerulus development"	-5.576754126063192	2.2810333672477277	0.00046765705930053964	0.8483883119959145	0.83392922	90184
"GO:0090199"	"regulation of release of cytochrome c from mitochondria"	-10.5654310959658	3.5363058723510337	0.008459670067452392	0.852374280436821	0.14256113	null
"GO:0090200"	"positive regulation of release of cytochrome c from mitochondria"	-6.393618634889395	3.4320066872695985	0.006653037006786097	0.7859879456939356	0.8111853	90199
"GO:0090218"	"positive regulation of lipid kinase activity"	-6.632644078973981	1.9084850188786497	0.00019690823549496406	0.7719932240834513	0.66895518	null
"GO:0090287"	"regulation of cellular response to growth factor stimulus"	-5.051098239029787	4.658459776998312	0.1121047811731704	0.7931377977065138	0.63972509	null
"GO:0090399"	"replicative senescence"	-6.568636235841013	2.7573960287930244	0.001405432530845306	0.9883761876371039	0.07728137	null
"GO:0090520"	"sphingolipid mediated signaling pathway"	-5.121478204498794	3.6886867242841235	0.012016325071080181	0.8018391615641187	0.24226509	null
"GO:0097164"	"ammonium ion metabolic process"	-13.270025714300445	4.194264516025517	0.03849556003926547	0.9933695599078506	0.0408634	null
"GO:0097190"	"apoptotic signaling pathway"	-25.772113295386326	4.6552441130877975	0.11127776658409155	0.7661294321863643	0.3307663	null
"GO:0001836"	"release of cytochrome c from mitochondria"	-8.105130343254748	3.3418300569205104	0.005405131064336763	0.8013086826283913	0.76982222	97190
"GO:0006915"	"apoptotic process"	-21.96657624451305	5.185227581152879	0.3770497347375319	0.9842177392595473	0.88041351	97190
"GO:0008625"	"extrinsic apoptotic signaling pathway via death domain receptors"	-5.393618634889395	3.6547539332529304	0.011113008540747033	0.7890665093199517	0.89057782	97190
"GO:0008630"	"intrinsic apoptotic signaling pathway in response to DNA damage"	-10.300162274132754	4.141543834220653	0.034094660975953026	0.7746795434864848	0.85951833	97190
"GO:0008637"	"apoptotic mitochondrial changes"	-7.2343314452409855	4.029302593558998	0.02632909243862038	0.9831249371230255	0.73914148	97190
"GO:0012501"	"programmed cell death"	-18.876148359032914	5.231775323975095	0.41970744260457216	0.9840980193877581	0.98611933	97190
"GO:0051402"	"neuron apoptotic process"	-11.507239610973162	3.905418068702542	0.019794200373131263	0.9868257906662442	0.72538493	97190
"GO:0070059"	"intrinsic apoptotic signaling pathway in response to endoplasmic reticulum stress"	-7.6777807052660805	3.833720690444633	0.016781504370058313	0.7835904118201447	0.88232409	97190
"GO:0097191"	"extrinsic apoptotic signaling pathway"	-15.546681659952963	4.211147249814492	0.04002159886435144	0.7729216337747596	0.76030553	97190
"GO:0097192"	"extrinsic apoptotic signaling pathway in absence of ligand"	-9.298432014944073	3.935759103745312	0.021226707786357126	0.7811634434963179	0.83450114	97190
"GO:0097193"	"intrinsic apoptotic signaling pathway"	-15.010550182333308	4.411703863405971	0.06351275135890067	0.7718727202870468	0.89473068	97190
"GO:0097194"	"execution phase of apoptosis"	-7.655607726314889	4.243162115101051	0.043083521926298135	0.986187731325173	0.76415763	97190
"GO:0097267"	"omega-hydroxylase P450 pathway"	-5.987162775294828	1.919078092376074	0.00020183094138233817	0.9645625926433934	0.6736614	null
"GO:0097327"	"response to antineoplastic agent"	-15.072629636960976	1.0413926851582251	2.4613529436870507E-05	0.9338649848615675	0.22195079	null
"GO:0097366"	"response to bronchodilator"	-16.24033215531037	4.74170298395774	0.13579084205394779	0.8955937259451479	0.53241151	null
"GO:0097696"	"cell surface receptor signaling pathway via STAT"	-5.774690718274137	4.00889811477094	0.025120568143270038	0.7861194883425533	0.47872461	null
"GO:0097746"	"blood vessel diameter maintenance"	-43.363512103646634	4.471262365845785	0.07284866307430564	0.7695942367746281	0.64835777	null
"GO:0001990"	"regulation of systemic arterial blood pressure by hormone"	-9.26841123481326	3.864748335629659	0.01802448760662027	0.788662725339776	0.93255511	97746
"GO:0003018"	"vascular process in circulatory system"	-44.777283528852415	4.530302174485271	0.08345709426159682	0.9252981295302523	0.90355134	97746
"GO:0003044"	"regulation of systemic arterial blood pressure mediated by a chemical signal"	-8.812479279163536	4.026328938722349	0.026149413673731227	0.7841266572275875	0.9158296	97746
"GO:0003071"	"renal system process involved in regulation of systemic arterial blood pressure"	-6.718966632752273	3.0711452904510828	0.0028970124147196584	0.8084161611803753	0.73507201	97746
"GO:0003073"	"regulation of systemic arterial blood pressure"	-11.636388020107855	4.191283300818515	0.038232195274290955	0.779444950110299	0.86071868	97746
"GO:0003085"	"negative regulation of systemic arterial blood pressure"	-6.3260580013659125	3.584218112117405	0.0094466725978709	0.7960974542355299	0.86141567	97746
"GO:0006884"	"cell volume homeostasis"	-5.283162276700476	4.128205343962674	0.033063354092548146	0.8121936375057515	0.72641738	97746
"GO:0008015"	"blood circulation"	-4.779891911959945	4.78353913333115	0.14952226862310095	0.9224674046045356	0.95134487	97746
"GO:0008217"	"regulation of blood pressure"	-33.64975198166584	4.401400540781544	0.062023632827969986	0.7735540856242539	0.88922309	97746
"GO:0008361"	"regulation of cell size"	-8.954677021213342	4.624374927964111	0.10364264975277432	0.8182281789312441	0.78705019	97746
"GO:0019229"	"regulation of vasoconstriction"	-27.943095148663527	4.095308861385381	0.03065122820773484	0.6850130464357483	0.94236892	97746
"GO:0035150"	"regulation of tube size"	-42.9100948885606	4.484925911049592	0.07517710295903358	0.8274727566463219	0.76780387	97746
"GO:0035296"	"regulation of tube diameter"	-43.363512103646634	4.472639451880648	0.07308003025101222	0.8267520507808822	0.99511494	97746
"GO:0042310"	"vasoconstriction"	-9.67366413907125	3.9429995933660407	0.02158360396319175	0.7856048122914662	0.92127003	97746
"GO:0042311"	"vasodilation"	-13.1944991418416	3.6892200372638357	0.012031093188742303	0.7925237164992641	0.88813603	97746
"GO:0043114"	"regulation of vascular permeability"	-5.958607314841775	3.6327608884794387	0.010564126834304821	0.7952387872226382	0.86479557	97746
"GO:0045776"	"negative regulation of blood pressure"	-11.254144804826272	3.630834517828051	0.010517361128374769	0.7950498676399589	0.86684669	97746
"GO:0045777"	"positive regulation of blood pressure"	-6.059981844992337	3.6415732531781755	0.010780725893349281	0.7947718269716035	0.8681075	97746
"GO:0045907"	"positive regulation of vasoconstriction"	-19.860120913598763	3.7797407511767407	0.01481980607393973	0.6447418589568772	0.89967795	97746
"GO:0098656"	"monoatomic anion transmembrane transport"	-16.67366413907125	5.277178143644761	0.4659611871223392	0.9639794326722853	0.67266989	null
"GO:0006821"	"chloride transport"	-10.67778070526608	5.0822322798435655	0.2974421964798616	0.970150738559416	0.93718004	98656
"GO:1902476"	"chloride transmembrane transport"	-10.920818753952375	5.072771766971064	0.29103283341450054	0.963642421959696	0.93535859	98656
"GO:0098657"	"import into cell"	-18.832682665251824	5.7162362968393845	1.2805877868356113	0.9739800797157766	0.37295553	null
"GO:0098660"	"inorganic ion transmembrane transport"	-56.52287874528034	6.190487735959	3.8164655749516183	0.963250101787828	0.55485039	null
"GO:0098662"	"inorganic cation transmembrane transport"	-49.348721986001856	6.125479313810896	3.285888950351606	0.960096599647721	0.54219435	null
"GO:0035725"	"sodium ion transmembrane transport"	-21.515700160653214	5.326604139262278	0.5221267999443341	0.9615756931968015	0.7245691	98662
"GO:0036376"	"sodium ion export across plasma membrane"	-7.084072788302884	4.271934493817765	0.046034684105778906	0.9633792799122876	0.78229262	98662
"GO:0051209"	"release of sequestered calcium ion into cytosol"	-5.401209493236885	4.467563712055963	0.07223086348544018	0.7187454639516879	0.84926673	98662
"GO:0051283"	"negative regulation of sequestering of calcium ion"	-5.22548303427145	4.477208104931312	0.07385289507532995	0.7455588784936142	0.97111511	98662
"GO:0070509"	"calcium ion import"	-7.304518323509803	4.414103889258189	0.0638647248298479	0.9725595206339119	0.84113293	98662
"GO:0070588"	"calcium ion transmembrane transport"	-23.739928612014925	5.221510737005474	0.40990387382986665	0.9614758780875431	0.70489604	98662
"GO:0071805"	"potassium ion transmembrane transport"	-30.241088107602028	5.353237054922488	0.5551483110368395	0.9613671921720045	0.72973032	98662
"GO:0097553"	"calcium ion transmembrane import into cytosol"	-9.056011124926227	4.717429161244508	0.12840878307215342	0.9648692695438916	0.88946734	98662
"GO:0098661"	"inorganic anion transmembrane transport"	-10.931814138253838	5.39502569079866	0.6112203924469742	0.9650323278664692	0.73797845	98662
"GO:0098664"	"G protein-coupled serotonin receptor signaling pathway"	-11.343901797987169	4.327930804554236	0.05237020658282938	0.7804706233079277	0.62974831	null
"GO:0098739"	"import across plasma membrane"	-25.014573525916997	5.284613437501947	0.4740073498952522	0.9667873692636509	0.32863898	null
"GO:0098659"	"inorganic cation import across plasma membrane"	-21.315154638355587	4.932539715606996	0.2107213482149358	0.9656799836757715	0.74726606	98739
"GO:0099587"	"inorganic ion import across plasma membrane"	-21.315154638355587	4.9329960244977835	0.2109428699798676	0.9660157118916366	0.86440331	98739
"GO:1990573"	"potassium ion import across plasma membrane"	-22.33068311943389	4.580514424693191	0.0936864770955602	0.9637276589042936	0.93615112	98739
"GO:0098801"	"regulation of renal system process"	-13.416801226031378	3.1000257301078626	0.00309638200315831	0.7894786474462395	0.6257452	null
"GO:0098900"	"regulation of action potential"	-8.747146969020108	3.523226041965701	0.008208612067196313	0.8408275346922234	0.69680767	null
"GO:0098953"	"receptor diffusion trapping"	-5.176525770829699	3.7649229846498886	0.014322612779314948	0.9770624336163262	0.66787432	null
"GO:0098970"	"postsynaptic neurotransmitter receptor diffusion trapping"	-5.176525770829699	3.7647737169110402	0.014317690073427572	0.8268029108500311	0.46067844	null
"GO:0099628"	"neurotransmitter receptor diffusion trapping"	-5.176525770829699	3.7647737169110402	0.014317690073427572	0.9767144436846253	0.99981794	98970
"GO:0099177"	"regulation of trans-synaptic signaling"	-32.229884705212896	5.00105405543172	0.24673094178107735	0.7977061280053058	0.69755022	null
"GO:0099622"	"cardiac muscle cell membrane repolarization"	-6.4156687756324695	3.461198288622493	0.0071157713601992635	0.8471540864991136	0.69059142	null
"GO:0086011"	"membrane repolarization during action potential"	-6.4156687756324695	3.755951041004132	0.014029711779016187	0.8402503901452975	0.95711443	99622
"GO:0104004"	"cellular response to environmental stimulus"	-26.703334809738468	4.812679442785524	0.15989933263368555	0.9205787981866447	0.30768993	null
"GO:0110020"	"regulation of actomyosin structure organization"	-5.721246399047171	4.047547433078635	0.027458853439772737	0.8415466557868356	0.60703171	null
"GO:0120161"	"regulation of cold-induced thermogenesis"	-19.34390179798717	3.6514718521990424	0.011029322540661673	0.7684276025634332	0.64286809	null
"GO:0120162"	"positive regulation of cold-induced thermogenesis"	-16.87942606879415	3.479719235439571	0.007425901831103832	0.719374813173577	0.62598677	null
"GO:1900046"	"regulation of hemostasis"	-16.160521952625803	3.8884041677370464	0.019033642313531964	0.8325799399347907	0.46976299	null
"GO:0007589"	"body fluid secretion"	-9.546681659952963	3.6568644915489172	0.011167158305508148	0.8242421040021451	0.77481073	1900046
"GO:1900048"	"positive regulation of hemostasis"	-6.120330794367947	3.425697213362591	0.006557044241982302	0.7764742403138852	0.75214268	1900046
"GO:1900076"	"regulation of cellular response to insulin stimulus"	-10.207608310501746	3.8984509191983747	0.01947914719633932	0.8087684101947284	0.43746733	null
"GO:1900180"	"regulation of protein localization to nucleus"	-6.452225294612178	3.7066324508732946	0.012523363777479712	0.799215391389125	0.69370032	null
"GO:1900407"	"regulation of cellular response to oxidative stress"	-13.309803919971486	3.116275587580544	0.0032145269444552884	0.8181407320911122	0.3195848	null
"GO:1900408"	"negative regulation of cellular response to oxidative stress"	-9.393618634889394	2.4409090820652177	0.0006768720595139389	0.8030282980522	0.78529396	1900407
"GO:1901031"	"regulation of response to reactive oxygen species"	-5.51427857351842	3.621280167550415	0.010288455304611872	0.8120089162053381	0.8947322	1900407
"GO:1902883"	"negative regulation of response to oxidative stress"	-9.133712660915805	2.658964842664435	0.001119915589377608	0.8030905649184827	0.80347826	1900407
"GO:1900449"	"regulation of glutamate receptor signaling pathway"	-10.08039897621589	3.0707764628434346	0.0028945510617759715	0.8190729280236465	0.35544895	null
"GO:1901099"	"negative regulation of signal transduction in absence of ligand"	-8.94692155651658	3.5931752634781025	0.009643580833365865	0.7744292575425067	0.47163152	null
"GO:1901135"	"carbohydrate derivative metabolic process"	-11.876148359032914	6.429946135493561	6.623993042050591	0.988948211702356	0.0984493	null
"GO:1901136"	"carbohydrate derivative catabolic process"	-5.835647144215563	5.704056953207529	1.245173840681842	0.9796895669425537	0.56119116	null
"GO:1901532"	"regulation of hematopoietic progenitor cell differentiation"	-15.87942606879415	3.2227164711475833	0.004107998063013687	0.8195213105870398	0.53517065	null
"GO:1901568"	"fatty acid derivative metabolic process"	-18.829738284605043	5.147855568954347	0.34596038570582077	0.9733581615956319	0.47532629	null
"GO:1901571"	"fatty acid derivative transport"	-9.607303046740334	0.6020599913279624	7.384058831061151E-06	0.9850104477780568	0.43867123	null
"GO:1901615"	"organic hydroxy compound metabolic process"	-52.025028005701934	5.82401057106121	1.6412842926152864	0.990675575776235	0.0616105	null
"GO:1901642"	"nucleoside transmembrane transport"	-6.024108863598207	4.387656728620143	0.06009147076717565	0.9708841327682433	0.35678796	null
"GO:0015858"	"nucleoside transport"	-6.024108863598207	4.387656728620143	0.06009147076717565	0.9761224543284214	0.73763426	1901642
"GO:1901652"	"response to peptide"	-49.244887733604926	5.073641379946688	0.29161617406215434	0.8898936688937908	0.57100285	null
"GO:1901653"	"cellular response to peptide"	-32.686132779630846	2.2430380486862944	0.00042827541220154676	0.9132342026829237	0.6311684	null
"GO:1901654"	"response to ketone"	-36.14813039927024	4.0050088206723675	0.02489658502539452	0.8951279385346256	0.69212269	null
"GO:1901655"	"cellular response to ketone"	-13.401209493236886	3.7424894645817752	0.013601436366814641	0.887461201135234	0.66241331	null
"GO:0032570"	"response to progesterone"	-10.5654310959658	2.8926510338773004	0.0019198552960758993	0.8917154984127158	0.83954361	1901655
"GO:0033574"	"response to testosterone"	-11.866461091629782	2.598790506763115	0.000974695765700072	0.9019531324371403	0.81170245	1901655
"GO:0051412"	"response to corticosterone"	-9.570247719997592	2.3242824552976926	0.0005168841181742806	0.8970867013432278	0.78727287	1901655
"GO:1901698"	"response to nitrogen compound"	-92.02456819149074	5.194450511165822	0.3851426632163749	0.887658128621889	0.58647438	null
"GO:1901699"	"cellular response to nitrogen compound"	-61.7825160557861	4.935814488495356	0.212316304922445	0.8696656040876499	0.66067631	null
"GO:0032868"	"response to insulin"	-12.96657624451305	4.440720217316904	0.06790134365749467	0.8714336358721476	0.9401576	1901699
"GO:0032869"	"cellular response to insulin stimulus"	-11.10790539730952	4.378615902031224	0.05885341023650107	0.8629222199011706	0.93070099	1901699
"GO:0043279"	"response to alkaloid"	-22.712198270069774	3.422917980767662	0.006515201241939623	0.9033477847448014	0.70128253	1901699
"GO:0043434"	"response to peptide hormone"	-35.71669877129645	4.731693498907015	0.13269645990005627	0.8660609412043552	0.86667077	1901699
"GO:0071375"	"cellular response to peptide hormone stimulus"	-21.585026652029182	4.664529157142216	0.11368250841007381	0.8570358768948606	0.85630809	1901699
"GO:0071731"	"response to nitric oxide"	-6.040958607678906	3.623456048069934	0.0103401437164293	0.8939290860923803	0.7224099	1901699
"GO:0071867"	"response to monoamine"	-13.721246399047171	4.227140825423186	0.041523024160000546	0.8923418567077682	0.79444682	1901699
"GO:1901700"	"response to oxygen-containing compound"	-161.6695862266508	5.564509832144328	0.9029891703916372	0.8801939200847775	0.37551818	null
"GO:0009636"	"response to toxic substance"	-85.29328221766325	5.620163132442645	1.0264457113410923	0.8789827633341734	0.7161887	1901700
"GO:0070887"	"cellular response to chemical stimulus"	-120.76955107862173	5.946342695005116	2.1752846591599666	0.8646386234644349	0.70543593	1901700
"GO:1901701"	"cellular response to oxygen-containing compound"	-90.27408836770495	5.358646658683822	0.5621065558086429	0.860592760241382	0.6088978	null
"GO:0000302"	"response to reactive oxygen species"	-32.162411561764486	5.018317618326985	0.2567363414971652	0.8715573816631891	0.83701118	1901701
"GO:0009743"	"response to carbohydrate"	-22.503070351926784	4.33635965446523	0.053396590760346876	0.8901025240314556	0.73365176	1901701
"GO:0009746"	"response to hexose"	-15.145086977692145	4.258230090449129	0.04460463804549673	0.8890740240217689	0.98609337	1901701
"GO:0009749"	"response to glucose"	-15.391473966422806	4.169292274879936	0.03634433756648299	0.8904601893252106	0.96354943	1901701
"GO:0034284"	"response to monosaccharide"	-17.563837352959244	4.259474419531076	0.04473262839856846	0.8891433557675791	0.72357778	1901701
"GO:0042542"	"response to hydrogen peroxide"	-20.54060751224077	4.679427896612119	0.11765020935529734	0.8778833788910109	0.78224648	1901701
"GO:0071322"	"cellular response to carbohydrate stimulus"	-9.96657624451305	4.003934206173708	0.02483505120180234	0.8833316791176464	0.94063648	1901701
"GO:0071326"	"cellular response to monosaccharide stimulus"	-8.224753740259764	3.961516011448949	0.0225238407876802	0.8837814641058236	0.98749049	1901701
"GO:0071331"	"cellular response to hexose stimulus"	-7.698970004336019	3.960851153719686	0.02248938184646858	0.8837800302130816	0.99904329	1901701
"GO:0071333"	"cellular response to glucose stimulus"	-8.096910013008056	3.9568404901592333	0.022282628199198868	0.8636405554120483	0.93430879	1901701
"GO:0097237"	"cellular response to toxic substance"	-20.285670240254767	5.550580539260246	0.8744867033037411	0.8657136962727999	0.75494825	1901701
"GO:0097305"	"response to alcohol"	-50.57024771999759	4.451279718904047	0.06957260230625817	0.8882435433619777	0.74924324	1901701
"GO:0098754"	"detoxification"	-11.85078088734462	5.60186125613835	0.9840882885331819	0.8780288990965178	0.96833873	1901701
"GO:0098869"	"cellular oxidant detoxification"	-11.580044251510243	5.506568616038737	0.7902075171589529	0.8667276272686196	0.94615974	1901701
"GO:1990748"	"cellular detoxification"	-12.636388020107855	5.550235693181492	0.8737926017736214	0.8656877743857212	0.98068782	1901701
"GO:1901861"	"regulation of muscle tissue development"	-12.29929628285498	3.577836341292744	0.009308836833024425	0.8257171667526602	0.56469061	null
"GO:1901983"	"regulation of protein acetylation"	-5.782516055786093	2.7781512503836434	0.0014743504132685432	0.8499559695525936	0.62388383	null
"GO:1902036"	"regulation of hematopoietic stem cell differentiation"	-15.500312917381596	2.8796692056320534	0.0018632441783710974	0.8266572578224142	0.50943182	null
"GO:1902170"	"cellular response to reactive nitrogen species"	-5.728158393463501	3.2216749970707688	0.004098152651238939	0.8963551744778452	0.68128431	null
"GO:1902175"	"regulation of oxidative stress-induced intrinsic apoptotic signaling pathway"	-7.016824927962187	3.3310221710418286	0.005272218005377662	0.7972457778631299	0.69317857	null
"GO:1902176"	"negative regulation of oxidative stress-induced intrinsic apoptotic signaling pathway"	-5.701146923590294	3.2571984261393445	0.0044476647692425	0.7691980252200472	0.79699695	1902175
"GO:1902337"	"regulation of apoptotic process involved in morphogenesis"	-5.3448615651886175	2.546542663478131	0.0008639348832341547	0.8260571514255971	0.61930665	null
"GO:1902514"	"regulation of calcium ion transmembrane transport via high voltage-gated calcium channel"	-7.694648630553377	3.1473671077937864	0.003453278179992932	0.8050009205474437	0.69141772	null
"GO:0090279"	"regulation of calcium ion import"	-5.074172425375258	3.312811826212088	0.005055618946333202	0.8076637973465233	0.71431516	1902514
"GO:1902644"	"tertiary alcohol metabolic process"	-6.3260580013659125	3.7741518589547103	0.01463028189727583	0.9668420482267115	0.60544683	null
"GO:1902803"	"regulation of synaptic vesicle transport"	-5.061480274823508	3.0211892990699383	0.002581959237927716	0.8154626848194334	0.60055617	null
"GO:1902893"	"regulation of miRNA transcription"	-15.092051478387727	3.533772058384718	0.008410443008578652	0.8426190700826565	0.22547565	null
"GO:1902895"	"positive regulation of miRNA transcription"	-12.910094888560602	3.447623097760286	0.006896710948211115	0.7760516916535379	0.96536786	1902893
"GO:1903053"	"regulation of extracellular matrix organization"	-5.585026652029182	3.3805730030668872	0.005909708417792608	0.8560243507855748	0.43591189	null
"GO:1903409"	"reactive oxygen species biosynthetic process"	-8.6903698325741	2.6757783416740852	0.001164219942363975	0.9855274727423956	0.07628758	null
"GO:1903523"	"negative regulation of blood circulation"	-6.728158393463501	3.0546130545568877	0.0027887128851974284	0.7581469150311656	0.67772671	null
"GO:1903779"	"regulation of cardiac conduction"	-10.51999305704285	3.042181594515766	0.0027099495909994427	0.7893079812334861	0.62174872	null
"GO:0002026"	"regulation of the force of heart contraction"	-5.782516055786093	3.048053173115609	0.0027468698851547484	0.7692720769424768	0.71577284	1903779
"GO:0045822"	"negative regulation of heart contraction"	-5.391473966422806	3.0394141191761372	0.0026927201203936334	0.7580829420374439	0.71509546	1903779
"GO:1903793"	"positive regulation of monoatomic anion transport"	-13.752026733638193	2.250420002308894	0.0004356594710326079	0.7765681623062642	0.53879614	null
"GO:1903792"	"negative regulation of monoatomic anion transport"	-6.686132779630847	2.367355921026019	0.0005710338829353958	0.7982413698819489	0.88796556	1903793
"GO:1903959"	"regulation of monoatomic anion transmembrane transport"	-6.728158393463501	3.0965624383741357	0.0030717684737214387	0.8072446551943459	0.87739693	1903793
"GO:1904035"	"regulation of epithelial cell apoptotic process"	-18.87942606879415	3.228913405994688	0.004167070533662176	0.8519709377156399	0.68258917	null
"GO:1904036"	"negative regulation of epithelial cell apoptotic process"	-11.832682665251824	2.9822712330395684	0.0023604374729958816	0.82257061537049	0.65829144	null
"GO:1904037"	"positive regulation of epithelial cell apoptotic process"	-7.97469413473523	2.683947130751512	0.0011863721188571585	0.7979284767281521	0.91700711	1904036
"GO:1904589"	"regulation of protein import"	-4.809668301829708	1.8129133566428555	0.00015752658839597125	0.8350814662187404	0.50887906	null
"GO:1904645"	"response to amyloid-beta"	-16.826813731587727	3.1231980750319988	0.0032662153562727165	0.9003958725508378	0.67190642	null
"GO:1904646"	"cellular response to amyloid-beta"	-13.903089986991944	3.042181594515766	0.0027099495909994427	0.8926614606270438	0.66438153	null
"GO:1904748"	"regulation of apoptotic process involved in development"	-5.3448615651886175	2.6693168805661123	0.0011469904717581656	0.8236593798765642	0.62982345	null
"GO:1904892"	"regulation of receptor signaling pathway via STAT"	-16.970616222314792	3.951094556841663	0.02198972719890011	0.7978287843308415	0.47698003	null
"GO:1904950"	"negative regulation of establishment of protein localization"	-6.903089986991944	3.853637381958594	0.017569137312038165	0.7624254098807718	0.68519511	null
"GO:1900182"	"positive regulation of protein localization to nucleus"	-5.785156151952302	3.529430354366986	0.008326757008493292	0.7438361579495262	0.79363938	1904950
"GO:1905477"	"positive regulation of protein localization to membrane"	-5.950781977329818	4.020444155366574	0.02579744020278398	0.7274569793855984	0.72334784	1904950
"GO:1905207"	"regulation of cardiocyte differentiation"	-5.213958789757446	3.0382226383687185	0.0026853360615625723	0.8234307301271686	0.53590569	null
"GO:1905330"	"regulation of morphogenesis of an epithelium"	-20.98296666070122	3.594171479114912	0.009665733009859047	0.8245870928724581	0.56612683	null
"GO:1905332"	"positive regulation of morphogenesis of an epithelium"	-6.97061622231479	3.2931414834509307	0.00483163582845768	0.7682817174000706	0.54077775	null
"GO:2000027"	"regulation of animal organ morphogenesis"	-26.903089986991944	3.6163704722912695	0.010172771716258579	0.8240931603775661	0.56809034	null
"GO:2000045"	"regulation of G1/S transition of mitotic cell cycle"	-6.920818753952375	4.194264516025517	0.03849556003926547	0.8392667547470329	0.68166156	null
"GO:1900087"	"positive regulation of G1/S transition of mitotic cell cycle"	-4.779891911959945	3.4800069429571505	0.007430824536991206	0.7845792991637176	0.88907093	2000045
"GO:2000241"	"regulation of reproductive process"	-7.46344155742847	4.755791036368597	0.14026758155483765	0.8449330671687653	0.18233146	null
"GO:2000273"	"positive regulation of signaling receptor activity"	-10.5654310959658	3.0569048513364727	0.0028034810028595507	0.7903366684818692	0.54414651	null
"GO:0099601"	"regulation of neurotransmitter receptor activity"	-7.749579997691106	4.139532771597939	0.03393713438755705	0.7618799611024992	0.81577611	2000273
"GO:2000310"	"regulation of NMDA receptor activity"	-7.462180904926726	2.3979400086720375	0.0006128768829780756	0.7582444342105598	0.67013818	null
"GO:2000352"	"negative regulation of endothelial cell apoptotic process"	-8.991399828238082	3.1370374547895126	0.0033720535328512595	0.8196950516582736	0.67333256	null
"GO:2000377"	"regulation of reactive oxygen species metabolic process"	-32.26440110030182	3.8928734068887656	0.019230550549026927	0.838639256073057	0.23487203	null
"GO:2000379"	"positive regulation of reactive oxygen species metabolic process"	-24.987162775294827	3.3242824552976926	0.00519099335823599	0.7796063890763048	0.3866546	null
"GO:0032928"	"regulation of superoxide anion generation"	-6.718966632752273	2.6580113966571126	0.001117454236433921	0.8578525855115192	0.96255585	2000379
"GO:0032930"	"positive regulation of superoxide anion generation"	-6.4156687756324695	2.5899496013257077	0.0009550049421505757	0.7972919372995851	0.86378115	2000379
"GO:0090322"	"regulation of superoxide metabolic process"	-8.939302159646388	2.8102325179950842	0.0015875726486781474	0.855537721873627	0.81798484	2000379
"GO:1903426"	"regulation of reactive oxygen species biosynthetic process"	-14.215382707367125	3.3191060593097763	0.005129459534643814	0.8456360020530816	0.86657335	2000379
"GO:1903428"	"positive regulation of reactive oxygen species biosynthetic process"	-9.995678626217357	2.709269960975831	0.0012577513542240829	0.793688988295175	0.80897792	2000379
"GO:2000378"	"negative regulation of reactive oxygen species metabolic process"	-9.55129368009492	3.0610753236297916	0.002830555885240108	0.8166920168833418	0.84124195	2000379
"GO:2000648"	"positive regulation of stem cell proliferation"	-4.747146969020107	3.344785122632661	0.005442051358492069	0.7843668691973835	0.69115416	null
"GO:2000736"	"regulation of stem cell differentiation"	-13.518557371497694	3.5524248457040857	0.008779645950131709	0.8120823840085406	0.56856179	null
"GO:2000772"	"regulation of cellular senescence"	-5.074172425375258	3.1920095926536702	0.003827403827433364	0.8526473516148934	0.21045098	null
"GO:2001023"	"regulation of response to drug"	-13.512861624522813	2.060697840353612	0.00028059423558032375	0.8506037678620129	0.11273557	null
"GO:2001024"	"negative regulation of response to drug"	-7.655607726314889	0.6020599913279624	7.384058831061151E-06	0.8463416890652606	0.25309535	null
"GO:2001025"	"positive regulation of response to drug"	-6.686132779630847	1.0791812460476249	2.707488238055756E-05	0.8163572622496433	0.81054816	2001024
"GO:2001038"	"regulation of cellular response to drug"	-4.844663962534939	1.724275869600789	0.00012799035307172664	0.8504337317452939	0.89113829	2001024
"GO:2001057"	"reactive nitrogen species metabolic process"	-5.057495893831919	4.601440680327289	0.09831135927674817	0.9928602731692634	0.04461727	null
