TermID	Name	Value	LogSize	Frequency	Uniqueness	Dispensability	Representative
"GO:0001101"	"response to acid chemical"	-28.080921907623924	4.828292459459625	0.16575242993377337	0.8768335958546022	0.54196644	null
"GO:0001504"	"neurotransmitter uptake"	-3.549750891680639	3.7666358863102674	0.01437922389701975	0.9806678416657649	0.60597116	null
"GO:0001525"	"angiogenesis"	-7.696803942579511	4.630966594800627	0.1052277610485088	0.9060812694283056	0.61045771	null
"GO:0007507"	"heart development"	-5.910094888560602	4.8837522584889	0.18833042048621468	0.9023495598118224	0.87193358	1525
"GO:0035239"	"tube morphogenesis"	-4.0996328713435295	4.817161956022279	0.16155828451773063	0.9039665803515082	0.92987827	1525
"GO:0048565"	"digestive tract development"	-5.679853713888946	3.9463048549934747	0.021748514610418778	0.9153467944979081	0.8079239	1525
"GO:0048566"	"embryonic digestive tract development"	-3.7471469690201067	3.1215598441875008	0.003253908591554281	0.9218698917982558	0.89093164	1525
"GO:0001659"	"temperature homeostasis"	-5.025949097207123	3.326335860928751	0.00521560688767286	0.9209839843475903	0.55050955	null
"GO:0001776"	"leukocyte homeostasis"	-3.068542129310995	3.8180938691466357	0.01618831831062973	0.9042539220968124	0.85662145	1659
"GO:0002260"	"lymphocyte homeostasis"	-3.0690509688324767	3.694166295933198	0.012168928953588778	0.9057869755583016	0.820012	1659
"GO:0048872"	"homeostasis of number of cells"	-3.692503962086787	4.306832322684375	0.04988670146264914	0.910064815753288	0.78023179	1659
"GO:0001666"	"response to hypoxia"	-26.43297363384094	4.481442628502305	0.07457653284077395	0.8990475756073691	0.28500886	null
"GO:0036293"	"response to decreased oxygen levels"	-26.26440110030182	4.486331281184666	0.0754207769004586	0.9047061030173893	0.97106719	1666
"GO:0036294"	"cellular response to decreased oxygen levels"	-8.087777943467584	4.018367578387845	0.025674372555599623	0.8620680802056471	0.9864831	1666
"GO:0036296"	"response to increased oxygen levels"	-3.835647144215563	2.9951962915971793	0.002431816708362806	0.9220182944758144	0.78397021	1666
"GO:0055093"	"response to hyperoxia"	-4.686132779630847	2.8444771757456815	0.0017180243546935615	0.9188662715737581	0.76898075	1666
"GO:0071453"	"cellular response to oxygen levels"	-8.3767507096021	4.062243441026478	0.028404012970148565	0.8614455030176427	0.90935915	1666
"GO:0071456"	"cellular response to hypoxia"	-8.684029654543082	4.010978012174742	0.025241174437510703	0.857956642655504	0.92788706	1666
"GO:0001676"	"long-chain fatty acid metabolic process"	-12.679853713888946	4.90723395179748	0.19879363184982835	0.9267657980172574	0.64349566	null
"GO:0001775"	"cell activation"	-13.289882634888183	4.785315595613992	0.150135145506079	0.9204525751023067	0.58391363	null
"GO:0001816"	"cytokine production"	-3.856985199745905	2.8639173769578603	0.001796787648891547	0.9208798435799722	0.41631708	null
"GO:0001821"	"histamine secretion"	-4.027797161620936	2.1335389083702174	0.0003322826473977518	0.9801153329173443	0.54862679	null
"GO:0001973"	"G protein-coupled adenosine receptor signaling pathway"	-3.500312917381596	3.6456187382426952	0.01088164136404045	0.8001042461065346	0.4952878	null
"GO:0001974"	"blood vessel remodeling"	-3.3767507096020997	3.1357685145678222	0.0033622081210765114	0.9398439764839771	0.43395231	null
"GO:0001975"	"response to amphetamine"	-13.130768280269024	2.884795363948981	0.0018853963548642809	0.8933045113110801	0.51194205	null
"GO:0002024"	"diet induced thermogenesis"	-3.2932822176632413	2.574031267727719	0.000920546000938957	0.8634959193436388	0.63505254	null
"GO:0002223"	"stimulatory C-type lectin receptor signaling pathway"	-3.045275209020937	2.9822712330395684	0.0023604374729958816	0.6980659210589036	0.66360835	null
"GO:0002237"	"response to molecule of bacterial origin"	-19.555955204081922	4.403360775765525	0.062304227063550315	0.9138961807503624	0.28014093	null
"GO:0002252"	"immune effector process"	-4.667561540084395	4.663531319592994	0.11342160499804296	0.9762003935116903	0.6868246	null
"GO:0006955"	"immune response"	-3.053547734986927	5.410414467099877	0.6332667307635791	0.888443968256803	0.78669321	2252
"GO:0002376"	"immune system process"	-10.876148359032914	5.567019304402755	0.9082220067499159	1	-0	null
"GO:0002437"	"inflammatory response to antigenic stimulus"	-3.549750891680639	3.334252642334231	0.005311599652476655	0.9086520372309186	0.54561351	null
"GO:0002521"	"leukocyte differentiation"	-7.434152181326482	4.472068637583486	0.07298403748620842	0.9631920169984199	0.58947325	null
"GO:0002244"	"hematopoietic progenitor cell differentiation"	-3.9208187539523753	3.8985057855343586	0.019481608549283005	0.966230724009172	0.83311542	2521
"GO:0002573"	"myeloid leukocyte differentiation"	-5.262012673666569	4.008855563996213	0.025118106790326354	0.965332564267168	0.84676352	2521
"GO:0030099"	"myeloid cell differentiation"	-5.8696662315049934	4.343566132386124	0.05429006187890528	0.9639193639443976	0.89103684	2521
"GO:0030225"	"macrophage differentiation"	-4.54515513999149	3.2062860444124324	0.00395539418050509	0.9688755473642521	0.75660212	2521
"GO:0002526"	"acute inflammatory response"	-3.1630432629404495	3.7735670489260587	0.014610591073726333	0.9217053261525141	0.6867114	null
"GO:0002544"	"chronic inflammatory response"	-3.1112590393171073	2.6848453616444123	0.0011888334718008454	0.9317164633453267	0.6053818	null
"GO:0002576"	"platelet degranulation"	-7.0996328713435295	2.916453948549925	0.0020281548255981297	0.9746351773337391	0.61176992	null
"GO:0002639"	"positive regulation of immunoglobulin production"	-3.694648630553376	3.5848963441374497	0.009461440715533023	0.7784560358244557	0.69687808	null
"GO:0002637"	"regulation of immunoglobulin production"	-3.6595558851598815	3.6574383227029625	0.01118192642317027	0.8344045599736972	0.87349981	2639
"GO:0002682"	"regulation of immune system process"	-10.44490555142168	5.28814410553558	0.47787659672272825	0.8497306600870563	0.20761263	null
"GO:0002902"	"regulation of B cell apoptotic process"	-4.213958789757446	3.0881360887005513	0.00301269600307295	0.8706052458274701	0.66850678	null
"GO:2000108"	"positive regulation of leukocyte apoptotic process"	-3.3419886033428874	3.4127964287165433	0.006365058712374712	0.8046830056173184	0.89487598	2902
"GO:2000668"	"regulation of dendritic cell apoptotic process"	-3.1112590393171073	2.967079734144497	0.002279212825854209	0.8724800100617749	0.8513183	2902
"GO:0003008"	"system process"	-44.43415218132648	5.658049574713654	1.1200115821424117	0.9140958607447752	-0	null
"GO:0003012"	"muscle system process"	-11.296708621881338	4.706265334409592	0.12514995177471178	0.9147748664121876	0.6750183	null
"GO:0003013"	"circulatory system process"	-24.30364361126667	4.796213427493061	0.15395024256879394	0.9136473674548237	0.58524955	null
"GO:0007600"	"sensory perception"	-3.5686362358410126	5.383102322645107	0.5946677939006788	0.9046593023194711	0.90252492	3013
"GO:0050877"	"nervous system process"	-22.785156151952304	5.560037013445795	0.8937369446763176	0.9027262317943044	0.79356754	3013
"GO:0003014"	"renal system process"	-5.580044251510242	3.7452309845281406	0.013687583719843688	0.9252067077365455	0.49127278	null
"GO:0003057"	"regulation of the force of heart contraction by chemical signal"	-3.171984935776023	2.2576785748691846	0.00044304352986366906	0.8078359697599429	0.65841777	null
"GO:0006066"	"alcohol metabolic process"	-16.25649023527157	5.644477979471213	1.085552640930793	0.9296367082093601	0.68739384	null
"GO:0006694"	"steroid biosynthetic process"	-12.090979145788843	4.957947119978726	0.22341700669847356	0.9522938002204643	0.90896095	6066
"GO:0006695"	"cholesterol biosynthetic process"	-7.4723700991286615	4.1361813269606005	0.033676230975526224	0.9238098407629665	0.81694559	6066
"GO:0006706"	"steroid catabolic process"	-5.45717457304082	4.02649240705284	0.026159259085505975	0.953453377174311	0.72197691	6066
"GO:0008203"	"cholesterol metabolic process"	-15.920818753952375	4.630193882888373	0.10504069822478856	0.9220866341836073	0.71030762	6066
"GO:0016125"	"sterol metabolic process"	-14.301029995663981	5.048375760906674	0.2751349547512259	0.9400709132050281	0.85517604	6066
"GO:0016126"	"sterol biosynthetic process"	-6.94692155651658	4.786389359196785	0.15050680980057576	0.9370718404267779	0.88032117	6066
"GO:0018958"	"phenol-containing compound metabolic process"	-14.785156151952302	4.838275947525585	0.1696069086435873	0.9680637356383492	0.74152367	6066
"GO:0034308"	"primary alcohol metabolic process"	-6.7447274948966935	5.060762035662704	0.28309497017110985	0.9368639109757313	0.77808513	6066
"GO:0046165"	"alcohol biosynthetic process"	-9.987162775294827	5.359378189398367	0.5630541766919623	0.9266412627186843	0.83322546	6066
"GO:1901616"	"organic hydroxy compound catabolic process"	-9.151195298948196	5.050978769901794	0.27678898392938356	0.9545888988068713	0.77640182	6066
"GO:1901617"	"organic hydroxy compound biosynthetic process"	-14.906578314837764	5.529634363247561	0.8333107299088005	0.9570716416405298	0.86830913	6066
"GO:1902652"	"secondary alcohol metabolic process"	-16.40340290437354	4.967608810624577	0.22844308940948255	0.9379595898370224	0.76234727	6066
"GO:1902653"	"secondary alcohol biosynthetic process"	-7.4723700991286615	4.583096708442514	0.09424520421377716	0.936054809465248	0.87775487	6066
"GO:0006082"	"organic acid metabolic process"	-28.42481215507234	6.535454260345129	8.445551746967404	0.926683631305069	0.5845868	null
"GO:0006091"	"generation of precursor metabolites and energy"	-5.853871964321762	5.994197012048046	2.4286809447125486	0.9697213356681832	0.13556694	null
"GO:0006122"	"mitochondrial electron transport, ubiquinol to cytochrome c"	-7.2262135550188065	4.351583744241734	0.05530167793876066	0.975026732583402	0.03509247	null
"GO:0006177"	"GMP biosynthetic process"	-3.555955204081924	4.591554304100671	0.09609860298037351	0.9266354992368822	0.64720762	null
"GO:0006182"	"cGMP biosynthetic process"	-3.1112590393171073	4.297388411880627	0.048813551579201586	0.9307553868010324	0.43746918	null
"GO:0046068"	"cGMP metabolic process"	-3.3010299956639813	4.361859992489294	0.056625885822464285	0.9323175430330621	0.88725747	6182
"GO:0006195"	"purine nucleotide catabolic process"	-5.298432014944073	5.329513811358952	0.5256366892420318	0.9146461512876388	0.68020352	null
"GO:0006152"	"purine nucleoside catabolic process"	-4.872895201635193	4.449771429797611	0.06933138971777683	0.9249218938298621	0.78825915	6195
"GO:0009154"	"purine ribonucleotide catabolic process"	-3.640164517660112	5.26259583043562	0.4505752698713515	0.9111778545850109	0.938966	6195
"GO:0009164"	"nucleoside catabolic process"	-4.049148541111453	4.659221914613612	0.11230168940866538	0.9245200774622876	0.96429196	6195
"GO:0009261"	"ribonucleotide catabolic process"	-3.2958494831602008	5.2856833036363104	0.4751764925435035	0.9128981109584158	0.94367619	6195
"GO:0042454"	"ribonucleoside catabolic process"	-3.6716203965612624	4.367598163679833	0.05737905982323253	0.9280925882220569	0.92067358	6195
"GO:0046128"	"purine ribonucleoside metabolic process"	-4.5003129173815966	4.777006099803747	0.1472898215031768	0.9304774864000226	0.90424252	6195
"GO:0046130"	"purine ribonucleoside catabolic process"	-4.872895201635193	4.0097057883905185	0.025167333849200092	0.9301385784403738	0.87191468	6195
"GO:0006206"	"pyrimidine nucleobase metabolic process"	-4.548213564475709	5.089187756875502	0.3022442960729951	0.9396639743603215	0.63791619	null
"GO:0006144"	"purine nucleobase metabolic process"	-3.175223537524454	5.071171096656961	0.2899621448839967	0.9379806273540111	0.87400194	6206
"GO:0009113"	"purine nucleobase biosynthetic process"	-3.2932822176632413	4.806295318137176	0.1575659700430702	0.938128508595133	0.83050385	6206
"GO:0046112"	"nucleobase biosynthetic process"	-4.213958789757446	5.195800057542198	0.3863413420999505	0.9363385271804935	0.89608466	6206
"GO:0072528"	"pyrimidine-containing compound biosynthetic process"	-3.193820026016113	5.455504182126205	0.7025488934224823	0.9779840452286297	0.86878254	6206
"GO:0006357"	"regulation of transcription by RNA polymerase II"	-4.127843727251707	6.230801833816229	4.1876991326832185	0.7892726974298437	0.48364739	null
"GO:0006468"	"protein phosphorylation"	-20.225483034271452	6.183647586752504	3.756826993126081	0.9495531017237684	0.40652725	null
"GO:0036211"	"protein modification process"	-3.1972262747080245	6.5265191621302225	8.273569632733158	0.9732906097620422	0.70996449	6468
"GO:0006520"	"amino acid metabolic process"	-5.950781977329818	6.349827285704941	5.5080894579711925	0.9786814628014432	0.12927537	null
"GO:0006575"	"cellular modified amino acid metabolic process"	-7.195179321278838	5.644975954811678	1.0867980855202988	0.9721989118351179	0.09291576	null
"GO:0006576"	"biogenic amine metabolic process"	-5.0385789059335515	5.35309646946214	0.5549686322719504	0.9794081985587824	0.04894618	null
"GO:0006577"	"amino-acid betaine metabolic process"	-3.4377071355435254	4.395239001081552	0.06114985253296109	0.9752597642607768	0.69676276	null
"GO:0006629"	"lipid metabolic process"	-25.512861624522813	6.385531203866832	5.980051423570241	0.9784566860400414	0.0963197	null
"GO:0006631"	"fatty acid metabolic process"	-18.671620396561263	5.856685398354459	1.7695330877461002	0.9124009873356207	0.62038784	null
"GO:0008610"	"lipid biosynthetic process"	-11.575118363368933	6.1509841162172165	3.4846382778484486	0.9473886009370333	0.81881165	6631
"GO:0044255"	"cellular lipid metabolic process"	-15.060980223551333	6.257374462280024	4.451927832540966	0.9411846343465008	0.74116763	6631
"GO:0006637"	"acyl-CoA metabolic process"	-4.882728704344236	5.306300619215061	0.4982787512729502	0.9223444654500429	0.67587592	null
"GO:0006084"	"acetyl-CoA metabolic process"	-4.653647025549361	4.982415973744758	0.23636618453521116	0.9272650648031805	0.92963337	6637
"GO:0006678"	"glucosylceramide metabolic process"	-3.171984935776023	4.053731315887608	0.027852669910762663	0.9471745305359409	0.38767488	null
"GO:0006690"	"icosanoid metabolic process"	-12.72584215073632	4.565847818673518	0.09057532697473977	0.948134724811783	0.30775749	null
"GO:0006704"	"glucocorticoid biosynthetic process"	-4.872895201635193	3.6310376965367404	0.01052228383426214	0.9613622993468757	0.6015313	null
"GO:0006720"	"isoprenoid metabolic process"	-8.31069114087638	5.380844126464666	0.5915837186622389	0.9503288864732262	0.64886715	null
"GO:0006721"	"terpenoid metabolic process"	-7.87942606879415	5.129638340833355	0.33174853380897174	0.9519045083604217	0.47367515	null
"GO:0001523"	"retinoid metabolic process"	-4.138465589140962	4.197611323169714	0.038793383745451604	0.95909376194685	0.75200016	6721
"GO:0016101"	"diterpenoid metabolic process"	-5.721246399047171	4.522118064146713	0.08189905784824292	0.9568231716774368	0.79584563	6721
"GO:0006730"	"one-carbon metabolic process"	-11.183758700008218	5.140313163880555	0.3400039115820981	0.9478130750872871	0.3517229	null
"GO:0006753"	"nucleoside phosphate metabolic process"	-10.856985199745905	6.262731985027961	4.507187667479684	0.9112826619151707	0.56593826	null
"GO:0006163"	"purine nucleotide metabolic process"	-8.876148359032914	5.9883979616328205	2.3964667573855727	0.912490955238381	0.85587986	6753
"GO:0009117"	"nucleotide metabolic process"	-11.18243463044022	6.13588096544101	3.36553833160932	0.9133979176874567	0.87477152	6753
"GO:0009123"	"nucleoside monophosphate metabolic process"	-3.8013429130455774	5.661446361227424	1.1288059962102055	0.9229013266857244	0.74875798	6753
"GO:0009150"	"purine ribonucleotide metabolic process"	-7.995678626217358	5.818828076029202	1.6218149908307218	0.9098266525288407	0.94250575	6753
"GO:0009165"	"nucleotide biosynthetic process"	-5.179798540514359	5.945347438482978	2.170305342154888	0.9130441541479953	0.86687753	6753
"GO:0009259"	"ribonucleotide metabolic process"	-8.913640169325252	5.903150783963722	1.9693555651263899	0.9110126200919065	0.80806075	6753
"GO:0009260"	"ribonucleotide biosynthetic process"	-3.17134010346468	5.75331029453189	1.3947084160696614	0.9109959421394307	0.92516578	6753
"GO:0019693"	"ribose phosphate metabolic process"	-8.291579099865288	5.9265178785086015	2.078218744472724	0.9405024415746327	0.71983707	6753
"GO:0090407"	"organophosphate biosynthetic process"	-4.610833915635467	6.27930731614437	4.68253445118795	0.940731724700324	0.81475031	6753
"GO:1901137"	"carbohydrate derivative biosynthetic process"	-3.133122185662501	6.247150517744046	4.348346716611784	0.9559776660619831	0.72325675	6753
"GO:1901293"	"nucleoside phosphate biosynthetic process"	-5.08460016478773	6.062122253663818	2.839852415308414	0.9118496839356173	0.85246714	6753
"GO:0006760"	"folic acid-containing compound metabolic process"	-4.2839966563652006	5.246624123978228	0.43430572691358005	0.9704182178301193	0.11213996	null
"GO:0035999"	"tetrahydrofolate interconversion"	-3.2932822176632413	4.806614051463206	0.15768165363142353	0.947471147899939	0.89493225	6760
"GO:0046653"	"tetrahydrofolate metabolic process"	-3.3010299956639813	5.149714726288552	0.34744458153086405	0.9709400547105128	0.95861922	6760
"GO:0046655"	"folic acid metabolic process"	-3.175223537524454	4.841716021249686	0.1709557300567278	0.9390489034756679	0.90105672	6760
"GO:0006766"	"vitamin metabolic process"	-6.97469413473523	5.691244211502647	1.2089747229390366	0.949023872612851	0.40755996	null
"GO:0006767"	"water-soluble vitamin metabolic process"	-5.982966660701219	5.678217819759129	1.1732506463143628	0.9480756237603934	0.40603587	null
"GO:0006790"	"sulfur compound metabolic process"	-4.314258261397736	5.985815233869408	2.3822573668416673	0.96978627850606	0.14983863	null
"GO:0006793"	"phosphorus metabolic process"	-22.71669877129645	6.713141707407333	12.714975181439863	0.962761476353455	0.19325219	null
"GO:0006796"	"phosphate-containing compound metabolic process"	-22.943095148663527	6.711039325075964	12.653571809553702	0.9471232632275016	0.69682692	null
"GO:0016310"	"phosphorylation"	-20.042871802323187	6.404965865659897	6.253736641437635	0.9517752450358533	0.74398633	6796
"GO:0019637"	"organophosphate metabolic process"	-8.575118363368933	6.4396515857619026	6.773690066732693	0.9513401029256875	0.75647118	6796
"GO:0006801"	"superoxide metabolic process"	-4.22548303427145	4.75721376909311	0.14072785455530712	0.9740672390404089	0.10074273	null
"GO:0042743"	"hydrogen peroxide metabolic process"	-3.640164517660112	4.890510439603599	0.19128404401863913	0.973430041844057	0.88741383	6801
"GO:0006805"	"xenobiotic metabolic process"	-39.41907502432438	4.777216512043379	0.14736120073854372	0.8467757482577428	0.64005696	null
"GO:0042178"	"xenobiotic catabolic process"	-18.215382707367123	4.519210883619447	0.08135263749474439	0.8397979538036656	0.94990834	6805
"GO:0071466"	"cellular response to xenobiotic stimulus"	-15.362510270487489	4.792216535439859	0.15253988733206128	0.8629230096492262	0.9834872	6805
"GO:0006810"	"transport"	-27.42829116819131	6.876331770196184	18.51422792453157	0.9672374852217736	0.57173611	null
"GO:0051234"	"establishment of localization"	-27.181774106386044	6.888323017729411	19.032544550119077	0.9679244838358159	0.78220361	6810
"GO:0055085"	"transmembrane transport"	-28.97469413473523	6.721216453410256	12.953593503918547	0.9606991439204904	0.72016737	6810
"GO:0006811"	"monoatomic ion transport"	-43.60906489289662	6.300613307421874	4.917982551075166	0.9715788900892076	-0	null
"GO:0006812"	"monoatomic cation transport"	-27.197226274708026	6.218204275344302	4.067971541443448	0.9636600714443216	0.44232322	null
"GO:0030001"	"metal ion transport"	-25.152427340857887	6.016606351619008	2.557289097373141	0.9645709848812355	0.83402018	6812
"GO:0034220"	"monoatomic ion transmembrane transport"	-22.761953896871205	6.242153421106761	4.298600312266925	0.9561177291462929	0.90224319	6812
"GO:0098655"	"monoatomic cation transmembrane transport"	-18.253365801062422	6.165101516833915	3.5997729844952984	0.9560449716063506	0.87883803	6812
"GO:0006814"	"sodium ion transport"	-11.027334407733889	5.397333310001031	0.6144767623914722	0.9676457781232327	0.69063579	null
"GO:0006813"	"potassium ion transport"	-3.85078088734462	5.424811425456997	0.6546115834912332	0.9674617581787632	0.70594866	6814
"GO:0006816"	"calcium ion transport"	-13.88941028970075	5.250861391984317	0.4385638675061586	0.9685920960057851	0.66364984	null
"GO:0006820"	"monoatomic anion transport"	-15.744727494896694	5.3205201586614885	0.5148633474075136	0.9703460895826901	0.6762158	null
"GO:0006825"	"copper ion transport"	-7.370590400897281	4.779293389362142	0.1480676090333819	0.9710755541832999	0.58949174	null
"GO:0006836"	"neurotransmitter transport"	-7.230622673923862	4.765579153897841	0.14346487902868713	0.9796336155676824	0.28755071	null
"GO:0006869"	"lipid transport"	-12.429457060118102	5.554812489062661	0.8830497501948285	0.9707901212634868	0.35504953	null
"GO:0015908"	"fatty acid transport"	-8.886056647693163	4.718949868661722	0.12885921066084816	0.9713174843215125	0.81504712	6869
"GO:0015909"	"long-chain fatty acid transport"	-8.263603497723357	4.5656353400556435	0.0905310226217534	0.9718796603689334	0.82842085	6869
"GO:0015910"	"long-chain fatty acid import into peroxisome"	-3.555955204081924	3.8351195904245494	0.016835654134819425	0.9687271747882049	0.8467573	6869
"GO:0015918"	"sterol transport"	-3.3767507096020997	4.479373734640201	0.07422209801688301	0.9739726246622304	0.81458211	6869
"GO:0019915"	"lipid storage"	-3.3419886033428874	4.27776961008365	0.04665740640053173	0.9775292688594855	0.7482712	6869
"GO:0030301"	"cholesterol transport"	-4.328827157284917	4.224455364335568	0.04126704345385709	0.9749986148515926	0.74093528	6869
"GO:0006878"	"intracellular copper ion homeostasis"	-4.943095148663527	3.8684680990209865	0.018179552842072556	0.9778884064549498	0.60414073	null
"GO:0006883"	"intracellular sodium ion homeostasis"	-3.0574958938319194	4.129818743848935	0.033186421739732505	0.9770123218512036	0.63390694	null
"GO:0006935"	"chemotaxis"	-12.806875401645538	5.29857800889311	0.48949664396987486	0.8593466882165839	0.643113	null
"GO:0030595"	"leukocyte chemotaxis"	-7.230622673923862	4.0851478121269045	0.029942358559952968	0.849495359929768	0.78747946	6935
"GO:0042330"	"taxis"	-13.341035157335565	5.30041720832783	0.49157402585434673	0.9035206388705158	0.99170397	6935
"GO:0043207"	"response to external biotic stimulus"	-11.5654310959658	5.58325206532196	0.9428113996675499	0.8976566034996802	0.81812321	6935
"GO:0060326"	"cell chemotaxis"	-9.97061622231479	4.670282970674412	0.11519870182338504	0.853835327501092	0.87527143	6935
"GO:0072678"	"T cell migration"	-3.149966742310231	3.376576957056512	0.005855558653031494	0.9711719330133859	0.84674725	6935
"GO:0072683"	"T cell extravasation"	-3.171984935776023	3.131297796597623	0.0033277491798648926	0.9720235727410995	0.93410284	6935
"GO:0097529"	"myeloid leukocyte migration"	-4.714442690992226	4.067033639842262	0.028719066146940506	0.9687157709972086	0.92951021	6935
"GO:0006936"	"muscle contraction"	-6.518557371497695	4.679173423631723	0.11758129147287409	0.9130587076555768	0.67183352	null
"GO:0003300"	"cardiac muscle hypertrophy"	-3.0574958938319194	2.886490725172482	0.001892780413695342	0.9308511593624632	0.75763827	6936
"GO:0006939"	"smooth muscle contraction"	-6.94692155651658	3.887898488096872	0.01901149013703878	0.9219045796758629	0.87177604	6936
"GO:0014821"	"phasic smooth muscle contraction"	-5.55129368009492	3.473632926873841	0.007322525007468976	0.925863096167628	0.82064724	6936
"GO:0043500"	"muscle adaptation"	-4.049148541111453	2.9845273133437926	0.002372744237714317	0.8752383557873921	0.76748189	6936
"GO:0086002"	"cardiac muscle cell action potential involved in contraction"	-4.772113295386326	3.735918116531297	0.013397144072488617	0.7840823418120365	0.85229637	6936
"GO:0086012"	"membrane depolarization during cardiac muscle cell action potential"	-3.5850266520291822	2.8808135922807914	0.0018681668842584712	0.866651885048326	0.89348333	6936
"GO:0006950"	"response to stress"	-35.83863199776503	6.428160883324095	6.596819705552286	0.8912602139881995	0.6276778	null
"GO:0006952"	"defense response"	-11.2518119729938	5.6598135537959715	1.1245700077941203	0.8983187726187167	0.54266122	null
"GO:0006954"	"inflammatory response"	-17.92445303860747	4.819649206293057	0.16248621457750065	0.9099761187716597	0.37277575	null
"GO:0006972"	"hyperosmotic response"	-3.7931741239681505	3.8440420420410164	0.017185166252822986	0.9099919774521744	0.58372355	null
"GO:0006979"	"response to oxidative stress"	-15.647817481888637	5.493504057283511	0.7667902052527142	0.9013766510823682	0.44970026	null
"GO:0006984"	"ER-nucleus signaling pathway"	-4.7121982700697735	3.922465945298413	0.020586756020998492	0.8027723974086732	0.35224405	null
"GO:0006991"	"response to sterol depletion"	-3.1112590393171073	3.862131379313037	0.01791618807709804	0.9237240239637916	0.32084801	null
"GO:0007031"	"peroxisome organization"	-4.185086818724926	4.790271086188157	0.15185809256665997	0.993143702295498	0.01326505	null
"GO:0007154"	"cell communication"	-41.283996656365204	6.574350790896292	9.236864411598072	0.9922277677853034	0.02087127	null
"GO:0007159"	"leukocyte cell-cell adhesion"	-5.123205023799299	3.6567687792660166	0.011164696952564461	0.9948617601301931	0.01077094	null
"GO:0007166"	"cell surface receptor signaling pathway"	-20.500312917381596	5.8500516596084555	1.7427092633657988	0.7342808654746878	0.61586777	null
"GO:0007186"	"G protein-coupled receptor signaling pathway"	-23.749579997691107	5.774433748393295	1.464221945905271	0.7379760855135605	0.60127973	null
"GO:0007187"	"G protein-coupled receptor signaling pathway, coupled to cyclic nucleotide second messenger"	-37.32330639037513	4.273232834043045	0.046172519870625386	0.7891622234617965	0.27238744	null
"GO:0007188"	"adenylate cyclase-modulating G protein-coupled receptor signaling pathway"	-28.1438755557577	5.149249912590282	0.34707291723636735	0.7591941811620354	0.62380413	null
"GO:0007193"	"adenylate cyclase-inhibiting G protein-coupled receptor signaling pathway"	-18.342944147142894	4.458063445325183	0.07066790436619891	0.7821290354560859	0.64435596	null
"GO:0007189"	"adenylate cyclase-activating G protein-coupled receptor signaling pathway"	-14.168770306132936	4.974050902792877	0.23185698594237647	0.7644360902004974	0.84729698	7193
"GO:0071880"	"adenylate cyclase-activating adrenergic receptor signaling pathway"	-12.0301183562535	4.282712723035266	0.04719151998931182	0.7874838110732418	0.75685513	7193
"GO:0007198"	"adenylate cyclase-inhibiting serotonin receptor signaling pathway"	-7.465973893943865	3.4367985102318035	0.006726877595096709	0.8098107157238654	0.66941273	null
"GO:0007200"	"phospholipase C-activating G protein-coupled receptor signaling pathway"	-14.478861916295964	4.558828524817011	0.08912312873796441	0.7802650183619537	0.65614098	null
"GO:0007204"	"positive regulation of cytosolic calcium ion concentration"	-25.657577319177793	4.557483140603017	0.08884745720827146	0.8396077696025191	0.52588194	null
"GO:0007215"	"glutamate receptor signaling pathway"	-3.9355420107730814	4.421899935843169	0.06502156071338082	0.782951357818133	0.59298536	null
"GO:0007218"	"neuropeptide signaling pathway"	-3.826813731587726	4.794808595205845	0.15345304927416917	0.7723127103639473	0.68550221	null
"GO:0007229"	"integrin-mediated signaling pathway"	-3.0291883891274822	4.541629159983864	0.08566246649914042	0.7791228669381991	0.60542225	null
"GO:0007263"	"nitric oxide mediated signal transduction"	-3.175223537524454	3.180125875164054	0.003724027003798508	0.8192481203606953	0.51407548	null
"GO:0007267"	"cell-cell signaling"	-30.688246138944244	5.406652571520464	0.6278049885815375	0.8245039360085381	0.52901498	null
"GO:0007268"	"chemical synaptic transmission"	-29.97881070093006	5.28154694070609	0.47067221665655623	0.8199795164586012	0.51105621	null
"GO:0001963"	"synaptic transmission, dopaminergic"	-6.4179366370882915	3.934649922900711	0.021172558021596007	0.8533807637526694	0.77191517	7268
"GO:0007197"	"adenylate cyclase-inhibiting G protein-coupled acetylcholine receptor signaling pathway"	-8.79317412396815	3.746478509930031	0.01372696536694268	0.7399336395749565	0.98054837	7268
"GO:0007213"	"G protein-coupled acetylcholine receptor signaling pathway"	-5.168770306132936	3.7965743332104296	0.01540560807453725	0.7394634374802819	0.98706564	7268
"GO:0007214"	"gamma-aminobutyric acid signaling pathway"	-3.7931741239681505	4.090610707828406	0.030321406913280776	0.8506450716357821	0.74872564	7268
"GO:0007271"	"synaptic transmission, cholinergic"	-12.0301183562535	4.152624639447619	0.03497582532979299	0.8488583090422996	0.80101052	7268
"GO:0007274"	"neuromuscular synaptic transmission"	-3.7931741239681505	3.894260664446988	0.019292084372619103	0.8541886805980985	0.7667544	7268
"GO:0060079"	"excitatory postsynaptic potential"	-12.193820026016112	4.602439832843189	0.09853780374756739	0.6802679841317084	0.86856662	7268
"GO:0095500"	"acetylcholine receptor signaling pathway"	-8.3767507096021	3.88280904139244	0.018789968372106947	0.7400272701649458	0.75758627	7268
"GO:0098916"	"anterograde trans-synaptic signaling"	-29.97881070093006	5.28154694070609	0.47067221665655623	0.8199908387739993	0.99321708	7268
"GO:0099536"	"synaptic signaling"	-28.207608310501747	5.3044258958093975	0.4961324515060551	0.8198255663117373	0.94494787	7268
"GO:0099537"	"trans-synaptic signaling"	-28.47755576649368	5.286281279455001	0.47583121242652426	0.8198991244071363	0.9862598	7268
"GO:0007422"	"peripheral nervous system development"	-5.617982957425132	3.943593432768369	0.02161314019851599	0.9167574327228446	0.52899284	null
"GO:0007565"	"female pregnancy"	-6.515700160653214	3.6909930320998696	0.012080320247616044	0.9303279874593686	0.47502453	null
"GO:0042713"	"sperm ejaculation"	-3.171984935776023	1.7160033436347992	0.00012552900012803957	0.9342675283601416	0.78735205	7565
"GO:0007584"	"response to nutrient"	-23.75448733218585	4.507734468072263	0.07923095125728616	0.8779432712237843	0.50820138	null
"GO:0009267"	"cellular response to starvation"	-3.5575202309355514	5.042481004718527	0.2714256958650895	0.8933173395126083	0.91037892	7584
"GO:0031669"	"cellular response to nutrient levels"	-7.437707135543525	5.113354986024232	0.319540223208284	0.9000290997240407	0.82339174	7584
"GO:0042594"	"response to starvation"	-6.391473966422806	5.107647436650064	0.3153682299687344	0.9013158578903896	0.92225219	7584
"GO:0007585"	"respiratory gaseous exchange by respiratory system"	-3.694648630553376	3.369957607346053	0.00576694994705876	0.9381237624916036	0.45037997	null
"GO:0007586"	"digestion"	-4.128427064454121	4.092615390941555	0.03046170403107094	0.932132742820569	0.50992576	null
"GO:0007598"	"blood coagulation, extrinsic pathway"	-3.555955204081924	0.3010299956639812	2.461352943687051E-06	0.8139698530121634	0.53154006	null
"GO:0007610"	"behavior"	-36.906578314837766	4.6345377245814365	0.1060966186376303	0.926814593819241	0.56603716	null
"GO:0007611"	"learning or memory"	-19.42829116819131	4.084325995016827	0.02988574744224817	0.90936438190166	0.60876794	null
"GO:0002209"	"behavioral defense response"	-4.2839966563652006	3.1261314072619846	0.0032883675327659	0.8673077874275255	0.74208485	7611
"GO:0007612"	"learning"	-10.39469495385889	3.7014816356209272	0.012375682600858489	0.9135829267762787	0.9269792	7611
"GO:0007613"	"memory"	-11.823908740944319	3.830396176483469	0.016653514016986583	0.9121736580911607	0.94334523	7611
"GO:0007616"	"long-term memory"	-3.7351821769904636	3.1795517911651876	0.0037191042979111337	0.9188560552028093	0.8661295	7611
"GO:0007617"	"mating behavior"	-4.995678626217358	3.6960941599952233	0.012223078718349894	0.9186429219528485	0.79897832	7611
"GO:0007626"	"locomotory behavior"	-12.747146969020108	4.047780924741197	0.027473621557434862	0.9204775160314274	0.83864019	7611
"GO:0007631"	"feeding behavior"	-11.136082623042139	3.947531745695593	0.021810048434010958	0.9215045919166622	0.82693926	7611
"GO:0007632"	"visual behavior"	-7.675717544702307	3.340047317661393	0.00538297888784358	0.8558261461683927	0.76246559	7611
"GO:0008306"	"associative learning"	-9.939302159646388	3.468495024507069	0.007236377654439928	0.9159016820620071	0.89879522	7611
"GO:0008344"	"adult locomotory behavior"	-3.844663962534938	3.6923180442592787	0.01211724054177135	0.9234074022509438	0.83509227	7611
"GO:0008542"	"visual learning"	-8.37571790416433	3.2038484637462346	0.003933242004011907	0.849053342845043	0.91436264	7611
"GO:0019098"	"reproductive behavior"	-6.403402904373539	3.7810369386211318	0.014864110426926098	0.9185028355155619	0.80821067	7611
"GO:0030534"	"adult behavior"	-10.119186407719209	3.9639294220265584	0.022649369787808238	0.9213384064063377	0.8288308	7611
"GO:0035095"	"behavioral response to nicotine"	-4.844663962534939	2.515873843711679	0.0008048624125856654	0.8509095292191501	0.73580314	7611
"GO:0035176"	"social behavior"	-5.484126156288321	3.2229764498933915	0.004110459415957375	0.9282082760869448	0.75117582	7611
"GO:0035640"	"exploration behavior"	-3.175223537524454	3.0806264869218056	0.002961007591255522	0.9293934236718612	0.73788831	7611
"GO:0042711"	"maternal behavior"	-3.500312917381596	2.505149978319906	0.0007851715890361692	0.9291526499516295	0.8488254	7611
"GO:0042755"	"eating behavior"	-9.294992040666664	3.285557309007774	0.004747949828372321	0.9276746384936579	0.7571691	7611
"GO:0048149"	"behavioral response to ethanol"	-5.619788758288394	2.798650645445269	0.0015457296486354678	0.831435934799706	0.71289728	7611
"GO:0060746"	"parental behavior"	-3.500312917381596	2.5563025007672873	0.0008836257067836512	0.9287566211497591	0.85368211	7611
"GO:0007623"	"circadian rhythm"	-13.059483515067432	4.511495663673566	0.07992013008151853	0.9970178869937714	-0	null
"GO:0001542"	"ovulation from ovarian follicle"	-3.171984935776023	2.439332693830263	0.0006744107065702519	0.9229810424993047	0.79677948	7623
"GO:0042698"	"ovulation cycle"	-4.995678626217358	3.5503506723016156	0.00873780295008903	0.9895051323699682	0.79672871	7623
"GO:0044849"	"estrous cycle"	-4.119186407719209	2.5943925503754266	0.0009648503539253239	0.9902285190184834	0.70275184	7623
"GO:0008150"	"biological_process"	-13.595166283380062	7.608826117220222	100	1	-0	null
"GO:0008152"	"metabolic process"	-32.69250396208679	7.372900851027942	58.08643542977757	1	-0	null
"GO:0008202"	"steroid metabolic process"	-29.764471553092452	5.230425928708833	0.41840538689736173	0.9628434013359152	-0	null
"GO:0008206"	"bile acid metabolic process"	-4.128427064454121	3.6587743208443566	0.01121638536438189	0.9247550047561162	0.603658	null
"GO:0008211"	"glucocorticoid metabolic process"	-6.2564902352715706	3.7120601424610746	0.012680890365875686	0.9656854157109013	0.36656416	null
"GO:0008219"	"cell death"	-3.109578981199086	5.231841537884141	0.41977143778110804	0.9943244466128048	0.01458018	null
"GO:0008283"	"cell population proliferation"	-4.06198090252379	4.601059963546283	0.09822521192371914	0.994950225039052	0.01277142	null
"GO:0008284"	"positive regulation of cell population proliferation"	-25.667561540084396	4.967150002647506	0.22820187682100118	0.7582962453473817	0.57182424	null
"GO:0001936"	"regulation of endothelial cell proliferation"	-10.943095148663527	4.100405011565889	0.031013047090456835	0.8489144296427095	0.77608914	8284
"GO:0001937"	"negative regulation of endothelial cell proliferation"	-4.519993057042849	3.593728998707911	0.0096558875980843	0.8277370850016609	0.91196205	8284
"GO:0001938"	"positive regulation of endothelial cell proliferation"	-6.370590400897281	3.932169245920792	0.021051951727355345	0.789522773205869	0.89636671	8284
"GO:0008285"	"negative regulation of cell population proliferation"	-11.063989204284791	4.705906455700312	0.12504657495107693	0.8017130171047677	0.86084593	8284
"GO:0030888"	"regulation of B cell proliferation"	-5.188424994129407	3.9392695863387313	0.021399002492415217	0.7600203837832608	0.89839487	8284
"GO:0030889"	"negative regulation of B cell proliferation"	-3.3010299956639813	3.4063698354692673	0.006271527300514605	0.7487782218840875	0.83515952	8284
"GO:0032944"	"regulation of mononuclear cell proliferation"	-6.567030709125595	4.43448906315119	0.06693403195062565	0.8401820561168043	0.99580733	8284
"GO:0032945"	"negative regulation of mononuclear cell proliferation"	-3.438898616350944	4.089551882886454	0.030247566324970165	0.8149129566543906	0.917994	8284
"GO:0032946"	"positive regulation of mononuclear cell proliferation"	-5.096910013008056	4.225283430094444	0.041345806748055075	0.7799054537660838	0.99527928	8284
"GO:0042102"	"positive regulation of T cell proliferation"	-3.2932822176632413	4.080482179068043	0.029622382677273656	0.6987237703125685	0.97834718	8284
"GO:0048145"	"regulation of fibroblast proliferation"	-5.667561540084395	3.5286596452349897	0.008311988890831169	0.8613137495990862	0.71006713	8284
"GO:0048660"	"regulation of smooth muscle cell proliferation"	-10.23582386760967	3.659250468772661	0.011228692129100324	0.8589473233924738	0.72413889	8284
"GO:0050670"	"regulation of lymphocyte proliferation"	-6.105683937315561	4.432151213896942	0.06657467442084734	0.7445884673728382	0.9660363	8284
"GO:0050671"	"positive regulation of lymphocyte proliferation"	-5.1444808443322	4.22318432089504	0.041146437159616425	0.7016902938098931	0.96679515	8284
"GO:0050678"	"regulation of epithelial cell proliferation"	-10.675717544702307	4.386641626135628	0.059951173649385486	0.8441066294102441	0.81397497	8284
"GO:0050679"	"positive regulation of epithelial cell proliferation"	-7.3788237182249645	4.207849711130526	0.039718852452277936	0.7817027002134974	0.93213394	8284
"GO:0050680"	"negative regulation of epithelial cell proliferation"	-3.489454989793388	3.8578750255235623	0.017741432018096262	0.8219493498723786	0.88719202	8284
"GO:0050871"	"positive regulation of B cell activation"	-3.348721986001856	4.010511962737214	0.025214099555130147	0.7238439960096035	0.93570307	8284
"GO:0070663"	"regulation of leukocyte proliferation"	-8.1331221856625	4.444466388020193	0.06848960701103586	0.8427893586330965	0.82208197	8284
"GO:0070664"	"negative regulation of leukocyte proliferation"	-3.75448733218585	4.093736784562339	0.03054046732526892	0.8149369389760767	0.91855201	8284
"GO:0070665"	"positive regulation of leukocyte proliferation"	-7.078313524516398	4.238773501720696	0.04265032380820921	0.7797107049790211	0.79395307	8284
"GO:0008291"	"acetylcholine metabolic process"	-3.171984935776023	3.847634344318255	0.017327924723556837	0.9903847491424385	0.0322118	null
"GO:0009056"	"catabolic process"	-14.298432014944073	6.565667808795279	9.05402280817628	0.9823270915575888	0.10558269	null
"GO:0009058"	"biosynthetic process"	-16.029188389127484	7.06378821024573	28.507692540195496	0.9788817781115503	0.20885996	null
"GO:0009063"	"amino acid catabolic process"	-7.425968732272281	5.66589698238364	1.1404334275161834	0.961839265171793	0.54278291	null
"GO:0009069"	"serine family amino acid metabolic process"	-5.197226274708024	5.435272465699856	0.6705709959781001	0.9346631503069784	0.57799416	null
"GO:0009112"	"nucleobase metabolic process"	-7.304518323509803	5.385488301050675	0.5979438546687262	0.9386077549817121	0.69087025	null
"GO:0009128"	"purine nucleoside monophosphate catabolic process"	-3.1112590393171073	3.3113299523037933	0.005038389475727392	0.9414263608003921	0.47986217	null
"GO:0009162"	"deoxyribonucleoside monophosphate metabolic process"	-3.7471469690201067	4.67625452172978	0.11679365853089424	0.9363603079565396	0.57635031	null
"GO:0009170"	"purine deoxyribonucleoside monophosphate metabolic process"	-3.555955204081924	2.738780558484369	0.0013463600601968167	0.9528803120790968	0.31729823	null
"GO:0009187"	"cyclic nucleotide metabolic process"	-3.774690718274137	4.815438273573759	0.160918332752372	0.9344899658639608	0.59572953	null
"GO:0009262"	"deoxyribonucleotide metabolic process"	-3.2958494831602008	5.067862804697876	0.2877616953523405	0.926800491372466	0.63441646	null
"GO:0009263"	"deoxyribonucleotide biosynthetic process"	-3.7471469690201067	4.8936119795139845	0.19265501760827283	0.9266214185587449	0.60719652	null
"GO:0009268"	"response to pH"	-3.3767507096020997	3.720820581770344	0.012939332424962827	0.9165744952075026	0.57346921	null
"GO:0009308"	"amine metabolic process"	-5.987162775294828	5.439788858197747	0.6775809291617207	0.9869428962937068	0.05001938	null
"GO:0009409"	"response to cold"	-7.200659450546419	4.38751440114948	0.06007177994362616	0.9024298627961963	0.63369633	null
"GO:0009408"	"response to heat"	-4.447331783887806	5.132054664397105	0.3335994712226244	0.890359473574178	0.8403733	9409
"GO:0034605"	"cellular response to heat"	-3.3260580013659125	4.7774558227219925	0.1474424253856854	0.8881784044636513	0.90210951	9409
"GO:0009410"	"response to xenobiotic stimulus"	-63.52287874528034	4.82675488069819	0.16516662793317585	0.8768633160118735	0.54179378	null
"GO:0009605"	"response to external stimulus"	-38.411168274405796	5.806780784629541	1.5774441813148754	0.9043829722081004	0.40423315	null
"GO:0009607"	"response to biotic stimulus"	-13.069050968832476	5.596143873584628	0.9712178739906423	0.9081217266993497	0.37903385	null
"GO:0009611"	"response to wounding"	-9.910094888560602	4.806064599188238	0.15748228404298487	0.9122459050676399	0.3944165	null
"GO:0009612"	"response to mechanical stimulus"	-15.168130225719498	4.2433357485598755	0.04310075139690395	0.904502682416045	0.61962407	null
"GO:0009628"	"response to abiotic stimulus"	-41.450996737974215	5.578317093840565	0.9321586641272724	0.9084243590208266	0.3770446	null
"GO:0009712"	"catechol-containing compound metabolic process"	-16.946921556516582	4.465427468452574	0.07187642866154925	0.9653640279836182	0.035816	null
"GO:0006584"	"catecholamine metabolic process"	-16.946921556516582	4.086644520610805	0.030045735383587825	0.9644393242119751	0.82988619	9712
"GO:0009713"	"catechol-containing compound biosynthetic process"	-6.826813731587726	4.044735697450507	0.02728163602782727	0.9608922495622599	0.88653696	9712
"GO:0019336"	"phenol-containing compound catabolic process"	-5.423658649794207	4.2422680448276875	0.0429949132203254	0.9557605602756265	0.84972624	9712
"GO:0019614"	"catechol-containing compound catabolic process"	-6.4179366370882915	3.9967742708613048	0.02442892796609398	0.9560647419298645	0.88057652	9712
"GO:0042415"	"norepinephrine metabolic process"	-3.2932822176632413	3.5891673905460477	0.009554972127393131	0.9661265375272399	0.89914588	9712
"GO:0042416"	"dopamine biosynthetic process"	-3.2932822176632413	3.246252312299322	0.004336903886776583	0.9627590449638468	0.8965477	9712
"GO:0042417"	"dopamine metabolic process"	-14.563837352959244	3.7964355588101744	0.015400685368649875	0.9651434593682888	0.85652145	9712
"GO:0042420"	"dopamine catabolic process"	-4.027797161620936	3.4683473304121573	0.007233916301496242	0.9569666686259711	0.88548236	9712
"GO:0042423"	"catecholamine biosynthetic process"	-6.826813731587726	3.781324455666988	0.014873955838700848	0.960014158824262	0.9217653	9712
"GO:0042424"	"catecholamine catabolic process"	-6.4179366370882915	3.6225248624035684	0.010317991539936117	0.956129942800786	0.90299267	9712
"GO:0046189"	"phenol-containing compound biosynthetic process"	-6.075204004202088	4.458365857761262	0.07071713142507265	0.9595558362255017	0.87890252	9712
"GO:0009719"	"response to endogenous stimulus"	-57.30189945437661	5.524614188342792	0.8237336056049143	0.9093237353425706	0.37117626	null
"GO:0009725"	"response to hormone"	-46.30102999566398	5.403883727818924	0.6238151354598208	0.8510521457421775	0.61538007	null
"GO:0009755"	"hormone-mediated signaling pathway"	-6.474955192963154	5.13002160770718	0.3320414348092705	0.7091581398700617	0.88264491	9725
"GO:0032870"	"cellular response to hormone stimulus"	-24.647817481888637	5.304944834393971	0.4967256375654837	0.8393875621795641	0.91688797	9725
"GO:0070848"	"response to growth factor"	-13.801342913045577	4.9209108146244525	0.20515376785631567	0.8965285724235278	0.84492216	9725
"GO:0071363"	"cellular response to growth factor stimulus"	-12.254925208417943	4.917090447138433	0.2033569802074241	0.8958324634887299	0.84426294	9725
"GO:0071495"	"cellular response to endogenous stimulus"	-39.61439372640169	5.451290473578162	0.6957654047096807	0.8869521318254059	0.94764641	9725
"GO:0009820"	"alkaloid metabolic process"	-4.027797161620936	3.8721562727482928	0.01833461807752484	0.99034592340875	0.03234099	null
"GO:0009894"	"regulation of catabolic process"	-5.376750709602099	5.522579847844276	0.8198840496009876	0.8251963343227564	0.31710889	null
"GO:0009895"	"negative regulation of catabolic process"	-4.068033885271827	4.765206452090041	0.14334181138150276	0.8065640473891914	0.60295834	null
"GO:0010506"	"regulation of autophagy"	-3.669586226650809	4.910747099756023	0.20040827938088707	0.8337528379976185	0.74675225	9895
"GO:0031329"	"regulation of cellular catabolic process"	-3.3757179041643317	4.961459063508849	0.22523102381797094	0.8323924782093723	0.77416883	9895
"GO:0009987"	"cellular process"	-24.084072788302883	7.481258236372406	74.54733381080298	1	-0	null
"GO:0010038"	"response to metal ion"	-23.723538195826755	5.011895936734436	0.25296801014038034	0.8731761542816044	0.56340637	null
"GO:0010042"	"response to manganese ion"	-3.5850266520291822	2.787460474518415	0.001506348001536475	0.903116509759766	0.66197993	null
"GO:0010469"	"regulation of signaling receptor activity"	-9.137272471682026	4.335176972770027	0.05325137093666934	0.7778446349679928	0.67350407	null
"GO:0010499"	"proteasomal ubiquitin-independent protein catabolic process"	-3.6716203965612624	3.727703883685354	0.013146086072232539	0.9751963090379222	0.34917572	null
"GO:0010522"	"regulation of calcium ion transport into cytosol"	-4.391473966422806	2.60959440922522	0.0009993092951369425	0.8067906803985926	0.56595005	null
"GO:0010543"	"regulation of platelet activation"	-7.464705879957229	3.5757649805367193	0.009264532480038059	0.7992655707288681	0.6353163	null
"GO:0010613"	"positive regulation of cardiac muscle hypertrophy"	-5.025949097207123	2.816241299991783	0.0016097248251713309	0.749020610701348	0.60585534	null
"GO:0014733"	"regulation of skeletal muscle adaptation"	-3.1112590393171073	2.578639209968072	0.000930391412713705	0.7927688834717389	0.87873117	10613
"GO:0014742"	"positive regulation of muscle hypertrophy"	-5.025949097207123	2.850033257689769	0.001740176531186745	0.770680932297652	0.93218542	10613
"GO:0014744"	"positive regulation of muscle adaptation"	-3.171984935776023	2.380211241711606	0.0005882633535412051	0.7581689927063683	0.8612775	10613
"GO:0010628"	"positive regulation of gene expression"	-4.85078088734462	5.294221453198817	0.484610858376656	0.7471381064563873	0.66206635	null
"GO:0010646"	"regulation of cell communication"	-30.642065152999546	5.899918945937375	1.9547548194644382	0.8246924459419612	0.24696378	null
"GO:0010647"	"positive regulation of cell communication"	-32.55129368009492	5.4174351544632025	0.643587183656459	0.7318073284083183	0.56243851	null
"GO:0009966"	"regulation of signal transduction"	-17.739928612014925	5.841146025478373	1.7073371602120722	0.7587382869457996	0.88667309	10647
"GO:0009967"	"positive regulation of signal transduction"	-26.21896306137887	5.367374559874197	0.573517388055576	0.70677636868241	0.94159965	10647
"GO:0009968"	"negative regulation of signal transduction"	-9.406713932979542	5.411111047994698	0.6342832695293219	0.740380559693821	0.82554566	10647
"GO:0010648"	"negative regulation of cell communication"	-14.821023052706831	5.421641761483437	0.6498513268981425	0.7688400638756847	0.79808507	10647
"GO:0023057"	"negative regulation of signaling"	-14.744727494896694	5.422364920152503	0.6509343221933648	0.7748428070192626	0.79751295	10647
"GO:0031349"	"positive regulation of defense response"	-4.5951662833800615	4.664030524947218	0.11355205670405838	0.7494913161171373	0.85680625	10647
"GO:0032102"	"negative regulation of response to external stimulus"	-12.281498311132726	4.660030223038667	0.11251090440887877	0.7817124228265628	0.85305369	10647
"GO:0032103"	"positive regulation of response to external stimulus"	-13.935542010773082	4.755165691252543	0.1400657506134553	0.7476338420283622	0.78272834	10647
"GO:0043408"	"regulation of MAPK cascade"	-22.6458915608526	5.083459618247788	0.2982839791866026	0.7854946587913825	0.8114668	10647
"GO:0043410"	"positive regulation of MAPK cascade"	-22.575118363368933	4.796851749049887	0.15417668703961315	0.7298835015592129	0.85775878	10647
"GO:0050727"	"regulation of inflammatory response"	-9.57186520597121	4.480438147177817	0.07440423813471585	0.8136128205617128	0.82744285	10647
"GO:0050728"	"negative regulation of inflammatory response"	-7.4179366370882915	4.2007137339640135	0.03907151662808824	0.7896841383171513	0.79047801	10647
"GO:0050729"	"positive regulation of inflammatory response"	-5.003926345514724	3.6980135039391815	0.012277228483111009	0.7769104746510758	0.85423086	10647
"GO:0051897"	"positive regulation of phosphatidylinositol 3-kinase/protein kinase B signal transduction"	-12.567030709125595	3.9812294874200007	0.023569915788747196	0.7595110463859215	0.74138464	10647
"GO:0070374"	"positive regulation of ERK1 and ERK2 cascade"	-12.61798295742513	4.3364797469579965	0.053411358878009005	0.7470750981637675	0.78794804	10647
"GO:0150077"	"regulation of neuroinflammatory response"	-4.653647025549361	3.7035492982382303	0.012434755071506978	0.8317982210715206	0.85487758	10647
"GO:1902531"	"regulation of intracellular signal transduction"	-22.337242168318426	5.597205780630544	0.9735955409342439	0.7680459793259051	0.7972863	10647
"GO:1902532"	"negative regulation of intracellular signal transduction"	-4.567030709125595	5.062634622793394	0.2843182625841223	0.753067817912552	0.91610997	10647
"GO:1902533"	"positive regulation of intracellular signal transduction"	-31.314258261397736	5.224481265303632	0.412717200244501	0.7123033850235853	0.73234176	10647
"GO:0010660"	"regulation of muscle cell apoptotic process"	-3.2189630613788682	3.358315640082196	0.005614346064550162	0.8671399789943477	0.69606477	null
"GO:0010700"	"negative regulation of norepinephrine secretion"	-6.87942606879415	1.3010299956639813	4.676570593005396E-05	0.8272494231820658	0.47724336	null
"GO:0010817"	"regulation of hormone levels"	-37.705533773838404	5.059059541001648	0.28198736134645064	0.8267307838210642	0.19592262	null
"GO:0010827"	"regulation of D-glucose transmembrane transport"	-3.430626090384954	3.6885977750811696	0.012013863718136494	0.8095600346098876	0.66657482	null
"GO:0010883"	"regulation of lipid storage"	-4.5638373529592435	3.95288926491093	0.02208079725781653	0.8138771635103816	0.69690197	null
"GO:0014061"	"regulation of norepinephrine secretion"	-7.370590400897281	2.278753600952829	0.0004651957063568525	0.8340474700650874	0.68662509	null
"GO:0014062"	"regulation of serotonin secretion"	-6.87942606879415	2.509202522331103	0.0007925556478672304	0.8286106234046887	0.5580968	null
"GO:0014063"	"negative regulation of serotonin secretion"	-3.171984935776023	2.4471580313422194	0.0006867174712886871	0.8042986090902827	0.61130075	null
"GO:0014070"	"response to organic cyclic compound"	-58.025949097207125	4.89256205278148	0.19218982190191597	0.875578077545435	0.54928328	null
"GO:0014075"	"response to amine"	-15.338187314462738	2.9380190974762104	0.002131531649232986	0.8926311513325783	0.48864008	null
"GO:0014805"	"smooth muscle adaptation"	-3.555955204081924	1.3617278360175928	5.414976476111512E-05	0.8954001249103484	0.33926185	null
"GO:0014823"	"response to activity"	-8.404503778174426	3.28668096935493	0.004760256593090756	0.93547909739576	0.2251388	null
"GO:0015670"	"carbon dioxide transport"	-3.555955204081924	3.3749315539781883	0.00583340647653831	0.9837289663093559	0.21539062	null
"GO:0015711"	"organic anion transport"	-14.014573525916997	5.735843121663261	1.3397267140135802	0.975217438228407	0.37525419	null
"GO:0015721"	"bile acid and bile salt transport"	-3.149966742310231	3.7729814503449637	0.014590900250176835	0.9734905377734345	0.68413531	null
"GO:0015844"	"monoamine transport"	-4.374687549038326	3.8949249773595436	0.01932162060794335	0.9813872106275909	0.23769756	null
"GO:0015849"	"organic acid transport"	-10.636388020107855	5.657785122793393	1.1193297873770105	0.9756455850804837	0.36626697	null
"GO:0015850"	"organic hydroxy compound transport"	-9.033389013318066	4.949960558155334	0.2193459289296152	0.978924296553286	0.30091563	null
"GO:0016042"	"lipid catabolic process"	-13.070581074285707	5.6798029723004975	1.1775407844952093	0.9461487886955757	0.62487897	null
"GO:0016137"	"glycoside metabolic process"	-4.995678626217358	4.5891226502058515	0.09556202803864973	0.9673643768535417	0.41918217	null
"GO:0009116"	"nucleoside metabolic process"	-4.806875401645539	5.280778627725314	0.46984027936159006	0.9271942248402438	0.86916628	16137
"GO:0009119"	"ribonucleoside metabolic process"	-5.127261172527331	5.088075815079899	0.3014714312486773	0.9295778069344546	0.91540172	16137
"GO:0009163"	"nucleoside biosynthetic process"	-4.7121982700697735	5.020593286421175	0.2580851629103057	0.9250682799334948	0.90283651	16137
"GO:0042278"	"purine nucleoside metabolic process"	-4.36251027048749	4.894974759888139	0.19326051043241985	0.9294488090719993	0.88034219	16137
"GO:0042455"	"ribonucleoside biosynthetic process"	-3.549750891680639	5.01966452676886	0.2575338198509198	0.9248156721285397	0.99724022	16137
"GO:1901658"	"glycosyl compound catabolic process"	-4.91721462968355	4.830145809002618	0.16646129958155523	0.9545987412690158	0.76548739	16137
"GO:1901659"	"glycosyl compound biosynthetic process"	-4.33913452199613	5.084343877152251	0.2988919333636933	0.9578782182825444	0.91469771	16137
"GO:0016202"	"regulation of striated muscle tissue development"	-5.026872146400302	3.569724949226159	0.009136542126966333	0.8511962320325562	0.55719482	null
"GO:0045844"	"positive regulation of striated muscle tissue development"	-4.36251027048749	3.482158695411276	0.007467744831146512	0.7501851103181278	0.98719451	16202
"GO:0048636"	"positive regulation of muscle organ development"	-4.36251027048749	3.4874212113594742	0.007558814890062933	0.7505085775050047	0.98347176	16202
"GO:0055024"	"regulation of cardiac muscle tissue development"	-5.0695604052333	2.2227164711475833	0.0004085845886520504	0.8730639150232201	0.8550608	16202
"GO:0055025"	"positive regulation of cardiac muscle tissue development"	-4.519993057042849	1.7993405494535817	0.00015260388250859714	0.792505175627282	0.81795281	16202
"GO:1901863"	"positive regulation of muscle tissue development"	-4.295849483160201	3.4823017672234426	0.007470206184090199	0.7963232862346465	0.98721181	16202
"GO:0016477"	"cell migration"	-12.58335949266172	5.292579456000397	0.48278207313949656	0.9867970631374137	0.01478176	null
"GO:0001667"	"ameboidal-type cell migration"	-3.9546770212133424	4.480466878908958	0.07440916084060323	0.9876812932303568	0.7565361	16477
"GO:0050900"	"leukocyte migration"	-10.108462542327436	4.323396497131876	0.05182624758227454	0.9686413764397781	0.73532215	16477
"GO:0016999"	"antibiotic metabolic process"	-10.39469495385889	4.860840897869223	0.1786523807116372	0.98845655324435	0.03857866	null
"GO:0017001"	"antibiotic catabolic process"	-3.130181792020672	4.355930187078868	0.05585794370403393	0.977022036061309	0.39482619	null
"GO:0018108"	"peptidyl-tyrosine phosphorylation"	-23.89279003035213	3.9444826721501687	0.02165744455150236	0.9672817895235953	0.44726651	null
"GO:0038083"	"peptidyl-tyrosine autophosphorylation"	-3.5850266520291822	3.04688519083771	0.0027394858263236873	0.9713771946104031	0.84060866	18108
"GO:0018193"	"peptidyl-amino acid modification"	-9.30189945437661	5.977677887673994	2.338036699855386	0.9766784277374566	0.6496435	null
"GO:0018212"	"peptidyl-tyrosine modification"	-23.89279003035213	4.14992695911359	0.03475922627074853	0.9835202096859372	0.05497365	null
"GO:0019064"	"fusion of virus membrane with host plasma membrane"	-3.7399286120149253	2.9079485216122722	0.001988773178499137	0.9939279598288631	0.21189648	null
"GO:0019216"	"regulation of lipid metabolic process"	-22.333482019445118	4.630366845751405	0.10508254122483125	0.8478746924411483	0.26223565	null
"GO:0019221"	"cytokine-mediated signaling pathway"	-14.512861624522813	4.96721557632752	0.22823633576221283	0.7252999568123257	0.55803424	null
"GO:0007167"	"enzyme-linked receptor protein signaling pathway"	-14.041914151478915	5.316071039749486	0.5096157429315727	0.7505728525534414	0.70044358	19221
"GO:0007168"	"receptor guanylyl cyclase signaling pathway"	-3.500312917381596	4.147181472192797	0.03454016585876038	0.7897254707050618	0.77291916	19221
"GO:0007169"	"cell surface receptor protein tyrosine kinase signaling pathway"	-13.527243550682787	5.168016959978657	0.36239976201670654	0.754910908481881	0.73015715	19221
"GO:0033209"	"tumor necrosis factor-mediated signaling pathway"	-3.26440110030182	4.119816545937216	0.03243078638602058	0.756737061660257	0.96945299	19221
"GO:0033210"	"leptin-mediated signaling pathway"	-3.1112590393171073	3.012415374762433	0.002530270826110288	0.7735960188426976	0.70793894	19221
"GO:0034097"	"response to cytokine"	-10.603800652904264	5.073168262265102	0.29129865953241874	0.8674330135895215	0.97649614	19221
"GO:0034612"	"response to tumor necrosis factor"	-4.995678626217358	4.30306639792351	0.04945596469750391	0.8821312416558391	0.85021241	19221
"GO:0038127"	"ERBB signaling pathway"	-4.102922996790579	4.099542528695332	0.030951513266864662	0.7908077882046851	0.76673042	19221
"GO:0044320"	"cellular response to leptin stimulus"	-3.2932822176632413	3.04493154614916	0.0027271790616052523	0.8824724933890518	0.9569997	19221
"GO:0048010"	"vascular endothelial growth factor receptor signaling pathway"	-4.041436116778033	3.844228581301628	0.017192550311654047	0.7979099240307893	0.73518114	19221
"GO:0048013"	"ephrin receptor signaling pathway"	-5.705533773838407	4.279758172802473	0.0468715441066325	0.7854809904255794	0.79067984	19221
"GO:0070670"	"response to interleukin-4"	-3.0604807473813813	3.0433622780211294	0.002717333649830504	0.9001714348863022	0.70157056	19221
"GO:0071345"	"cellular response to cytokine stimulus"	-7.361510743045363	5.039711479325997	0.2697002874515649	0.8681471743625198	0.99036406	19221
"GO:0071356"	"cellular response to tumor necrosis factor"	-4.52432881167557	4.281374302355047	0.04704630016563428	0.8821698549072935	0.85848589	19221
"GO:0019222"	"regulation of metabolic process"	-12.643974142806877	6.806314448734751	15.757534779778567	0.7953276581669814	0.4574772	null
"GO:0019233"	"sensory perception of pain"	-8.692503962086787	3.619823500457278	0.010253996363400252	0.9254307513484812	0.4693317	null
"GO:0019369"	"arachidonate metabolic process"	-8.504455662453552	4.277861238225117	0.04666725181230648	0.930149496067094	0.546046	null
"GO:0006691"	"leukotriene metabolic process"	-3.835647144215563	3.771440486639912	0.014539211838359408	0.9504531947548585	0.84822666	19369
"GO:0006692"	"prostanoid metabolic process"	-4.128427064454121	4.018783688874697	0.025698986085036495	0.9339983021111881	0.87854424	19369
"GO:0006693"	"prostaglandin metabolic process"	-4.128427064454121	4.017325554561722	0.02561283873200745	0.9340135544518129	0.87835917	19369
"GO:0019373"	"epoxygenase P450 pathway"	-9.330683119433887	3.5090680450171616	0.007945247302221799	0.9379248572295392	0.81827018	19369
"GO:0042448"	"progesterone metabolic process"	-4.586700235918748	3.6426623314420357	0.010807800775729839	0.7983930446314795	0.80427678	19369
"GO:0042759"	"long-chain fatty acid biosynthetic process"	-5.777283528852417	4.134017645675983	0.03350885897535551	0.9309409777436785	0.79232883	19369
"GO:0046456"	"icosanoid biosynthetic process"	-5.6252516539898965	4.015946243657567	0.02553161408486578	0.9438802984939357	0.87818418	19369
"GO:0019395"	"fatty acid oxidation"	-11.139661993429007	5.228721084278399	0.4167661258368661	0.9211821414539954	0.69355977	null
"GO:0006633"	"fatty acid biosynthetic process"	-7.042392712939905	5.530095916325892	0.8341968169685278	0.911552905337178	0.77201109	19395
"GO:0006635"	"fatty acid beta-oxidation"	-8.148130399270233	5.212576430258595	0.40155742599782385	0.9109581889744194	0.98268415	19395
"GO:0034440"	"lipid oxidation"	-11.619788758288394	5.251645519453799	0.4393564231540259	0.9506307011408156	0.91488824	19395
"GO:0019538"	"protein metabolic process"	-3.4672456210075024	6.885479051662408	18.90831760569825	0.9732796418749696	0.17576241	null
"GO:0019695"	"choline metabolic process"	-3.7399286120149253	4.024977972095625	0.026068189026589552	0.9889707273915254	0.03317003	null
"GO:0001692"	"histamine metabolic process"	-3.555955204081924	3.2076343673889616	0.0039677009452235255	0.9839010756910888	0.85488421	19695
"GO:0019722"	"calcium-mediated signaling"	-12.97061622231479	4.791922117501735	0.1524365105084264	0.7747407371476271	0.64151521	null
"GO:0000165"	"MAPK cascade"	-12.55284196865778	4.759176625403369	0.14136534496772205	0.7758667935291017	0.73619769	19722
"GO:0019748"	"secondary metabolic process"	-7.304518323509803	5.412868609276585	0.6368553833554749	0.9870224632860567	0.04968112	null
"GO:0019933"	"cAMP-mediated signaling"	-14.585026652029182	3.9228810912082936	0.020606446844547988	0.8011818962053047	0.27337294	null
"GO:0019934"	"cGMP-mediated signaling"	-7.406713932979542	3.9460590603851236	0.021736207845700344	0.8005589313431274	0.64381017	null
"GO:0022407"	"regulation of cell-cell adhesion"	-9.275724130399212	4.600046720062274	0.09799630609995623	0.8471297783945969	0.17605926	null
"GO:0001952"	"regulation of cell-matrix adhesion"	-3.0096611452123985	3.8943714538562375	0.019297007078506477	0.8617698250246786	0.81426471	22407
"GO:0022408"	"negative regulation of cell-cell adhesion"	-3.1630432629404495	4.301225384221708	0.04924674969729051	0.8173286255391267	0.93363492	22407
"GO:0022409"	"positive regulation of cell-cell adhesion"	-6.333482019445119	4.383617914519015	0.05953520500190238	0.7835103926515106	0.94573697	22407
"GO:0033628"	"regulation of cell adhesion mediated by integrin"	-5.782516055786093	3.6952189189051508	0.012198465188913023	0.865400681233283	0.79083539	22407
"GO:0034114"	"regulation of heterotypic cell-cell adhesion"	-3.555955204081924	2.9894498176666917	0.0023998191200948742	0.8759573353839469	0.71763335	22407
"GO:0045785"	"positive regulation of cell adhesion"	-8.494850021680094	4.56748513419138	0.09091745503391227	0.7787750981828736	0.90486228	22407
"GO:0050870"	"positive regulation of T cell activation"	-4.860120913598763	4.292344693840592	0.04824990175509725	0.7053576889812229	0.97407053	22407
"GO:1903037"	"regulation of leukocyte cell-cell adhesion"	-7.273272790973428	4.47745408625333	0.07389473807537263	0.8488485362100683	0.89159424	22407
"GO:1903039"	"positive regulation of leukocyte cell-cell adhesion"	-7.298432014944073	4.30713219065578	0.049921160403860756	0.785514787625709	0.93449222	22407
"GO:1904994"	"regulation of leukocyte adhesion to vascular endothelial cell"	-4.2839966563652006	2.9745116927373285	0.0023185944729532016	0.8759608029129144	0.71622939	22407
"GO:0022414"	"reproductive process"	-7.772113295386326	5.62658773183261	1.0417430198861073	1	-0	null
"GO:0022600"	"digestive system process"	-9.939302159646388	3.9660947794461707	0.022762592023217842	0.9209418119747043	0.59761724	null
"GO:0030299"	"intestinal cholesterol absorption"	-3.500312917381596	3.4095950193968156	0.006318293006444659	0.9260248909833808	0.96562761	22600
"GO:0050892"	"intestinal absorption"	-4.772113295386326	3.564192460626198	0.00902085853861304	0.9247428976898275	0.91451338	22600
"GO:0098856"	"intestinal lipid absorption"	-4.338187314462739	3.4316853446860116	0.006648114300898724	0.9258269269566828	0.89901249	22600
"GO:0022900"	"electron transport chain"	-5.391473966422806	5.5178896866418805	0.8110773287684753	0.9689816770621459	0.58913859	null
"GO:0009060"	"aerobic respiration"	-5.782516055786093	5.6422408851035115	1.0799752151603983	0.9678210379500229	0.83230707	22900
"GO:0015980"	"energy derivation by oxidation of organic compounds"	-5.280668713016273	5.789754113326154	1.5167964447824265	0.9670142602578733	0.8058369	22900
"GO:0045333"	"cellular respiration"	-5.688246138944246	5.735782478045267	1.3395396511898598	0.9671607407890404	0.93315281	22900
"GO:0023051"	"regulation of signaling"	-30.667561540084396	5.9013275229365645	1.9611051100591508	0.831859080999346	0.2470716	null
"GO:0023052"	"signaling"	-33.913640169325255	6.571894386105714	9.184767415191992	0.8063352714646014	0.35535048	null
"GO:0023056"	"positive regulation of signaling"	-32.31515463835559	5.416911648736081	0.6428118574791976	0.7400399477805222	0.59082699	null
"GO:0030155"	"regulation of cell adhesion"	-10.752026733638193	4.8665944864062345	0.18103497036112626	0.8538142650123868	0.18707289	null
"GO:0030162"	"regulation of proteolysis"	-4.3979400086720375	5.322223430852146	0.5168865795272243	0.8160662687047305	0.69120854	null
"GO:0030258"	"lipid modification"	-7.346787486224656	5.4274163177532	0.6585497482011325	0.9498489728732435	0.65654959	null
"GO:0030431"	"sleep"	-4.586700235918748	3.6578204560156973	0.011191771834945019	0.9358692400941859	0.47235401	null
"GO:0030638"	"polyketide metabolic process"	-3.500312917381596	4.410996433516383	0.06340937453526581	0.9880099212713519	0.03546638	null
"GO:0030647"	"aminoglycoside antibiotic metabolic process"	-3.2932822176632413	3.685024785105714	0.011915409600389011	0.9712938817612867	0.68401763	null
"GO:0030656"	"regulation of vitamin metabolic process"	-3.1112590393171073	3.291812687467119	0.004816867710795558	0.8666630476670223	0.69114008	null
"GO:0030855"	"epithelial cell differentiation"	-5.170696227168975	4.787467559199322	0.1508809354480162	0.9638069382731558	0.63263889	null
"GO:0002066"	"columnar/cuboidal epithelial cell development"	-3.149966742310231	3.2405492482826	0.004280292769071781	0.9704087603325713	0.70650858	30855
"GO:0061448"	"connective tissue development"	-3.0690509688324767	4.302785336145699	0.04942396710923598	0.9723130190817475	0.71353246	30855
"GO:0031099"	"regeneration"	-7.050122295963125	4.069038764986071	0.028851979205899606	0.9738545789931864	0.54219829	null
"GO:0031100"	"animal organ regeneration"	-5.889410289700751	2.8920946026904804	0.0019173939431322126	0.9756179301286401	0.43927955	null
"GO:0031279"	"regulation of cyclase activity"	-4.33913452199613	4.232284402080395	0.042017756101681646	0.842001943339128	0.66086116	null
"GO:0031399"	"regulation of protein modification process"	-19.87942606879415	5.3634709522948985	0.5683854671679884	0.8147471319512012	0.30570141	null
"GO:0051247"	"positive regulation of protein metabolic process"	-19.279840696594043	5.446585315795559	0.68826812364321	0.7418378087753672	0.7107113	31399
"GO:0031401"	"positive regulation of protein modification process"	-21.67778070526608	5.059582349244611	0.28232702805267945	0.7510236372104222	0.65334495	null
"GO:0006919"	"activation of cysteine-type endopeptidase activity involved in apoptotic process"	-5.255707016877324	3.9200189160289147	0.020471072432645197	0.7640019650436812	0.91745651	31401
"GO:0010950"	"positive regulation of endopeptidase activity"	-7.014124642691606	4.2657373643174905	0.04538242557570184	0.7528901487211289	0.80310591	31401
"GO:0010952"	"positive regulation of peptidase activity"	-8.05898575629443	4.381169251279146	0.05920046100156095	0.749656436422903	0.74342709	31401
"GO:0031400"	"negative regulation of protein modification process"	-3.5734887386354246	4.779538773870285	0.14815129503346727	0.7904079983674194	0.83018584	31401
"GO:0043280"	"positive regulation of cysteine-type endopeptidase activity involved in apoptotic process"	-4.787812395596042	4.143795203845767	0.0342718783878985	0.7567919880742637	0.97176003	31401
"GO:0043281"	"regulation of cysteine-type endopeptidase activity involved in apoptotic process"	-4.749579997691106	4.295764961229772	0.04863141146136875	0.8122681013314706	0.95782661	31401
"GO:0045862"	"positive regulation of proteolysis"	-5.8297382846050425	5.043425157737735	0.27201642057157444	0.753510645907524	0.87325173	31401
"GO:0052547"	"regulation of peptidase activity"	-7.268411234813262	4.964316212111059	0.2267176809959579	0.7942326789549293	0.77476573	31401
"GO:0052548"	"regulation of endopeptidase activity"	-7.06198090252379	4.7124223950396535	0.1269368940118286	0.8011874913602537	0.86168567	31401
"GO:2000116"	"regulation of cysteine-type endopeptidase activity"	-5.396855627379818	4.386017139806847	0.05986502629635645	0.8101652436317227	0.88113382	31401
"GO:2001056"	"positive regulation of cysteine-type endopeptidase activity"	-5.863279432843593	4.196507791939696	0.03869492962770413	0.7550511176980319	0.95500971	31401
"GO:0031589"	"cell-substrate adhesion"	-3.042871802323187	4.965808254379985	0.22749792987910672	0.993809455452585	0.59661576	null
"GO:0031620"	"regulation of fever generation"	-4.872895201635193	2.3729120029701067	0.0005784179417664569	0.7971648567733715	0.53529033	null
"GO:0031622"	"positive regulation of fever generation"	-4.027797161620936	2.2764618041732443	0.00046273435341316556	0.7607754725266462	0.88834446	31620
"GO:0031652"	"positive regulation of heat generation"	-3.2932822176632413	2.8603380065709936	0.0017820195312294247	0.7781228367974267	0.94043272	31620
"GO:0031649"	"heat generation"	-3.555955204081924	2.90687353472207	0.0019838504726117628	0.9248831312223301	0.65862098	null
"GO:0031650"	"regulation of heat generation"	-3.9244530386074694	2.9132839017604186	0.0020133867079360074	0.8244974153515507	0.57607659	null
"GO:0031667"	"response to nutrient levels"	-28.856985199745903	5.293537121475543	0.48384783896411304	0.9129947063087938	0.34787873	null
"GO:0032094"	"response to food"	-3.175223537524454	2.937517892017347	0.002129070296289299	0.9009510268055397	0.5928506	null
"GO:0032225"	"regulation of synaptic transmission, dopaminergic"	-4.73754891026957	2.2695129442179165	0.0004553502945821044	0.8701395823993605	0.11619084	null
"GO:0032368"	"regulation of lipid transport"	-10.169411331314855	3.8025684983139563	0.015619745780638024	0.8075139008556502	0.67932329	null
"GO:0002018"	"renin-angiotensin regulation of aldosterone production"	-3.555955204081924	1.6989700043360187	0.00012060629424066549	0.6963820859832321	0.7089987	32368
"GO:0010874"	"regulation of cholesterol efflux"	-3.7351821769904636	3.165541076722373	0.0036009593566141552	0.8205445343116099	0.97475664	32368
"GO:0032303"	"regulation of icosanoid secretion"	-5.168770306132936	2.6748611407378116	0.001161758589420288	0.8257197818663979	0.78879024	32368
"GO:0032305"	"positive regulation of icosanoid secretion"	-3.3010299956639813	2.6364878963533656	0.0010633044716728058	0.777877821792226	0.89391077	32368
"GO:0032370"	"positive regulation of lipid transport"	-7.692503962086787	3.598133645813238	0.00975434171583178	0.7570669470282124	0.88203509	32368
"GO:0032371"	"regulation of sterol transport"	-4.876148359032914	3.3769417571467586	0.005860481358918868	0.8162675200211202	0.92339976	32368
"GO:0032373"	"positive regulation of sterol transport"	-3.835647144215563	3.068927611682072	0.002882244297057536	0.7715294970107701	0.96402178	32368
"GO:0032374"	"regulation of cholesterol transport"	-4.876148359032914	3.369772288596963	0.005764488594115072	0.8160686783896666	0.92259696	32368
"GO:0032376"	"positive regulation of cholesterol transport"	-3.835647144215563	3.0663259253620376	0.002865014826451727	0.7715966705969505	0.96373595	32368
"GO:0032892"	"positive regulation of organic acid transport"	-4.035269078946371	3.351409751925439	0.005525737358577428	0.7691694001588761	0.90064533	32368
"GO:1905953"	"negative regulation of lipid localization"	-3.3260580013659125	3.6555225962534177	0.01113269936429653	0.7895769065322032	0.88855993	32368
"GO:1905954"	"positive regulation of lipid localization"	-7.600326278518962	3.956072336995183	0.022243246552099874	0.7539505034677108	0.92436829	32368
"GO:2000191"	"regulation of fatty acid transport"	-3.835647144215563	3.180412632838324	0.003726488356742195	0.8198391319316534	0.95312931	32368
"GO:2000831"	"regulation of steroid hormone secretion"	-5.35261702988538	3.2405492482826	0.004280292769071781	0.6991981743773905	0.90836192	32368
"GO:2000833"	"positive regulation of steroid hormone secretion"	-3.500312917381596	3.0232524596337114	0.0025942660026461515	0.6690980853601187	0.9679753	32368
"GO:2000846"	"regulation of corticosteroid hormone secretion"	-4.73754891026957	3.1693804953119495	0.0036329569448820863	0.7013811148008482	0.91679331	32368
"GO:2000851"	"positive regulation of glucocorticoid secretion"	-3.171984935776023	2.926856708949692	0.002077381884471871	0.6725612924274108	0.95773571	32368
"GO:0032501"	"multicellular organismal process"	-49.03105031901866	6.163132142633867	3.5834862120669206	1	-0	null
"GO:0032502"	"developmental process"	-16.89279003035213	6.192100572841233	3.830665120083749	1	-0	null
"GO:0032787"	"monocarboxylic acid metabolic process"	-19.24184537803261	6.126984864672973	3.2972997825985404	0.9273742555507202	0.46608114	null
"GO:0008652"	"amino acid biosynthetic process"	-3.17134010346468	6.048555994777868	2.752513767454623	0.9661951831298653	0.8026577	32787
"GO:0016053"	"organic acid biosynthetic process"	-7.565431095965801	6.236575046487796	4.243739216505085	0.9190887964531738	0.82526669	32787
"GO:0019752"	"carboxylic acid metabolic process"	-28.07417242537526	6.517258199558676	8.099010481966873	0.9194039278651404	0.80487431	32787
"GO:0043436"	"oxoacid metabolic process"	-25.605548319173785	6.526826292968412	8.279422730033247	0.9194098618500072	0.90424573	32787
"GO:0046394"	"carboxylic acid biosynthetic process"	-7.6020599913279625	6.234378064251388	4.222325445895008	0.9180437005942935	0.70242299	32787
"GO:0072330"	"monocarboxylic acid biosynthetic process"	-5.515700160653214	5.658166951214499	1.1203143285544854	0.9255736802310642	0.79036012	32787
"GO:1901605"	"alpha-amino acid metabolic process"	-7.576754126063192	6.204814027521744	3.9444608507292327	0.9221946495892849	0.722099	32787
"GO:1901607"	"alpha-amino acid biosynthetic process"	-3.0550240915879523	6.010750134117194	2.5230369098087917	0.919139149267654	0.88410808	32787
"GO:0032849"	"positive regulation of cellular pH reduction"	-3.171984935776023	1.9867717342662448	0.00023628988259395684	0.8161920929155783	0.45123953	null
"GO:0032879"	"regulation of localization"	-41.411168274405796	5.565863160327171	0.9058074195121588	0.842152146817164	0.2238009	null
"GO:0032890"	"regulation of organic acid transport"	-6.376750709602099	3.4690852991231202	0.007246223066214677	0.8215679326541018	0.64332006	null
"GO:0032940"	"secretion by cell"	-7.534617148551582	5.476002229822549	0.7365032572806451	0.9634136270130975	0.34691779	null
"GO:0006887"	"exocytosis"	-6.131355561605174	5.152985103063503	0.35007084512177816	0.9655263409445973	0.91001822	32940
"GO:0032309"	"icosanoid secretion"	-4.411168274405793	4.17032039987338	0.036430484919512035	0.970664053507724	0.74950685	32940
"GO:0045055"	"regulated exocytosis"	-7.707743928643524	4.672301097151566	0.11573527676510881	0.9679586406627193	0.82372787	32940
"GO:0032941"	"secretion by tissue"	-3.4377071355435254	3.483016420144132	0.007482512948808634	0.9162253311859653	0.66718661	null
"GO:0033197"	"response to vitamin E"	-5.709965388637482	1.6901960800285136	0.00011814494129697842	0.8925443663064686	0.51039269	null
"GO:0033280"	"response to vitamin D"	-5.45717457304082	2.780317312140151	0.0014817344720996044	0.8761378114471209	0.79261827	33197
"GO:0071295"	"cellular response to vitamin"	-3.175223537524454	2.6748611407378116	0.001161758589420288	0.8924071046520657	0.87320241	33197
"GO:0033238"	"regulation of amine metabolic process"	-5.595166283380062	4.055416559840489	0.027960969440284898	0.8615496954938644	0.23592647	null
"GO:0033273"	"response to vitamin"	-9.527243550682787	3.345765693114488	0.005454358123210505	0.8949364302120454	0.62574025	null
"GO:0031670"	"cellular response to nutrient"	-5.777283528852417	4.264723400902	0.0452765873991233	0.8687867934488839	0.81464236	33273
"GO:0033353"	"S-adenosylmethionine cycle"	-3.555955204081924	4.404354702725426	0.062446985534284155	0.9759261635391359	0.45708181	null
"GO:0033500"	"carbohydrate homeostasis"	-5.651695136951839	4.505678952441556	0.07885682560984572	0.9765478761879125	0.68224701	null
"GO:0033554"	"cellular response to stress"	-8.943095148663527	6.254747656865193	4.425081855984172	0.8747188234943919	0.66772524	null
"GO:0033555"	"multicellular organismal response to stress"	-13.782516055786093	3.5390760987927767	0.008513819832213507	0.8727818489409486	0.46303549	null
"GO:0033559"	"unsaturated fatty acid metabolic process"	-10.18111458540599	4.6358254182207554	0.10641167181442227	0.9303428740102893	0.42984584	null
"GO:0033762"	"response to glucagon"	-3.142064735280571	3.3533390953113047	0.005550350888014299	0.8695213815196555	0.69423727	null
"GO:0033865"	"nucleoside bisphosphate metabolic process"	-5.756961951313706	4.37737911315744	0.05868603823633035	0.9404006637466538	0.39778344	null
"GO:0033993"	"response to lipid"	-56.00086945871263	5.0331462008952395	0.26565382321214337	0.8727384596977603	0.56599786	null
"GO:0034032"	"purine nucleoside bisphosphate metabolic process"	-5.756961951313706	4.37737911315744	0.05868603823633035	0.9371222313939421	0.29563344	null
"GO:0033875"	"ribonucleoside bisphosphate metabolic process"	-5.756961951313706	4.37737911315744	0.05868603823633035	0.9396054318939838	0.99941314	34032
"GO:0034103"	"regulation of tissue remodeling"	-7.598599459218456	3.881213416255019	0.018721050489683706	0.8025127383741747	0.66692333	null
"GO:0034349"	"glial cell apoptotic process"	-3.555955204081924	2.8998205024270964	0.0019518528843438313	0.9911835613828448	0.63014946	null
"GO:0034404"	"nucleobase-containing small molecule biosynthetic process"	-3.5575202309355514	5.020593286421175	0.2580851629103057	0.9375269584311097	0.62679412	null
"GO:0034405"	"response to fluid shear stress"	-3.835647144215563	2.9872192299080047	0.0023875123553764393	0.931940477799622	0.22054629	null
"GO:0034599"	"cellular response to oxidative stress"	-9.16621562534352	5.1302340301621	0.33220388410355384	0.8483501362494057	0.6878397	null
"GO:0019430"	"removal of superoxide radicals"	-5.170696227168975	4.556688368835234	0.08868500791398812	0.82784978064259	0.87246062	34599
"GO:0034614"	"cellular response to reactive oxygen species"	-6.97469413473523	4.716812715219713	0.1282266429543206	0.8432340612368463	0.89847354	34599
"GO:0034654"	"nucleobase-containing compound biosynthetic process"	-4.798602875679548	6.617847437707689	10.209893841355267	0.9547145695380049	0.48073147	null
"GO:0034776"	"response to histamine"	-4.586700235918748	2.494154594018443	0.0007654807654866728	0.8888698234872602	0.68216463	null
"GO:0035094"	"response to nicotine"	-15.853871964321762	3.5363058723510337	0.008459670067452392	0.8975396367429781	0.42748508	null
"GO:0035235"	"ionotropic glutamate receptor signaling pathway"	-4.049148541111453	4.110589710299249	0.03174899162061927	0.7923002467910423	0.56291759	null
"GO:0035295"	"tube development"	-4.062983892535186	4.920832651153442	0.20511684756216036	0.904443310707194	0.6528536	null
"GO:0035383"	"thioester metabolic process"	-4.882728704344236	5.306300619215061	0.4982787512729502	0.971457550538025	0.68809034	null
"GO:0035434"	"copper ion transmembrane transport"	-6.910094888560602	4.537390883676905	0.0848305292041742	0.9658897368551529	0.68536053	null
"GO:0035556"	"intracellular signal transduction"	-32.033389013318065	6.25082994866753	4.385343312708344	0.7127223854080268	0.47012294	null
"GO:0007165"	"signal transduction"	-36.795880017344075	6.555859777363872	8.851839893322994	0.6942512001336466	0.78117509	35556
"GO:0035624"	"receptor transactivation"	-3.171984935776023	0.6989700043360189	9.845411774748203E-06	0.8516105934194355	0.56612277	null
"GO:0035813"	"regulation of renal sodium excretion"	-7.913640169325252	2.1335389083702174	0.0003322826473977518	0.776088263882623	0.53049157	null
"GO:0035815"	"positive regulation of renal sodium excretion"	-8.03763066432998	1.9731278535996986	0.00022890582376289568	0.742966729759648	0.92100231	35813
"GO:0035864"	"response to potassium ion"	-3.9244530386074694	2.6910814921229687	0.0012060629424066548	0.9042014442954891	0.65391223	null
"GO:0035902"	"response to immobilization stress"	-7.5718652059712115	2.2329961103921536	0.00041843000042679864	0.9377200916324543	0.18988874	null
"GO:0036270"	"response to diuretic"	-4.548213564475709	4.74170298395774	0.13579084205394779	0.8784847783486306	0.53241151	null
"GO:0038084"	"vascular endothelial growth factor signaling pathway"	-5.787812395596042	3.794766797940821	0.015341612898001386	0.7828206325414404	0.68683162	null
"GO:0038093"	"Fc receptor signaling pathway"	-5.61261017366127	3.2826221128780624	0.004715952240104389	0.758600438299273	0.4069613	null
"GO:0038095"	"Fc-epsilon receptor signaling pathway"	-4.3535962737769305	2.9459607035775686	0.0021709132963319785	0.7680098527907062	0.66092506	null
"GO:0038110"	"interleukin-2-mediated signaling pathway"	-3.1112590393171073	2.8494194137968996	0.0017377151782430578	0.7927440220623206	0.69233058	null
"GO:0038128"	"ERBB2 signaling pathway"	-3.549750891680639	3.1528995963937474	0.003497582532979299	0.8148971675383233	0.5822979	null
"GO:0038166"	"angiotensin-activated signaling pathway"	-3.2932822176632413	3.3998467127129226	0.006177995888654498	0.7512630626082739	0.69893069	null
"GO:0038169"	"somatostatin receptor signaling pathway"	-4.844663962534939	3.5549734583332397	0.008831334361949137	0.8086022768009921	0.48921076	null
"GO:0038170"	"somatostatin signaling pathway"	-4.844663962534939	3.5549734583332397	0.008831334361949137	0.7633298421619252	0.66051191	null
"GO:0039663"	"membrane fusion involved in viral entry into host cell"	-3.7399286120149253	2.997386384397313	0.002444123473081241	0.9991469808340677	0.62582305	null
"GO:0040007"	"growth"	-4.928117992693875	4.669911651840315	0.11510024770563755	1	-0	null
"GO:0040008"	"regulation of growth"	-8.086716098239581	4.89184397587854	0.19187230737218033	0.8593272449887653	0.18818806	null
"GO:0040011"	"locomotion"	-13.804100347590767	5.307164307090027	0.4992706765092561	1	-0	null
"GO:0040012"	"regulation of locomotion"	-17.853871964321762	5.219450916891037	0.4079643277102412	0.8514901506748266	0.20396341	null
"GO:0042044"	"fluid transport"	-7.017728766960432	4.426120708746615	0.06565658977285208	0.9808182359458228	0.26581492	null
"GO:0042045"	"epithelial fluid transport"	-9.446116973356126	2.741151598851785	0.0013537441190278779	0.9850859204119048	0.19326857	null
"GO:0042053"	"regulation of dopamine metabolic process"	-4.73754891026957	2.6334684555795866	0.0010559204128417446	0.882739290941996	0.1227254	null
"GO:0042069"	"regulation of catecholamine metabolic process"	-4.73754891026957	2.6464037262230695	0.0010879180011096764	0.8825629960348137	0.71479587	42053
"GO:0042060"	"wound healing"	-5.0030507515046185	4.688428721388616	0.12011402365192808	0.9113981251578253	0.38629011	null
"GO:0048678"	"response to axon injury"	-3.258848401148215	3.6093809442507068	0.010010322421975235	0.9240610547063196	0.80877784	42060
"GO:0042127"	"regulation of cell population proliferation"	-34.92811799269388	5.212677574440172	0.401650957409684	0.8452430247024922	0.20361052	null
"GO:0042158"	"lipoprotein biosynthetic process"	-3.555955204081924	4.8375631878223	0.16932877576095065	0.9679849771670778	0.18830035	null
"GO:0042180"	"cellular ketone metabolic process"	-4.681936665037238	5.316240908445637	0.5098151125200113	0.9458664124754226	0.36781444	null
"GO:0042221"	"response to chemical"	-89.16621562534353	6.242583414694064	4.302858452859503	0.8955531118572838	-0	null
"GO:0042327"	"positive regulation of phosphorylation"	-31.018181392829337	5.104637312986588	0.3131899326135714	0.7400063238726258	0.58856748	null
"GO:0001932"	"regulation of protein phosphorylation"	-25.705533773838408	5.283142863303242	0.4724050091289119	0.7965151077256372	0.92076139	42327
"GO:0001933"	"negative regulation of protein phosphorylation"	-3.899629454882437	4.683092087197129	0.11864705729749059	0.7801321659702228	0.81900883	42327
"GO:0001934"	"positive regulation of protein phosphorylation"	-26.950781977329818	4.957070671419109	0.22296657910977885	0.7395205089456794	0.96410001	42327
"GO:0010562"	"positive regulation of phosphorus metabolic process"	-31.11690664142431	5.115397472098318	0.32104657120982044	0.7415238711708614	0.86567408	42327
"GO:0010563"	"negative regulation of phosphorus metabolic process"	-3.1220530483708115	4.865500760998135	0.18057962006654416	0.7822821796206925	0.82444866	42327
"GO:0019220"	"regulation of phosphate metabolic process"	-26.28819277095881	5.431119203604928	0.6641887077951196	0.8004221664884406	0.980076	42327
"GO:0032147"	"activation of protein kinase activity"	-9.270025714300445	4.098366796439331	0.0308678272667793	0.7458578192174548	0.87493248	42327
"GO:0033135"	"regulation of peptidyl-serine phosphorylation"	-3.9281179926938745	3.9387198147823823	0.02137192761003466	0.8337840363855599	0.72026464	42327
"GO:0033138"	"positive regulation of peptidyl-serine phosphorylation"	-3.555955204081924	3.8258154449852038	0.016478757957984803	0.7782156685238207	0.79062225	42327
"GO:0033674"	"positive regulation of kinase activity"	-26.374687549038327	4.885191540606848	0.1889556041339112	0.7194636483096438	0.95084413	42327
"GO:0042325"	"regulation of phosphorylation"	-27.61261017366127	5.372272972952656	0.5800227438857408	0.802454362173299	0.94832547	42327
"GO:0042326"	"negative regulation of phosphorylation"	-3.4485500020271247	4.722420012731062	0.12989297889719673	0.7860022048006254	0.97282353	42327
"GO:0042509"	"regulation of tyrosine phosphorylation of STAT protein"	-6.356547323513812	3.829753918924975	0.016628900487549714	0.8350075312852254	0.89924075	42327
"GO:0042531"	"positive regulation of tyrosine phosphorylation of STAT protein"	-6.464705879957229	3.823474229170301	0.01639014925201207	0.7772516902592032	0.89845877	42327
"GO:0043405"	"regulation of MAP kinase activity"	-11.251037138743838	4.285152078525091	0.04745734610723002	0.8001950737074126	0.76308335	42327
"GO:0043406"	"positive regulation of MAP kinase activity"	-11.707743928643524	4.0463000196529695	0.02738009014557475	0.7036568325148348	0.86831147	42327
"GO:0043549"	"regulation of kinase activity"	-22.559090917934782	5.236353327548778	0.42415510737381473	0.774157040818539	0.94657571	42327
"GO:0045859"	"regulation of protein kinase activity"	-16.280668713016272	5.125848715277235	0.3288662895119142	0.7732904885380308	0.9598904	42327
"GO:0045860"	"positive regulation of protein kinase activity"	-17.196542884351587	4.618382845341753	0.1022224491042669	0.7268495444655125	0.90467226	42327
"GO:0045936"	"negative regulation of phosphate metabolic process"	-3.1372724716820253	4.865494841477892	0.18057715871360047	0.7817904118892156	0.96607466	42327
"GO:0045937"	"positive regulation of phosphate metabolic process"	-31.11690664142431	5.115397472098318	0.32104657120982044	0.7398788023120841	0.99464338	42327
"GO:0050730"	"regulation of peptidyl-tyrosine phosphorylation"	-11.006563769502389	4.362463624755212	0.05670464911666227	0.8234934792532995	0.77334284	42327
"GO:0050731"	"positive regulation of peptidyl-tyrosine phosphorylation"	-12.832682665251824	4.171814181051147	0.03655601391964007	0.7666090034410541	0.83667034	42327
"GO:0061097"	"regulation of protein tyrosine kinase activity"	-4.174573882232177	3.9582771255476974	0.02235646878750948	0.8080680852339668	0.91554916	42327
"GO:0061098"	"positive regulation of protein tyrosine kinase activity"	-4.876148359032914	3.3716219271760215	0.005789102123551943	0.7676795128834277	0.84554566	42327
"GO:0071902"	"positive regulation of protein serine/threonine kinase activity"	-12.4089353929735	4.290479813330673	0.04804314810782754	0.7390006329039305	0.85372296	42327
"GO:0042369"	"vitamin D catabolic process"	-4.145086977692144	2.2380461031287955	0.0004233527063141727	0.9339329933452147	0.51873599	null
"GO:0042391"	"regulation of membrane potential"	-21.496209316942817	5.197861985482968	0.3881799727488847	0.8227838084504523	0.59376874	null
"GO:0042414"	"epinephrine metabolic process"	-4.145086977692144	1.662757831681574	0.00011076088246591727	0.9731822822499999	0.60794575	null
"GO:0042445"	"hormone metabolic process"	-16.818156412055227	4.894808795929415	0.19318666984410923	0.8125841426164988	0.55958328	null
"GO:0008207"	"C21-steroid hormone metabolic process"	-7.193141970481182	3.9429995933660407	0.02158360396319175	0.8135088353412698	0.79705976	42445
"GO:0008209"	"androgen metabolic process"	-3.0604807473813813	3.5089335260500327	0.007942785949278114	0.8253690427599258	0.74627581	42445
"GO:0008210"	"estrogen metabolic process"	-7.00436480540245	3.552911450216509	0.008789491361906458	0.8243806271519777	0.751125	42445
"GO:0032350"	"regulation of hormone metabolic process"	-4.035269078946371	3.2350231594952237	0.0042261430043106655	0.84155270042484	0.71742441	42445
"GO:0042446"	"hormone biosynthetic process"	-8.3829996588791	4.616139291308727	0.10169571957431786	0.814248666635139	0.89108288	42445
"GO:0042475"	"odontogenesis of dentin-containing tooth"	-3.1630432629404495	3.6664243725187595	0.011415754952820541	0.9723533397025553	0.64333878	null
"GO:0042476"	"odontogenesis"	-3.705533773838407	3.7811807209372614	0.014869033132813472	0.9719064632171123	0.51282159	null
"GO:0042558"	"pteridine-containing compound metabolic process"	-3.640164517660112	5.286860485522373	0.4764662414859956	0.9873817732276675	0.04815675	null
"GO:0042592"	"homeostatic process"	-49.21112488422458	5.894315508737042	1.9296957851447603	1	-0	null
"GO:0042593"	"glucose homeostasis"	-5.698970004336019	4.502986698753511	0.07836947772699569	0.9765580374387673	0.68187456	null
"GO:0042632"	"cholesterol homeostasis"	-4.869666231504994	4.218115186304549	0.04066893468854114	0.9771885041891948	0.64463708	null
"GO:0055092"	"sterol homeostasis"	-4.806875401645539	4.2208400158341774	0.04092491539468459	0.977179098803828	0.82555692	42632
"GO:0042752"	"regulation of circadian rhythm"	-6.15676722190199	4.27214341759105	0.04605683628227209	0.8720422353941173	0.16416904	null
"GO:0042908"	"xenobiotic transport"	-6.075204004202088	5.080474962416494	0.29624105624334235	0.9783903767803793	0.31115244	null
"GO:0042981"	"regulation of apoptotic process"	-19.707743928643524	5.3014770887669	0.49277516609086597	0.8238576377320764	0.2083361	null
"GO:0043065"	"positive regulation of apoptotic process"	-7.653647025549361	4.768482704043391	0.14442726802966876	0.7660460373832304	0.88677024	42981
"GO:0043066"	"negative regulation of apoptotic process"	-18.443697499232712	4.969196845946869	0.22927994941033614	0.7959997667747816	0.92274968	42981
"GO:0043068"	"positive regulation of programmed cell death"	-7.504455662453552	4.779762386032165	0.14822759697472157	0.7661209657261898	0.88871764	42981
"GO:0043069"	"negative regulation of programmed cell death"	-19.37059040089728	4.980998152783538	0.2355957810638371	0.7964707841959475	0.92495624	42981
"GO:0043523"	"regulation of neuron apoptotic process"	-7.954677021213342	4.192623200012946	0.03835034021558793	0.851481690334381	0.79754758	42981
"GO:0043524"	"negative regulation of neuron apoptotic process"	-4.213958789757446	4.026614967934676	0.026166643144337035	0.8218913088584471	0.77506562	42981
"GO:0043525"	"positive regulation of neuron apoptotic process"	-3.6497519816658373	3.667359546183087	0.01144036848225741	0.7988565386847646	0.90776342	42981
"GO:1902041"	"regulation of extrinsic apoptotic signaling pathway via death domain receptors"	-4.18111458540599	3.625723909525756	0.010394293481190415	0.8137355505439225	0.90279865	42981
"GO:1902042"	"negative regulation of extrinsic apoptotic signaling pathway via death domain receptors"	-3.9469215565165805	3.5588285248170117	0.008910097656147123	0.7893419275013275	0.89489074	42981
"GO:2000106"	"regulation of leukocyte apoptotic process"	-3.5917600346881504	3.707995746422929	0.012562745424578707	0.8610033973587988	0.73528236	42981
"GO:2000351"	"regulation of endothelial cell apoptotic process"	-4.82102305270683	3.482158695411276	0.007467744831146512	0.8650303253184014	0.70946755	42981
"GO:2001233"	"regulation of apoptotic signaling pathway"	-10.064492734175287	4.65901246006286	0.11224753964390426	0.7878740643465567	0.86830465	42981
"GO:2001234"	"negative regulation of apoptotic signaling pathway"	-9.057000406633959	4.4248979631844	0.06547198830207555	0.764323123592878	0.89243889	42981
"GO:2001236"	"regulation of extrinsic apoptotic signaling pathway"	-9.528708288941061	4.189518386126378	0.03807713003883867	0.7998991658510324	0.79711515	42981
"GO:2001237"	"negative regulation of extrinsic apoptotic signaling pathway"	-7.7544873321858505	4.019988159591286	0.02577036532040342	0.7764633965633576	0.84087374	42981
"GO:2001239"	"regulation of extrinsic apoptotic signaling pathway in absence of ligand"	-3.774690718274137	3.624797578960761	0.01037214130469723	0.8137575632853473	0.90268819	42981
"GO:2001240"	"negative regulation of extrinsic apoptotic signaling pathway in absence of ligand"	-3.640164517660112	3.5931752634781025	0.009643580833365865	0.7884312734677202	0.89893363	42981
"GO:2001242"	"regulation of intrinsic apoptotic signaling pathway"	-3.774690718274137	4.168615322211018	0.03628772644877819	0.7991087728013684	0.85909451	42981
"GO:0043062"	"extracellular structure organization"	-3.552841968657781	4.974295182354866	0.23198743764839191	0.9929280878907626	0.29221128	null
"GO:0043067"	"regulation of programmed cell death"	-21.06398920428479	5.314758085477364	0.5080773973417684	0.8425123748763972	0.20906179	null
"GO:0043255"	"regulation of carbohydrate biosynthetic process"	-4.174573882232177	4.398374086151356	0.06159289606282476	0.8516957662299324	0.25094434	null
"GO:0045913"	"positive regulation of carbohydrate metabolic process"	-3.4881166390211256	3.4800069429571505	0.007430824536991206	0.8118106249635705	0.7839103	43255
"GO:0043299"	"leukocyte degranulation"	-3.832682665251824	3.1775364999298623	0.0037018748273053245	0.9537271216638787	0.64291588	null
"GO:0043491"	"phosphatidylinositol 3-kinase/protein kinase B signal transduction"	-6.5934598195660445	3.6844862921887342	0.01190064148272689	0.8073671184945405	0.54815775	null
"GO:0043542"	"endothelial cell migration"	-3.0550240915879523	3.73559889969818	0.013387298660713868	0.9889015344105115	0.66548449	null
"GO:0043550"	"regulation of lipid kinase activity"	-6.376750709602099	2.484299839346786	0.0007482512948808633	0.8447224570626723	0.5009776	null
"GO:0043603"	"amide metabolic process"	-4.935542010773082	5.870320784365006	1.8259719107448442	0.9855141210400615	0.06008847	null
"GO:0043627"	"response to estrogen"	-8.567030709125595	3.6615287401319825	0.011287764599748814	0.8839365977963678	0.67195446	null
"GO:0043648"	"dicarboxylic acid metabolic process"	-3.248720896016658	5.692459140583425	1.21236154458955	0.9347070411186043	0.59040613	null
"GO:0043949"	"regulation of cAMP-mediated signaling"	-4.010995384301463	3.4523998459114416	0.006973012889465414	0.8296343975649435	0.43436106	null
"GO:0043951"	"negative regulation of cAMP-mediated signaling"	-3.555955204081924	3.4424797690644486	0.006815486301069443	0.8029581731536102	0.53378302	null
"GO:0044062"	"regulation of excretion"	-7.406713932979542	2.4899584794248346	0.0007580967066556116	0.7680509945636744	0.55661565	null
"GO:0044070"	"regulation of monoatomic anion transport"	-12.61798295742513	3.2773799746672547	0.004659341122399587	0.8220355074130687	0.6242962	null
"GO:0044087"	"regulation of cellular component biogenesis"	-5.8696662315049934	5.3580510242818	0.5613361523372687	0.8413238630277161	0.21146286	null
"GO:0044093"	"positive regulation of molecular function"	-27.742321425130815	5.5038873334560945	0.7853438837422273	0.8088596102114542	0.21997324	null
"GO:0032409"	"regulation of transporter activity"	-8.081445469449726	4.787184081777398	0.15078248133026873	0.8302132654704593	0.73529882	44093
"GO:0043085"	"positive regulation of catalytic activity"	-24.93554201077308	5.423855097552538	0.6531716920191764	0.8070511432037049	0.84442632	44093
"GO:0043086"	"negative regulation of catalytic activity"	-3.4056074496245734	5.126326260094941	0.32922810839463623	0.8181621885512955	0.78965888	44093
"GO:0044092"	"negative regulation of molecular function"	-4.317854923626168	5.225482447973504	0.41366974383370786	0.8177776896854131	0.80710431	44093
"GO:0050790"	"regulation of catalytic activity"	-18.26760624017703	5.6698039099679605	1.150739112291401	0.8031053761622501	0.89578343	44093
"GO:0051090"	"regulation of DNA-binding transcription factor activity"	-6.329754146925876	4.695271483141623	0.12202157218328553	0.8067506497374624	0.72183177	44093
"GO:0051336"	"regulation of hydrolase activity"	-8.326979092871104	5.332151528795684	0.5288389094217687	0.8125064518088315	0.85919351	44093
"GO:0051338"	"regulation of transferase activity"	-19.93554201077308	5.267800413255474	0.45600747581806883	0.8145395717182761	0.84697735	44093
"GO:0051345"	"positive regulation of hydrolase activity"	-7.412289034981089	5.117887490167946	0.32289258591758574	0.8149195046311839	0.89326231	44093
"GO:0051347"	"positive regulation of transferase activity"	-23.739928612014925	4.943301563199376	0.2160083343379756	0.8195550104608453	0.86111048	44093
"GO:0071900"	"regulation of protein serine/threonine kinase activity"	-12.7594507517174	4.946776391042226	0.2177435881632749	0.7794006812168977	0.87482533	44093
"GO:0044237"	"cellular metabolic process"	-26.928117992693874	7.206964612305403	39.640441131550894	0.9720906638435169	0.16054973	null
"GO:0044238"	"primary metabolic process"	-18.2580609222708	7.2961789470216925	48.680252087830326	0.9767204274881832	0.27679073	null
"GO:0044248"	"cellular catabolic process"	-11.714442690992227	6.132535999945928	3.339716277877099	0.952372413290775	0.62640016	null
"GO:0044249"	"cellular biosynthetic process"	-14.106238237942057	6.9786911861886	23.43500411119782	0.9499130465136753	0.31794305	null
"GO:0044281"	"small molecule metabolic process"	-49.5543957967264	6.778861392387942	14.792283225323425	0.9810152456058123	0.08560987	null
"GO:0044282"	"small molecule catabolic process"	-19.47755576649368	6.05602890327554	2.800286166738645	0.9333498106419807	0.05925472	null
"GO:0044283"	"small molecule biosynthetic process"	-20.164309428507575	6.400638651157823	6.191735160786158	0.9338960492216378	0.6199216	null
"GO:0044321"	"response to leptin"	-5.55129368009492	3.225309281725863	0.004132611592450558	0.8902022042094446	0.62744964	null
"GO:0044419"	"biological process involved in interspecies interaction between organisms"	-4.3260580013659125	5.636486893362641	1.0657609019106056	1	-0	null
"GO:0044597"	"daunorubicin metabolic process"	-3.500312917381596	2.6875289612146345	0.0011962175306319065	0.9517458227543799	0.65093204	null
"GO:0044598"	"doxorubicin metabolic process"	-3.500312917381596	2.7126497016272113	0.0012675967659988312	0.9381819304597068	0.56066093	null
"GO:0044703"	"multi-organism reproductive process"	-6.860120913598763	3.7428036584691657	0.01361128177858939	0.9918500958668298	0.50400408	null
"GO:0044706"	"multi-multicellular organism process"	-6.686132779630847	4.024731889655249	0.02605342090892743	0.9327446836344108	0.50367118	null
"GO:0045124"	"regulation of bone resorption"	-5.298432014944073	3.785756799962643	0.015026559721209443	0.8029022478030075	0.6567135	null
"GO:0034105"	"positive regulation of tissue remodeling"	-3.640164517660112	2.103803720955957	0.00031013047090456836	0.7951968591022693	0.79878553	45124
"GO:0045780"	"positive regulation of bone resorption"	-3.0574958938319194	3.34966598409663	0.005503585182084245	0.7646587866886131	0.92968694	45124
"GO:0046850"	"regulation of bone remodeling"	-5.484126156288321	3.851135995011574	0.017468221841346998	0.8012653490522283	0.98325423	45124
"GO:0046852"	"positive regulation of bone remodeling"	-3.0574958938319194	2.8981764834976764	0.00714775929610271	0.7614232924257492	0.94293105	45124
"GO:0045187"	"regulation of circadian sleep/wake cycle, sleep"	-6.826813731587726	2.780317312140151	0.0014817344720996044	0.8255977027198099	0.56548498	null
"GO:0042321"	"negative regulation of circadian sleep/wake cycle, sleep"	-3.171984935776023	1.8808135922807914	0.0001846014707765288	0.8172096680684948	0.89793723	45187
"GO:0042749"	"regulation of circadian sleep/wake cycle"	-7.180456064458132	2.866877814337499	0.001809094413609982	0.8240980435551799	0.79741654	45187
"GO:0048521"	"negative regulation of behavior"	-3.4377071355435254	2.725094521081469	0.001304517060154137	0.8001906704516828	0.78575864	45187
"GO:0045321"	"leukocyte activation"	-9.48412615628832	4.662493398030702	0.1131508561742374	0.9029111387077996	0.56926851	null
"GO:0002263"	"cell activation involved in immune response"	-6.146910470148135	4.124960450789545	0.03281721879817945	0.8488069181785182	0.87688123	45321
"GO:0002274"	"myeloid leukocyte activation"	-5.098541678603888	3.9788193867328423	0.023439464082731783	0.9111592395190652	0.85739338	45321
"GO:0002275"	"myeloid cell activation involved in immune response"	-3.580044251510242	3.75815462196739	0.014101091014383112	0.8542595339673493	0.94672457	45321
"GO:0002283"	"neutrophil activation involved in immune response"	-3.826813731587726	3.079904467666721	0.0029560848853681476	0.8657706975637367	0.9318822	45321
"GO:0002285"	"lymphocyte activation involved in immune response"	-3.251037138743839	3.8489277132270785	0.017379613135374266	0.8531471493169659	0.9585526	45321
"GO:0002366"	"leukocyte activation involved in immune response"	-5.844663962534939	4.102124855734526	0.031136114737641194	0.848232703135446	0.87377796	45321
"GO:0007596"	"blood coagulation"	-3.555955204081924	4.482659240683335	0.07478574784098735	0.7199565788449651	0.93062252	45321
"GO:0007599"	"hemostasis"	-3.8664610916297826	4.485749810814252	0.07531986142976743	0.8336206962019999	0.9512729	45321
"GO:0030098"	"lymphocyte differentiation"	-3.886056647693163	4.277196495795956	0.046595872576939555	0.8879470813608604	0.92034514	45321
"GO:0030168"	"platelet activation"	-6.146301788223826	4.025264892154508	0.026085418497195364	0.7270075229851132	0.86349236	45321
"GO:0030217"	"T cell differentiation"	-3.555955204081924	4.098436045340363	0.030872749972666674	0.8906773403260098	0.95152631	45321
"GO:0036230"	"granulocyte activation"	-3.910094888560602	3.5602653978627146	0.008939633891471368	0.9147412439948804	0.88432195	45321
"GO:0042110"	"T cell activation"	-3.886056647693163	4.315340476627288	0.05087370399306765	0.9069092345385765	0.90363681	45321
"GO:0042116"	"macrophage activation"	-3.068542129310995	3.651956069533074	0.011041629305380109	0.9137560203368695	0.90666036	45321
"GO:0042119"	"neutrophil activation"	-3.987162775294828	3.4497868469857735	0.006931169889422735	0.9156575024998909	0.79354427	45321
"GO:0043312"	"neutrophil degranulation"	-3.540607512240769	2.303196057420489	0.0004922705887374101	0.8599221036918173	0.85524935	45321
"GO:0046649"	"lymphocyte activation"	-5.35261702988538	4.5574109486956225	0.08883268909060935	0.903813902029831	0.94010902	45321
"GO:0048143"	"astrocyte activation"	-3.175223537524454	2.9111576087399764	0.0020035412961612593	0.8551889358357854	0.9432697	45321
"GO:0061900"	"glial cell activation"	-4.035269078946371	3.1908917169221698	0.003817558415658615	0.8659726994405319	0.76563431	45321
"GO:0045346"	"regulation of MHC class II biosynthetic process"	-5.764471553092451	3.241048150671644	0.004285215474959155	0.8702649428721682	0.21678898	null
"GO:0045348"	"positive regulation of MHC class II biosynthetic process"	-4.338187314462739	3.2177470732627937	0.004061232357083633	0.8115920836919367	0.38059765	null
"GO:0045428"	"regulation of nitric oxide biosynthetic process"	-6.853871964321762	3.6143698395482886	0.010126006010328526	0.8666521149678054	0.21906526	null
"GO:0045429"	"positive regulation of nitric oxide biosynthetic process"	-5.987162775294828	3.5691397254724593	0.009124235362247896	0.8077594238672096	0.97322829	45428
"GO:1904407"	"positive regulation of nitric oxide metabolic process"	-5.860120913598763	3.5733358400660675	0.00921284406822063	0.8092591943294185	0.97373699	45428
"GO:0045444"	"fat cell differentiation"	-4.1220530483708115	3.809963521714014	0.01588803325149991	0.9703092455554868	0.51561505	null
"GO:0045471"	"response to ethanol"	-20.96657624451305	3.302330928684399	0.004935012652092536	0.8843242005273737	0.61793214	null
"GO:0097306"	"cellular response to alcohol"	-8.367542707815275	4.228733908376136	0.04167562804250914	0.8581164596481576	0.82097955	45471
"GO:0045597"	"positive regulation of cell differentiation"	-10.838631997765026	4.882604217705935	0.1878332271915899	0.7445996321865426	0.69749978	null
"GO:0002683"	"negative regulation of immune system process"	-4.019996628416254	4.667312835294965	0.11441353023434887	0.7948902849877227	0.8520616	45597
"GO:0002684"	"positive regulation of immune system process"	-9.08512818245995	5.129161200385081	0.33138425357330603	0.7511092379943403	0.81261334	45597
"GO:0002694"	"regulation of leukocyte activation"	-5.377785977033705	4.717146037938382	0.12832509707206807	0.753524631771136	0.98366424	45597
"GO:0002696"	"positive regulation of leukocyte activation"	-4.7594507517174005	4.508112056839824	0.07929986913970939	0.7058240514264993	0.99163183	45597
"GO:0002761"	"regulation of myeloid leukocyte differentiation"	-5.663540266151471	3.9903388547876015	0.024069570436315666	0.7626611555684547	0.92505457	45597
"GO:0002763"	"positive regulation of myeloid leukocyte differentiation"	-4.954677021213342	3.6692238739308056	0.011489595541131152	0.7244341225057096	0.94295798	45597
"GO:0002764"	"immune response-regulating signaling pathway"	-3.00436480540245	4.766502076537479	0.14377008679370432	0.7123688024117717	0.86794228	45597
"GO:0002768"	"immune response-regulating cell surface receptor signaling pathway"	-3.4989407377822483	4.634890207744932	0.10618276599065936	0.711638403569915	0.84699584	45597
"GO:0010720"	"positive regulation of cell development"	-5.087246696328677	4.670913484999461	0.11536607382355575	0.7508512656626295	0.91128928	45597
"GO:0014013"	"regulation of gliogenesis"	-6.5934598195660445	3.710709565724337	0.01264150871877669	0.785044704960373	0.72463701	45597
"GO:0014015"	"positive regulation of gliogenesis"	-4.165579296318468	3.3604040547299387	0.00564142094693072	0.7454925978384938	0.71112202	45597
"GO:0045577"	"regulation of B cell differentiation"	-3.149966742310231	3.640978057358332	0.01076595777568716	0.7684010175404966	0.91812969	45597
"GO:0045579"	"positive regulation of B cell differentiation"	-3.5850266520291822	3.5352941200427703	0.008439979243902896	0.7245591869355922	0.868002	45597
"GO:0045580"	"regulation of T cell differentiation"	-3.6635402661514704	3.8806421264042847	0.018696436960246837	0.7616362606589295	0.91062656	45597
"GO:0045582"	"positive regulation of T cell differentiation"	-3.0291883891274822	3.6485551556626707	0.010955481952351062	0.7132233380723836	0.94035176	45597
"GO:0045596"	"negative regulation of cell differentiation"	-6.47755576649368	4.688837896131475	0.12022724588733767	0.781989052405242	0.8501798	45597
"GO:0045598"	"regulation of fat cell differentiation"	-3.1931419704811828	3.8822398480188234	0.018765354842670074	0.8378888718625545	0.74390242	45597
"GO:0045619"	"regulation of lymphocyte differentiation"	-4.279840696594043	4.074779882331932	0.029235950265114788	0.7560944652367351	0.93647579	45597
"GO:0045621"	"positive regulation of lymphocyte differentiation"	-3.600326278518962	3.8879547038088016	0.019013951489982465	0.7129274932754507	0.9714494	45597
"GO:0045637"	"regulation of myeloid cell differentiation"	-5.686132779630847	4.15642799231805	0.035283494447753874	0.7578733771096408	0.94779049	45597
"GO:0045639"	"positive regulation of myeloid cell differentiation"	-4.598599459218456	3.8684680990209865	0.018179552842072556	0.7214968011011779	0.93796289	45597
"GO:0045687"	"positive regulation of glial cell differentiation"	-3.217527375833714	3.204662511748219	0.003940626062842968	0.7501244242640513	0.90088697	45597
"GO:0050767"	"regulation of neurogenesis"	-6.056505484093897	4.797641413381151	0.15445728127519348	0.7509779955234366	0.87087851	45597
"GO:0050769"	"positive regulation of neurogenesis"	-4.543633966870957	4.47872517886946	0.0741113371344171	0.7065931157861004	0.91382189	45597
"GO:0050776"	"regulation of immune response"	-3.812479279163537	5.121280729337815	0.3254253180966397	0.77864471969157	0.92993494	45597
"GO:0050851"	"antigen receptor-mediated signaling pathway"	-3.00436480540245	4.416873399776797	0.06427330941849994	0.6515154255832096	0.92062408	45597
"GO:0050863"	"regulation of T cell activation"	-5.20342566678957	4.503994848765824	0.07855161784482853	0.7604846681765045	0.95621901	45597
"GO:0050864"	"regulation of B cell activation"	-3.9172146296835497	4.2071764070951625	0.03965731862868576	0.7700425411804026	0.91143042	45597
"GO:0050866"	"negative regulation of cell activation"	-4.247951552180561	4.348655273245765	0.054930013644263906	0.7460552591755731	0.92515933	45597
"GO:0050867"	"positive regulation of cell activation"	-5.716698771296451	4.514149134475438	0.08040993931731226	0.7163376201751607	0.95055028	45597
"GO:0051147"	"regulation of muscle cell differentiation"	-3.593459819566045	3.966188680956137	0.022767514729105216	0.8360450980631158	0.75370899	45597
"GO:0051249"	"regulation of lymphocyte activation"	-5.847711655616943	4.673269794418788	0.11599371882419596	0.7549292230923114	0.85299892	45597
"GO:0051251"	"positive regulation of lymphocyte activation"	-5.860120913598763	4.472975734594228	0.07313664136871703	0.7070989457878851	0.95133351	45597
"GO:0051962"	"positive regulation of nervous system development"	-5.459670525209126	4.603955885435382	0.09888239315968357	0.7109167988486752	0.93349872	45597
"GO:0060284"	"regulation of cell development"	-6.105130343254747	4.983062194978853	0.23671815800615842	0.8097726005306332	0.89691887	45597
"GO:1902105"	"regulation of leukocyte differentiation"	-8.649751981665837	4.303044784243365	0.04945350334456022	0.7530595756379771	0.7958027	45597
"GO:1902107"	"positive regulation of leukocyte differentiation"	-7.943095148663527	4.089410510983544	0.030237720913195414	0.7095141882453916	0.93848339	45597
"GO:1903706"	"regulation of hemopoiesis"	-10.555955204081924	4.404149249209695	0.06241744929895991	0.7523314601773127	0.80936936	45597
"GO:1903708"	"positive regulation of hemopoiesis"	-7.147520006363144	4.090963076595732	0.03034602044271765	0.7100801866877574	0.93869693	45597
"GO:1905332"	"positive regulation of morphogenesis of an epithelium"	-4.8124792791635365	3.2931414834509307	0.00483163582845768	0.802568981058112	0.70432657	45597
"GO:0045685"	"regulation of glial cell differentiation"	-5.429457060118103	3.4638929889859074	0.0071600757131856305	0.8464847182615337	0.69860132	null
"GO:0045744"	"negative regulation of G protein-coupled receptor signaling pathway"	-3.3767507096020997	3.910464315995614	0.020025567549837843	0.7920732757169822	0.56894989	null
"GO:0045760"	"positive regulation of action potential"	-6.4179366370882915	2.745855195173729	0.0013685122366900002	0.814046607987661	0.62613666	null
"GO:0045761"	"regulation of adenylate cyclase activity"	-3.835647144215563	4.186956335465412	0.03785314692096315	0.841470945202151	0.65544081	null
"GO:0007190"	"activation of adenylate cyclase activity"	-3.9469215565165805	3.8125122842899826	0.015981564663360016	0.8470160334966168	0.9351671	45761
"GO:0031281"	"positive regulation of cyclase activity"	-3.0574958938319194	4.011612729219424	0.02527809473166601	0.8432543268275028	0.96169668	45761
"GO:0051349"	"positive regulation of lyase activity"	-3.0574958938319194	4.011570443597278	0.02527563337872232	0.8432556472885577	0.9615238	45761
"GO:0045793"	"positive regulation of cell size"	-3.2932822176632413	3.1341771075767664	0.003349901356358076	0.8608814508396542	0.41930824	null
"GO:0045822"	"negative regulation of heart contraction"	-3.7931741239681505	3.0394141191761372	0.0026927201203936334	0.7839901767174259	0.62076587	null
"GO:0002026"	"regulation of the force of heart contraction"	-3.2441251443275085	3.048053173115609	0.0027468698851547484	0.7903971913280067	0.71555571	45822
"GO:0045834"	"positive regulation of lipid metabolic process"	-14.96657624451305	4.117337595095921	0.03224618491524405	0.7826084548400755	0.43859733	null
"GO:0019217"	"regulation of fatty acid metabolic process"	-4.882728704344236	4.094610863032137	0.0306020011488611	0.8344948093455072	0.84939666	45834
"GO:0019218"	"regulation of steroid metabolic process"	-11.335358024443874	3.8683504996479683	0.018174630136185182	0.848538388982296	0.82281983	45834
"GO:0031392"	"regulation of prostaglandin biosynthetic process"	-3.2932822176632413	3.0068937079479006	0.0024982732378423566	0.8547233032440775	0.98974508	45834
"GO:0042304"	"regulation of fatty acid biosynthetic process"	-3.3260580013659125	3.8881233072979087	0.019021335548813526	0.8379880396058487	0.9155742	45834
"GO:0045540"	"regulation of cholesterol biosynthetic process"	-5.197226274708024	3.3935752032695876	0.006089387182681763	0.8515440504289735	0.93397415	45834
"GO:0045833"	"negative regulation of lipid metabolic process"	-4.391473966422806	3.9482172935599706	0.021844507375222574	0.8142613824369257	0.83200921	45834
"GO:0045923"	"positive regulation of fatty acid metabolic process"	-4.22548303427145	3.6554265877459184	0.011130238011352843	0.783824437317776	0.91349076	45834
"GO:0045940"	"positive regulation of steroid metabolic process"	-4.896196279044043	3.182414652434554	0.0037437178273480036	0.8054134749961934	0.9099684	45834
"GO:0046889"	"positive regulation of lipid biosynthetic process"	-6.279840696594043	3.9204885646582976	0.020493224609138383	0.7856094665142092	0.86034484	45834
"GO:0046890"	"regulation of lipid biosynthetic process"	-11.568636235841012	4.419096217377991	0.06460313071295401	0.8357748650784096	0.89065116	45834
"GO:0050810"	"regulation of steroid biosynthetic process"	-9.804100347590767	3.8158432906632664	0.016104632310544372	0.8477124746489791	0.81688809	45834
"GO:0050994"	"regulation of lipid catabolic process"	-7.443697499232713	3.757547853469244	0.014081400190833615	0.8491626409525322	0.81040172	45834
"GO:0050995"	"negative regulation of lipid catabolic process"	-3.6716203965612624	3.0707764628434346	0.0028945510617759715	0.8324024007698839	0.74106143	45834
"GO:0050996"	"positive regulation of lipid catabolic process"	-3.3419886033428874	3.467608105583633	0.007221609536777806	0.7976736544295392	0.89157208	45834
"GO:0090181"	"regulation of cholesterol metabolic process"	-4.954677021213342	3.502563669107363	0.00782710236092482	0.8507188895173257	0.94686477	45834
"GO:0106118"	"regulation of sterol biosynthetic process"	-5.197226274708024	3.41077723337721	0.006335522477050467	0.8554734692902387	0.93598542	45834
"GO:1903725"	"regulation of phospholipid metabolic process"	-6.090979145788844	3.5171958979499744	0.00809538983178671	0.8357992369534547	0.78471006	45834
"GO:1903727"	"positive regulation of phospholipid metabolic process"	-7.424812155072339	3.1835545336188615	0.0037535632391227525	0.7885025868667724	0.75162569	45834
"GO:2001279"	"regulation of unsaturated fatty acid biosynthetic process"	-4.119186407719209	3.0511525224473814	0.002766560708704245	0.8541816883887352	0.73925324	45834
"GO:2001280"	"positive regulation of unsaturated fatty acid biosynthetic process"	-3.500312917381596	3.0013009330204183	0.0024662756495744246	0.7993532645309257	0.81170497	45834
"GO:0045930"	"negative regulation of mitotic cell cycle"	-4.7544873321858505	5.017250432271011	0.2561062351435813	0.8050345599928482	0.64136066	null
"GO:0007346"	"regulation of mitotic cell cycle"	-3.562249437179612	5.251499516029417	0.43920874197740467	0.8369652167693012	0.80412683	45930
"GO:0010948"	"negative regulation of cell cycle process"	-3.2941362877160807	5.132963726130726	0.3342984954586315	0.8015758233997358	0.96886938	45930
"GO:0045786"	"negative regulation of cell cycle"	-3.262012673666569	5.185403317076684	0.37720233862004054	0.800889588237934	0.83241051	45930
"GO:0045787"	"positive regulation of cell cycle"	-3.4111682744057927	4.715961582542223	0.12797558495406453	0.7780603348685284	0.72560575	45930
"GO:0045931"	"positive regulation of mitotic cell cycle"	-4.248720896016658	4.366217435946096	0.05719691970539968	0.7886245595044876	0.80455676	45930
"GO:1901988"	"negative regulation of cell cycle phase transition"	-3.744727494896694	5.100980197353255	0.3105636690226573	0.8024699672014245	0.94688418	45930
"GO:1901991"	"negative regulation of mitotic cell cycle phase transition"	-4.153662887870195	4.836577274840649	0.16894480470173548	0.8103107217720611	0.9002083	45930
"GO:1902807"	"negative regulation of cell cycle G1/S phase transition"	-3.6439741428068775	3.893095666096228	0.019240395960801675	0.8341027626868097	0.90139887	45930
"GO:2000045"	"regulation of G1/S transition of mitotic cell cycle"	-3.1062382379420566	4.194264516025517	0.03849556003926547	0.860012928514902	0.94058907	45930
"GO:2000134"	"negative regulation of G1/S transition of mitotic cell cycle"	-3.688246138944246	3.884285462339675	0.018853963548642806	0.8341391322310858	0.76447647	45930
"GO:0046395"	"carboxylic acid catabolic process"	-16.621602099051863	5.899683738300032	1.9536964376986525	0.9177160484787334	0.62874754	null
"GO:0006544"	"glycine metabolic process"	-4.374687549038326	4.887988429743501	0.19017643519397995	0.9405856469810311	0.79971363	46395
"GO:0006545"	"glycine biosynthetic process"	-4.380906669373258	4.567872944364566	0.09099867968105395	0.9393546303142224	0.75495353	46395
"GO:0009062"	"fatty acid catabolic process"	-8.068033885271827	5.315491728479956	0.5089364095191151	0.9099261871785925	0.87307271	46395
"GO:0009071"	"serine family amino acid catabolic process"	-5.709965388637482	4.930291746364134	0.2096334302138261	0.929368717720495	0.75356689	46395
"GO:0016054"	"organic acid catabolic process"	-16.621602099051863	5.920987401179975	2.051921649622372	0.9181073451733751	0.88862099	46395
"GO:0044242"	"cellular lipid catabolic process"	-7.34008379993015	5.535267529770699	0.8441899099198973	0.933730036434277	0.75447986	46395
"GO:0072329"	"monocarboxylic acid catabolic process"	-8.767003889607846	5.504710032396752	0.7868330022731579	0.921691578145139	0.86708273	46395
"GO:1901606"	"alpha-amino acid catabolic process"	-6.341035157335565	5.5969301102663245	0.9729777413453785	0.9202414486391303	0.88857206	46395
"GO:0046427"	"positive regulation of receptor signaling pathway via JAK-STAT"	-10.007004901568658	3.765221366304981	0.014332458191089695	0.766200757675852	0.43349078	null
"GO:0046425"	"regulation of receptor signaling pathway via JAK-STAT"	-8.787812395596042	3.933892035764211	0.021135637727440704	0.818804416044884	0.97532625	46427
"GO:1904894"	"positive regulation of receptor signaling pathway via STAT"	-9.903089986991944	3.784902449886655	0.014997023485885198	0.7656092005579853	0.95386833	46427
"GO:0046439"	"L-cysteine metabolic process"	-3.7399286120149253	3.880927865267085	0.018708743724965272	0.9483166816459192	0.26783834	null
"GO:0046677"	"response to antibiotic"	-26.876148359032914	5.115703683637	0.32127301568063965	0.8710083081520619	0.57629611	null
"GO:0046683"	"response to organophosphorus"	-9.692503962086787	3.9587071910872846	0.022378620964002664	0.8915937676874768	0.45920066	null
"GO:0046717"	"acid secretion"	-5.0695604052333	3.24551266781415	0.004329519827945522	0.9781613641696573	0.64278401	null
"GO:0046777"	"protein autophosphorylation"	-12.301029995663981	4.959513609718711	0.22422433046400295	0.9618024722732352	0.55396993	null
"GO:0046885"	"regulation of hormone biosynthetic process"	-4.2839966563652006	3.0362295440862948	0.002673029296844137	0.8404152103604048	0.69783825	null
"GO:0046903"	"secretion"	-18.882728704344235	5.504394735350103	0.7862619683902224	0.9764435340919555	0.34980409	null
"GO:0046942"	"carboxylic acid transport"	-10.636388020107855	5.654939497755384	1.1120195691342598	0.9701706607306891	0.36594746	null
"GO:0015701"	"bicarbonate transport"	-5.3788237182249645	4.327174958937619	0.05227913652391295	0.9768639109410368	0.70590012	46942
"GO:0015718"	"monocarboxylic acid transport"	-10.640164517660113	5.142849174377076	0.3419951461135409	0.973032419540791	0.87296883	46942
"GO:0071715"	"icosanoid transport"	-6.537602002101044	4.223106380928587	0.04113905310078537	0.9770014008883209	0.72259769	46942
"GO:0046950"	"cellular ketone body metabolic process"	-3.2932822176632413	4.173594138754633	0.03670615644920498	0.9563778500106714	0.28355482	null
"GO:0048008"	"platelet-derived growth factor receptor signaling pathway"	-4.3260580013659125	3.712144414214886	0.012683351718819371	0.8013953821525742	0.42030486	null
"GO:0048015"	"phosphatidylinositol-mediated signaling"	-4.185086818724926	4.51813211935716	0.08115080655336206	0.785489847430838	0.383208	null
"GO:0048146"	"positive regulation of fibroblast proliferation"	-4.089909454405932	3.3636119798921444	0.0056832639469734	0.8056010994189218	0.69304437	null
"GO:0048265"	"response to pain"	-8.85078088734462	3.1812717715594614	0.003733872415573256	0.8767964514213463	0.43705016	null
"GO:0001662"	"behavioral fear response"	-3.446116973356126	3.1000257301078626	0.00309638200315831	0.8662011292519094	0.91071622	48265
"GO:0042596"	"fear response"	-5.924453038607469	3.1649473726218416	0.0035960366507267806	0.8770392109178341	0.91738537	48265
"GO:0048384"	"retinoic acid receptor signaling pathway"	-3.3010299956639813	3.7570162347313008	0.014064170720227807	0.7595875009294668	0.68255007	null
"GO:0048511"	"rhythmic process"	-17.769551078621728	4.754172441415161	0.13974577473077598	1	-0	null
"GO:0048518"	"positive regulation of biological process"	-18.55129368009492	6.254081146921754	4.418295905918426	0.8193887318305179	0.28075942	null
"GO:0048519"	"negative regulation of biological process"	-17.413412695328244	6.277663755515925	4.664847168934615	0.8184846773356536	0.31330319	null
"GO:0048523"	"negative regulation of cellular process"	-14.866461091629782	6.242988908587792	4.3068778422165455	0.7652868880776538	0.30931002	null
"GO:0009892"	"negative regulation of metabolic process"	-6.169411331314856	6.0749761643750535	2.9251604469836634	0.761605578222757	0.87531209	48523
"GO:0010605"	"negative regulation of macromolecule metabolic process"	-4.127261172527331	6.054110682922082	2.787944943078998	0.7605063570389015	0.86905854	48523
"GO:0048534"	"hematopoietic or lymphoid organ development"	-4.467245621007502	3.7779340488377793	0.014758272250347556	0.9049705417040753	0.59707017	null
"GO:0048538"	"thymus development"	-3.694648630553376	3.3113299523037933	0.005038389475727392	0.9096219295184521	0.84356127	48534
"GO:0048568"	"embryonic organ development"	-3.337242168318426	4.675521720607797	0.11659675029539926	0.9056351668060976	0.63691534	null
"GO:0048583"	"regulation of response to stimulus"	-23.149353764816933	5.966331372378243	2.2777433981468276	0.829699171796373	0.25215206	null
"GO:0048584"	"positive regulation of response to stimulus"	-27.059981844992336	5.541162220926623	0.8557262711669584	0.7250757961462889	0.60806339	null
"GO:0009891"	"positive regulation of biosynthetic process"	-7.97061622231479	5.913378280293256	2.016283720350727	0.7284566650611245	0.89884332	48584
"GO:0009893"	"positive regulation of metabolic process"	-19.899629454882437	6.06847677870949	2.881710183468756	0.7268782975768884	0.71778449	48584
"GO:0010557"	"positive regulation of macromolecule biosynthetic process"	-5.0385789059335515	5.9062655275718985	1.9835304967290837	0.7184985119884892	0.97650792	48584
"GO:0010604"	"positive regulation of macromolecule metabolic process"	-10.903089986991944	6.036854366586578	2.6793402057917506	0.7223254758091157	0.93347054	48584
"GO:0031325"	"positive regulation of cellular metabolic process"	-17.11125903931711	5.9756385661812965	2.327083679255978	0.7179496982598097	0.81605367	48584
"GO:0031328"	"positive regulation of cellular biosynthetic process"	-7.24184537803261	5.908930344450636	1.995738807329771	0.7187026358283449	0.89764383	48584
"GO:0032101"	"regulation of response to external stimulus"	-23.045275209020936	5.1257544437096305	0.3287949102765473	0.8076395253768783	0.70541642	48584
"GO:0045893"	"positive regulation of DNA-templated transcription"	-4.723538195826756	5.793807839906026	1.531020603443994	0.7232154568987806	0.94526507	48584
"GO:0045935"	"positive regulation of nucleobase-containing compound metabolic process"	-4.605548319173784	5.86603259646637	1.8080311091383094	0.7302447359172342	0.88623769	48584
"GO:0045944"	"positive regulation of transcription by RNA polymerase II"	-5.1700533040583645	5.609050934447659	1.0005153580793493	0.7322011794266363	0.89805965	48584
"GO:0048522"	"positive regulation of cellular process"	-17.09312646527793	6.174251169289501	3.6764170538087693	0.7274516617968139	0.87053528	48584
"GO:0048585"	"negative regulation of response to stimulus"	-14.51999305704285	5.495058433016688	0.7695395364908127	0.7612442538034788	0.76771907	48584
"GO:0051254"	"positive regulation of RNA metabolic process"	-4.028724151261895	5.849151506011876	1.7391009199503533	0.7299307849123658	0.95746444	48584
"GO:0080134"	"regulation of response to stress"	-17.02594909720712	5.2680839618417785	0.45630529952425497	0.8030832612466419	0.72819158	48584
"GO:1902680"	"positive regulation of RNA biosynthetic process"	-4.7121982700697735	5.793886030659488	1.531296274973687	0.7232781012600498	0.95266769	48584
"GO:0048589"	"developmental growth"	-5.08460016478773	4.621404797687649	0.10293624145793613	0.9727202757884488	0.60915281	null
"GO:0048609"	"multicellular organismal reproductive process"	-4.958607314841775	5.047928737891978	0.2748518991627019	0.9903941480866976	0.61042131	null
"GO:0003006"	"developmental process involved in reproduction"	-3.5072396109731625	5.217189050287228	0.4058451028257267	0.9612662245363912	0.79215481	48609
"GO:0048608"	"reproductive structure development"	-3.2765443279648143	4.767474973821422	0.14409252402932732	0.9014993379429566	0.72621074	48609
"GO:0048634"	"regulation of muscle organ development"	-4.928117992693875	3.595606434865603	0.00969773059812698	0.8539057139483642	0.55941354	null
"GO:0048638"	"regulation of developmental growth"	-6.735182176990463	4.6391875599357535	0.10723868640350111	0.8278343419951922	0.66639043	null
"GO:0001558"	"regulation of cell growth"	-4.0301183562535	4.6858312746260635	0.11939776994531513	0.8463278399541729	0.92039184	48638
"GO:0040014"	"regulation of multicellular organism growth"	-5.266802734893431	3.6377898293622293	0.010687194481489174	0.7951302657417408	0.78140286	48638
"GO:0045927"	"positive regulation of growth"	-5.162411561764489	4.411905774756818	0.06354228759422491	0.796812106660918	0.879506	48638
"GO:0046620"	"regulation of organ growth"	-4.335358024443875	3.937517892017347	0.02131285513938617	0.7871483995831173	0.81667573	48638
"GO:0046622"	"positive regulation of organ growth"	-3.465973893943865	3.2884728005997825	0.004779947416640252	0.7560943467603936	0.74394807	48638
"GO:0048639"	"positive regulation of developmental growth"	-5.086186147616283	4.076676845705642	0.029363940618186517	0.7795169890289585	0.83415679	48638
"GO:0048732"	"gland development"	-7.341988603342887	4.382953100015041	0.05944413494298596	0.9699883783952967	0.57832382	null
"GO:0048771"	"tissue remodeling"	-5.208309350979882	3.9413623357117613	0.021502379316050074	0.9334812159332603	0.49619645	null
"GO:0048856"	"anatomical structure development"	-16.3585258894959	6.122977274352911	3.2670128346264704	0.9638167020137667	-0	null
"GO:0007275"	"multicellular organism development"	-4.480172006224281	5.950369236249014	2.195546516592399	0.8875595374903215	0.86661767	48856
"GO:0009653"	"anatomical structure morphogenesis"	-6.6439741428068775	5.775654130082595	1.4683422507330033	0.9648428448427077	0.82099838	48856
"GO:0009887"	"animal organ morphogenesis"	-3.2984320149440727	5.101592432084546	0.31100178984663357	0.9656582328926833	0.73911231	48856
"GO:0009888"	"tissue development"	-3.1487416512809245	5.408885837145902	0.631041667702486	0.967265467599977	0.73930168	48856
"GO:0030154"	"cell differentiation"	-10.219682687859848	5.923255938243652	2.06266791657451	0.9572459466175472	0.85920872	48856
"GO:0048468"	"cell development"	-3.8728952016351923	5.631230628305685	1.0529397144269397	0.9585445035164324	0.89520269	48856
"GO:0048513"	"animal organ development"	-16.168770306132938	5.626726235442988	1.042075302533505	0.9658676656324584	0.7857413	48856
"GO:0048646"	"anatomical structure formation involved in morphogenesis"	-6.603800652904264	5.228431158637907	0.41648799295422956	0.9673176591873299	0.70479507	48856
"GO:0048731"	"system development"	-3.5421181032660076	5.901913628675514	1.963753525826558	0.8872175576546187	0.85346525	48856
"GO:0048869"	"cellular developmental process"	-13.156144577376839	5.933789366689749	2.113307792037927	0.9589984282630973	0.86207197	48856
"GO:0048870"	"cell motility"	-12.219682687859848	5.531902785916386	0.8376747086779577	0.9939658496739716	-0	null
"GO:0048878"	"chemical homeostasis"	-42.93930215964639	5.782903837869686	1.4930591569935086	0.9719027082858959	-0	null
"GO:0006873"	"intracellular monoatomic ion homeostasis"	-32.32057210338788	5.596974053521058	0.9730761954631258	0.9707522456618948	0.9690419	48878
"GO:0006874"	"intracellular calcium ion homeostasis"	-26.197226274708026	5.034492091614136	0.26647837644827854	0.9731101591573214	0.76423935	48878
"GO:0019725"	"cellular homeostasis"	-36.22621355501881	5.779076036136566	1.4799573752742623	0.971924134311531	0.91989953	48878
"GO:0030003"	"intracellular monoatomic cation homeostasis"	-31.69680394257951	5.594628972065761	0.9678359750460162	0.9706041857448814	0.90914099	48878
"GO:0048871"	"multicellular organismal-level homeostasis"	-7.798602875679548	4.646687934336095	0.10910685328775957	0.9082368968812804	0.70233976	48878
"GO:0050801"	"monoatomic ion homeostasis"	-36.54515513999149	5.666189327431937	1.1412013696346135	0.9711857935277982	0.89234402	48878
"GO:0051480"	"regulation of cytosolic calcium ion concentration"	-26.73754891026957	4.3310019048442046	0.05274187087732612	0.976033694002878	0.87155688	48878
"GO:0055074"	"calcium ion homeostasis"	-26.165579296318466	5.051488247049932	0.27711388251795027	0.9733685205673024	0.77319972	48878
"GO:0055080"	"monoatomic cation homeostasis"	-34.3585258894959	5.657036720520181	1.1174025480221035	0.9704536632377369	0.9684689	48878
"GO:0055082"	"intracellular chemical homeostasis"	-34.58335949266172	5.653591632098624	1.1085736750130981	0.9712413779265857	0.92289349	48878
"GO:0055088"	"lipid homeostasis"	-3.4828041020500256	4.806295318137176	0.1575659700430702	0.9753556928911716	0.72655963	48878
"GO:0098771"	"inorganic ion homeostasis"	-35.24795155218056	5.605056036739983	0.9913542024229459	0.9715261259838749	0.91154309	48878
"GO:0050789"	"regulation of biological process"	-5.507239610973163	7.03498324614998	26.67823535368239	0.792967161668586	0.57915128	null
"GO:0050793"	"regulation of developmental process"	-20.585026652029182	5.763972018350213	1.4293716495756061	0.8362391199847298	0.23698226	null
"GO:0050794"	"regulation of cellular process"	-4.790484985457369	7.003509775209796	24.81324853742716	0.7849702503410636	0.67600498	null
"GO:0050795"	"regulation of behavior"	-10.18309616062434	3.791971201020768	0.015243158780253906	0.8047699300455396	0.65736866	null
"GO:0050804"	"modulation of chemical synaptic transmission"	-17.26121944151563	5.00094573149735	0.24666940795748515	0.8138982887094725	0.69823127	null
"GO:0032228"	"regulation of synaptic transmission, GABAergic"	-5.777283528852417	3.4574276929464847	0.007054237536607087	0.8505347241695396	0.76969224	50804
"GO:0032230"	"positive regulation of synaptic transmission, GABAergic"	-4.119186407719209	3.3248994970523134	0.005198377417067051	0.79588756790449	0.75488561	50804
"GO:0046928"	"regulation of neurotransmitter secretion"	-3.705533773838407	4.200275799111851	0.03903213498098925	0.7666346768185937	0.86474144	50804
"GO:0048167"	"regulation of synaptic plasticity"	-5.607303046740334	4.398963736125521	0.061676582062910115	0.8042400328164664	0.89427554	50804
"GO:0050805"	"negative regulation of synaptic transmission"	-4.954677021213342	3.4892551683692603	0.007590812478330863	0.8206953976825605	0.77333479	50804
"GO:0050806"	"positive regulation of synaptic transmission"	-7.486782399932061	4.315676520348013	0.05091308564016664	0.7676448795113578	0.88165322	50804
"GO:0050817"	"coagulation"	-3.493494967595128	4.484356792265614	0.07507864884128611	0.9283704925499084	0.54928722	null
"GO:0050818"	"regulation of coagulation"	-13.935542010773082	3.966939163021113	0.02280689637620421	0.8002941282204766	0.67636651	null
"GO:0050820"	"positive regulation of coagulation"	-3.835647144215563	3.4533183400470375	0.006987781007127537	0.7607720661864933	0.62347	null
"GO:0050872"	"white fat cell differentiation"	-3.1112590393171073	2.7686381012476144	0.0014423528250006117	0.9741943068844676	0.43069501	null
"GO:0050878"	"regulation of body fluid levels"	-22.723538195826755	4.633306827560638	0.10579633357850049	0.8377880855661377	0.5330988	null
"GO:0050879"	"multicellular organismal movement"	-3.9244530386074694	3.9157163379459936	0.02026924149126286	0.9337045368046477	0.49394147	null
"GO:0050882"	"voluntary musculoskeletal movement"	-4.380906669373258	2.315970345456918	0.0005070387063995324	0.9345069951731286	0.38474709	null
"GO:0001964"	"startle response"	-3.500312917381596	3.0429690733931802	0.002714872296886817	0.868634377117646	0.83714834	50882
"GO:0050881"	"musculoskeletal movement"	-3.9244530386074694	3.8867162741164782	0.01895980172522135	0.9213004790319238	0.81897809	50882
"GO:0050885"	"neuromuscular process controlling balance"	-3.0604807473813813	3.5233562066547925	0.00821107342014	0.9248694241124362	0.88868367	50882
"GO:0050886"	"endocrine process"	-8.226213555018807	3.8949249773595436	0.01932162060794335	0.92375339303315	0.59109969	null
"GO:0050890"	"cognition"	-19.943095148663527	4.162982370585433	0.03582006938947765	0.9202925380416952	0.61641948	null
"GO:0050896"	"response to stimulus"	-52.732828271596986	6.83782868559364	16.94347616187058	1	-0	null
"GO:0050905"	"neuromuscular process"	-4.721246399047171	4.138365863678996	0.03384606432864063	0.9205553900235101	0.61400425	null
"GO:0050909"	"sensory perception of taste"	-3.2441251443275085	4.243608460959357	0.0431278262792845	0.9191193417601573	0.62446475	null
"GO:0050951"	"sensory perception of temperature stimulus"	-3.171984935776023	2.9020028913507296	0.0019616982961185793	0.931574693494222	0.50882455	null
"GO:0050955"	"thermoception"	-4.145086977692144	2.4983105537896004	0.0007728648243177339	0.9346075199716851	0.48620791	null
"GO:0050974"	"detection of mechanical stimulus involved in sensory perception"	-4.54515513999149	3.482873583608754	0.0074800515958649465	0.8494940820494765	0.55465209	null
"GO:0050966"	"detection of mechanical stimulus involved in sensory perception of pain"	-3.9244530386074694	2.576341350205793	0.0009254687068263311	0.8648059111702486	0.78272283	50974
"GO:0050982"	"detection of mechanical stimulus"	-4.035269078946371	4.023170121121397	0.025959889497067325	0.9060208014900611	0.87244686	50974
"GO:0071260"	"cellular response to mechanical stimulus"	-3.8068754016455384	3.551327988003846	0.008757493773638526	0.9045286903095856	0.88026297	50974
"GO:0051049"	"regulation of transport"	-37.35359627377693	5.454931710220159	0.7016234247156559	0.7669477737180381	0.21704104	null
"GO:0002791"	"regulation of peptide secretion"	-17.939302159646388	4.175221800343053	0.036843992214051456	0.7961530145263973	0.85895407	51049
"GO:0002792"	"negative regulation of peptide secretion"	-8.191114132640188	3.564073978977147	0.009018397185669354	0.7831440136675367	0.9177348	51049
"GO:0002793"	"positive regulation of peptide secretion"	-5.528708288941061	3.8637985386805003	0.01798510595952128	0.7481113188646376	0.95605944	51049
"GO:0010959"	"regulation of metal ion transport"	-13.512861624522813	4.850787097711307	0.174564073472173	0.7797324133992595	0.8845045	51049
"GO:0014059"	"regulation of dopamine secretion"	-3.549750891680639	4.186164961727415	0.03778422903853992	0.7909715491383302	0.96704559	51049
"GO:0022898"	"regulation of transmembrane transporter activity"	-8.087246696328677	4.780835563373373	0.14859433856333093	0.746393866700544	0.99580224	51049
"GO:0030100"	"regulation of endocytosis"	-6.226945306635737	4.484897472816146	0.0751721802531462	0.7850748781757114	0.76715447	51049
"GO:0032024"	"positive regulation of insulin secretion"	-4.681936665037238	3.726645720240912	0.013114088483964604	0.7014774087415061	0.98150123	51049
"GO:0032386"	"regulation of intracellular transport"	-4.364516253185088	4.518540259958009	0.08122710849461635	0.7869632074240919	0.85476361	51049
"GO:0032410"	"negative regulation of transporter activity"	-3.3233063903751336	4.141763230275788	0.03411189044655883	0.743825585588464	0.89474632	51049
"GO:0032411"	"positive regulation of transporter activity"	-3.1681302257194983	4.32436477820229	0.051941931170627835	0.7107467422024276	0.92146602	51049
"GO:0032412"	"regulation of monoatomic ion transmembrane transporter activity"	-8.555955204081924	4.778288755199132	0.1477254809742094	0.7464781607169743	0.81231135	51049
"GO:0032413"	"negative regulation of ion transmembrane transporter activity"	-3.779891911959945	4.133123575402619	0.03343994109293227	0.7362210213992103	0.99208595	51049
"GO:0032414"	"positive regulation of ion transmembrane transporter activity"	-3.560667306169737	4.308500385085034	0.050078686992256725	0.7019504472105038	0.97242523	51049
"GO:0032811"	"negative regulation of epinephrine secretion"	-3.555955204081924	2.876217840591642	0.0018484760607089751	0.7957906538653015	0.9205574	51049
"GO:0032880"	"regulation of protein localization"	-10.714442690992227	4.947016873694681	0.21786419445751556	0.7767692811173512	0.9202676	51049
"GO:0033604"	"negative regulation of catecholamine secretion"	-6.542118103266008	3.166726055580052	0.003610804768388903	0.7888227499581986	0.87026679	51049
"GO:0034762"	"regulation of transmembrane transport"	-13.168770306132936	5.002813779224673	0.24773271242915798	0.7740625604747651	0.85062857	51049
"GO:0034763"	"negative regulation of transmembrane transport"	-5.289882634888183	4.225438516805497	0.0413605748657172	0.7644996814396512	0.876423	51049
"GO:0034764"	"positive regulation of transmembrane transport"	-4.112382699664264	4.484499141895491	0.07510326237072297	0.7254714105312862	0.87308499	51049
"GO:0034765"	"regulation of monoatomic ion transmembrane transport"	-10.187086643357144	4.900459986731022	0.19571694067021952	0.7720541372942484	0.95871465	51049
"GO:0034766"	"negative regulation of monoatomic ion transmembrane transport"	-4.391473966422806	4.178142069837744	0.03709258886136385	0.7634733687404789	0.98477916	51049
"GO:0034767"	"positive regulation of monoatomic ion transmembrane transport"	-4.107905397309519	4.400002345927956	0.06182426323953134	0.7260751901990137	0.92391381	51049
"GO:0043266"	"regulation of potassium ion transport"	-3.560667306169737	4.4068466330976666	0.06280634306406248	0.7932926341318178	0.8228501	51049
"GO:0043269"	"regulation of monoatomic ion transport"	-28.134896025358874	4.9822576611249465	0.2362800371821821	0.7797889100773723	0.84697081	51049
"GO:0043270"	"positive regulation of monoatomic ion transport"	-19.00524305541237	4.441836474315132	0.06807609971649645	0.7326806007849815	0.76094583	51049
"GO:0043271"	"negative regulation of monoatomic ion transport"	-7.1700533040583645	4.30425349686627	0.04959133910940669	0.7655301367245904	0.86607947	51049
"GO:0046676"	"negative regulation of insulin secretion"	-3.4609239012072233	3.256236533205923	0.004437819357467752	0.7419451329701882	0.96262601	51049
"GO:0046883"	"regulation of hormone secretion"	-21.714442690992225	4.305630775996965	0.04974886569780267	0.7395210756841212	0.87782137	51049
"GO:0046887"	"positive regulation of hormone secretion"	-9.078313524516398	3.9731278535996988	0.02313425631771459	0.6960509130424561	0.94354969	51049
"GO:0046888"	"negative regulation of hormone secretion"	-6.257274868695302	3.66228551572213	0.01130745542329831	0.7329837001203379	0.92809617	51049
"GO:0048259"	"regulation of receptor-mediated endocytosis"	-3.010105436281227	3.986906031380721	0.023880046259651764	0.79936946530581	0.70100679	51049
"GO:0050433"	"regulation of catecholamine secretion"	-8.886056647693163	4.24659704910637	0.04342564998547063	0.7893263940466237	0.86917886	51049
"GO:0050708"	"regulation of protein secretion"	-18.337242168318426	4.319439203046049	0.05135612917003031	0.7859196774883844	0.87986776	51049
"GO:0050709"	"negative regulation of protein secretion"	-7.0254883072626715	3.59659709562646	0.009719882774620164	0.7759170243749476	0.91999403	51049
"GO:0050714"	"positive regulation of protein secretion"	-5.856985199745905	3.8705209500127644	0.018265700195101604	0.7401785508017785	0.92980924	51049
"GO:0050796"	"regulation of insulin secretion"	-15.510041520575164	4.045557669136548	0.027333324439644698	0.7416945683633596	0.98089772	51049
"GO:0051046"	"regulation of secretion"	-35.31966448658544	4.996485403548352	0.2441489825431496	0.7793013186246956	0.84949914	51049
"GO:0051047"	"positive regulation of secretion"	-17.217527375833715	4.331022171041829	0.0527443322302698	0.7353860731977941	0.88159172	51049
"GO:0051048"	"negative regulation of secretion"	-16.429457060118104	4.145569297792989	0.034412175505688654	0.7692927186916418	0.85477658	51049
"GO:0051050"	"positive regulation of transport"	-22.962573502059378	4.916648679381189	0.20315022656015438	0.7217337418046974	0.83550391	51049
"GO:0051051"	"negative regulation of transport"	-12.785156151952302	4.67465909631365	0.1163653831186927	0.7615439974811453	0.79576655	51049
"GO:0051222"	"positive regulation of protein transport"	-5.785156151952302	4.227320982548845	0.04154025363060635	0.7331726693331304	0.91591424	51049
"GO:0051223"	"regulation of protein transport"	-13.446116973356126	4.551157116440878	0.08756263097166682	0.7845971083057648	0.92201397	51049
"GO:0051224"	"negative regulation of protein transport"	-5.070581074285707	3.824776462475546	0.01643937631088581	0.7745671374890072	0.96315324	51049
"GO:0051282"	"regulation of sequestering of calcium ion"	-6.72584215073632	4.560253443542344	0.08941602973826317	0.7926952314628333	0.77826675	51049
"GO:0051588"	"regulation of neurotransmitter transport"	-8.402304814074487	4.224248100962593	0.04124735263030759	0.8029381251442724	0.73104951	51049
"GO:0051924"	"regulation of calcium ion transport"	-11.749579997691106	4.4785376378588975	0.07407933954614916	0.7911717500321039	0.89001767	51049
"GO:0051928"	"positive regulation of calcium ion transport"	-7.246416941107094	3.966751664051378	0.022797050964429463	0.7478848661368377	0.78915069	51049
"GO:0051952"	"regulation of amine transport"	-10.384049948343598	4.326458757071222	0.05219298917088391	0.8001090132874794	0.74479512	51049
"GO:0060341"	"regulation of cellular localization"	-11.448550002027124	5.029286354912474	0.26330323115092225	0.7774774698689241	0.8553859	51049
"GO:0060627"	"regulation of vesicle-mediated transport"	-6.029188389127482	5.044363341426878	0.2726046839251156	0.7725919985756148	0.85811921	51049
"GO:0070201"	"regulation of establishment of protein localization"	-13.30539480106643	4.679337030520794	0.11762559582586046	0.7852104115594885	0.79649886	51049
"GO:0090087"	"regulation of peptide transport"	-13.924453038607469	4.175946470095546	0.03690552603764364	0.8042469989682137	0.72472871	51049
"GO:0090276"	"regulation of peptide hormone secretion"	-15.53313237964589	4.172515363010772	0.03661508639028856	0.7406658259256422	0.99902621	51049
"GO:0090277"	"positive regulation of peptide hormone secretion"	-5.384049948343599	3.861175835513029	0.01787680642999905	0.6993209152850571	0.95571023	51049
"GO:0090278"	"negative regulation of peptide hormone secretion"	-4.7121982700697735	3.558708570533166	0.008907636303203436	0.7355505973350792	0.91707667	51049
"GO:1903169"	"regulation of calcium ion transmembrane transport"	-4.257274868695302	4.335979142340353	0.05334982505441682	0.7887652124265633	0.90469682	51049
"GO:1903305"	"regulation of regulated secretory pathway"	-3.204815410317576	4.474886134650251	0.07345907860434002	0.7844514314674351	0.90358068	51049
"GO:1903530"	"regulation of secretion by cell"	-29.15552282425432	4.974695871909683	0.23220157535449268	0.7685831477324911	0.84563317	51049
"GO:1903531"	"negative regulation of secretion by cell"	-12.860120913598763	4.0948552900836805	0.030619230619466913	0.7649648813814361	0.84772527	51049
"GO:1903532"	"positive regulation of secretion by cell"	-11.588380294036769	4.300399811671333	0.0491532182854304	0.7285656684511588	0.87704862	51049
"GO:1903829"	"positive regulation of protein localization"	-3.0074464821678646	4.563303059369412	0.09004613609184706	0.7297321773824959	0.88903776	51049
"GO:1904062"	"regulation of monoatomic cation transmembrane transport"	-8.088309841246138	4.786105176895488	0.1504083556828283	0.775620414733226	0.93906949	51049
"GO:1904063"	"negative regulation of cation transmembrane transport"	-4.185086818724926	4.1709947020363005	0.03648709603721684	0.763481335982443	0.86934563	51049
"GO:1904064"	"positive regulation of cation transmembrane transport"	-3.593459819566045	4.350635608258955	0.055181071644519984	0.7277142656006915	0.97876123	51049
"GO:1904951"	"positive regulation of establishment of protein localization"	-5.555955204081924	4.3404441148401185	0.053901168113802723	0.7369085503194488	0.92507554	51049
"GO:1905952"	"regulation of lipid localization"	-11.404503778174426	4.160138257723402	0.03558624085982738	0.8085752556019796	0.72268369	51049
"GO:2001257"	"regulation of cation channel activity"	-4.910094888560602	4.505177120876829	0.07876575555092931	0.7537590124932511	0.95170102	51049
"GO:2001258"	"negative regulation of cation channel activity"	-3.217527375833714	3.9643539292921934	0.022671521964301423	0.7418898021322743	0.9684429	51049
"GO:0051054"	"positive regulation of DNA metabolic process"	-3.688246138944246	4.48665713133888	0.07547738801816341	0.7834143285391534	0.62664031	null
"GO:0051091"	"positive regulation of DNA-binding transcription factor activity"	-5.943095148663527	4.503082164576042	0.0783867071976015	0.8089683031838627	0.69520734	null
"GO:0051092"	"positive regulation of NF-kappaB transcription factor activity"	-3.1012748184105066	4.264298247190216	0.045232283046136926	0.8154683543438843	0.90228489	51091
"GO:0051093"	"negative regulation of developmental process"	-8.625251653989896	4.8752465228514374	0.1846777727177831	0.7887999204445375	0.69651694	null
"GO:0051094"	"positive regulation of developmental process"	-18.853871964321762	5.12076142698027	0.3250364243315372	0.7520331959673896	0.52839364	null
"GO:0022603"	"regulation of anatomical structure morphogenesis"	-13.025488307262671	5.568935882496253	0.9122389347540132	0.8034232365168738	0.81740158	51094
"GO:0045595"	"regulation of cell differentiation"	-15.411168274405792	5.19929157277753	0.38945987627960205	0.8095725978166025	0.74260171	51094
"GO:0051098"	"regulation of binding"	-5.539102157243452	3.334252642334231	0.005311599652476655	0.8613967789949997	0.56781775	null
"GO:0051099"	"positive regulation of binding"	-6.314258261397736	2.5575072019056577	0.0008860870597273381	0.8697002567535417	0.50611717	null
"GO:0032092"	"positive regulation of protein binding"	-3.856985199745905	1.8976270912904414	0.00019198552960758992	0.8786532169430511	0.8886358	51099
"GO:0043388"	"positive regulation of DNA binding"	-5.51427857351842	1.9590413923210936	0.00022152176493183453	0.8778543173123473	0.79845051	51099
"GO:0051101"	"regulation of DNA binding"	-5.126679398184601	2.1958996524092336	0.00038397105921517984	0.8770521799516247	0.81667094	51099
"GO:0051128"	"regulation of cellular component organization"	-7.8996294548824375	5.772775571313585	1.4586420587819326	0.8289144626354874	0.25676896	null
"GO:0051130"	"positive regulation of cellular component organization"	-8.272458742971443	5.209107337076062	0.3983625898769181	0.7607107070224839	0.60196033	null
"GO:0051148"	"negative regulation of muscle cell differentiation"	-3.6497519816658373	3.4154741681092355	0.006404440359473706	0.8166077154388787	0.54432729	null
"GO:0051174"	"regulation of phosphorus metabolic process"	-26.28819277095881	5.431204493647577	0.664319159501135	0.8215371795499596	0.21564785	null
"GO:0051179"	"localization"	-23.853871964321762	6.901755360044326	19.630402257434774	1	-0	null
"GO:0051239"	"regulation of multicellular organismal process"	-45.05898575629443	5.543332844310566	0.8600139479948613	0.8427965319313332	0.2223941	null
"GO:0051240"	"positive regulation of multicellular organismal process"	-37.08301995267962	5.195669996526704	0.38622565851159724	0.7059996992260246	0.2027298	null
"GO:0001817"	"regulation of cytokine production"	-8.441291429466835	4.770697404733859	0.14516567391277488	0.7566957269493721	0.77989562	51240
"GO:0001819"	"positive regulation of cytokine production"	-8.576754126063193	4.54119220000948	0.08557631914611137	0.7055183521050886	0.74723726	51240
"GO:0001996"	"positive regulation of heart rate by epinephrine-norepinephrine"	-6.910094888560602	3.29928933408768	0.004900553710880918	0.6823501668035108	0.94986616	51240
"GO:0002027"	"regulation of heart rate"	-10.48678239993206	4.072213122603382	0.02906365555905669	0.7624760481394345	0.90841007	51240
"GO:0006937"	"regulation of muscle contraction"	-8.30715308072277	4.259163671340216	0.044700630810300526	0.7808354703156773	0.87471015	51240
"GO:0006940"	"regulation of smooth muscle contraction"	-8.628932137728263	3.7429606702141522	0.013616204484476762	0.7950541831556649	0.91368561	51240
"GO:0008016"	"regulation of heart contraction"	-11.627087997029893	4.34022592125719	0.05387409323142216	0.7782799935275647	0.88585576	51240
"GO:0010460"	"positive regulation of heart rate"	-6.580044251510242	3.5690225860295635	0.00912177400930421	0.7303765560548088	0.79007243	51240
"GO:0016525"	"negative regulation of angiogenesis"	-5.178486471595227	4.018866863150907	0.02570390879092387	0.751783884660421	0.9386555	51240
"GO:0031644"	"regulation of nervous system process"	-8.059483515067432	4.030073230712518	0.026375858144550433	0.7885438397516868	0.84467508	51240
"GO:0032642"	"regulation of chemokine production"	-4.684029654543083	3.6049816296074315	0.009909406951284066	0.7907746682445886	0.80152061	51240
"GO:0032677"	"regulation of interleukin-8 production"	-4.302770657240282	3.5833121519830775	0.009426981774321403	0.7913389985033957	0.79907139	51240
"GO:0032680"	"regulation of tumor necrosis factor production"	-3.96657624451305	3.8185557792978027	0.016205547781235542	0.7850429244889277	0.8264868	51240
"GO:0032722"	"positive regulation of chemokine production"	-3.3344190089820467	3.51067903103221	0.007974783537546043	0.7424463411429773	0.79096979	51240
"GO:0032757"	"positive regulation of interleukin-8 production"	-3.3946949538588904	3.493597449000527	0.007667114419585163	0.74298064679894	0.78908823	51240
"GO:0043502"	"regulation of muscle adaptation"	-5.578396073130169	3.292256071356476	0.004821790416682932	0.7758220057089259	0.76055285	51240
"GO:0044057"	"regulation of system process"	-35.752026733638196	4.786630768031185	0.15059049580066114	0.776210466482982	0.7822692	51240
"GO:0044058"	"regulation of digestive system process"	-4.8124792791635365	3.495821753385906	0.007706496066684156	0.8023576314091988	0.78204496	51240
"GO:0044060"	"regulation of endocrine process"	-5.6252516539898965	3.570893036218392	0.009161155656403202	0.8005276394254096	0.7902797	51240
"GO:0045765"	"regulation of angiogenesis"	-11.330683119433887	4.419790586106362	0.06470650753658887	0.7699435427126791	0.74730747	51240
"GO:0045766"	"positive regulation of angiogenesis"	-8.319664486585436	4.111564935454498	0.03182037085598619	0.7279919650857289	0.95166994	51240
"GO:0045823"	"positive regulation of heart contraction"	-4.8124792791635365	3.642958879409791	0.0108151848345609	0.7475902072797117	0.99043312	51240
"GO:0045933"	"positive regulation of muscle contraction"	-3.0690509688324767	3.339650157613684	0.005378056181956205	0.7576263794847475	0.77754518	51240
"GO:0045987"	"positive regulation of smooth muscle contraction"	-4.2839966563652006	3.266231696689893	0.0045411961811026086	0.7597210529719541	0.76132861	51240
"GO:0050865"	"regulation of cell activation"	-8.567030709125595	4.738931108940746	0.13492644566703674	0.7728125655970759	0.77520614	51240
"GO:0051241"	"negative regulation of multicellular organismal process"	-15.39040559077478	4.98910259929672	0.24003360042130487	0.7369168408524073	0.81374012	51240
"GO:0051960"	"regulation of nervous system development"	-6.661543506395395	4.88899899184618	0.19061947872384363	0.756391186609998	0.80670446	51240
"GO:0061337"	"cardiac conduction"	-3.8632794328435933	3.9291633832050645	0.020906731903677808	0.7895217942989795	0.88970619	51240
"GO:0086091"	"regulation of heart rate by cardiac conduction"	-4.035269078946371	3.7895102040902544	0.015157011427224858	0.7705333215030382	0.89972865	51240
"GO:0090257"	"regulation of muscle system process"	-11.048662481204083	4.310778251612534	0.05034205175723125	0.7804721257380378	0.88177418	51240
"GO:1901342"	"regulation of vasculature development"	-13.393618634889394	4.425159104599705	0.06551136994917453	0.7721225781778477	0.73174511	51240
"GO:1901343"	"negative regulation of vasculature development"	-6.356547323513812	4.022634539944119	0.02592789190879939	0.7520988628619398	0.93917753	51240
"GO:1903522"	"regulation of blood circulation"	-21.136677139879545	4.515357149738369	0.08063392243518777	0.7741843707256411	0.74373141	51240
"GO:1903524"	"positive regulation of blood circulation"	-13.105683937315561	3.643847310299714	0.010837337011054084	0.7484609635566074	0.79844972	51240
"GO:1903555"	"regulation of tumor necrosis factor superfamily cytokine production"	-3.812479279163537	3.827756862978617	0.016552598546295417	0.7847888435164522	0.82759732	51240
"GO:1903670"	"regulation of sprouting angiogenesis"	-3.2211255279972604	3.3298045221640695	0.00525744988771554	0.8000858883123869	0.85202991	51240
"GO:1904018"	"positive regulation of vasculature development"	-9.213958789757445	4.116076171728611	0.03215265350338394	0.7279629868813138	0.95231251	51240
"GO:2000026"	"regulation of multicellular organismal development"	-21.546681659952963	5.217912762744763	0.40652197488524067	0.7479102005496495	0.85249753	51240
"GO:2000181"	"negative regulation of blood vessel morphogenesis"	-5.721246399047171	4.020485585796552	0.025799901555727662	0.751737149438807	0.99891663	51240
"GO:0051246"	"regulation of protein metabolic process"	-16.168770306132938	6.002777101043048	2.477140061467859	0.8065071543555009	0.37473053	null
"GO:0051248"	"negative regulation of protein metabolic process"	-6.962573502059376	5.34683590735996	0.5470258463226723	0.776047399803749	0.69962816	null
"GO:0051262"	"protein tetramerization"	-3.3419886033428874	4.211894423300987	0.04009051674677468	0.9937446627978546	0.25636737	null
"GO:0051339"	"regulation of lyase activity"	-4.253365801062421	4.232869105132614	0.04207436721938644	0.8419887728556824	0.66093167	null
"GO:0051341"	"regulation of oxidoreductase activity"	-13.172630726946174	3.835056101720116	0.016833192781875738	0.8504617680782164	0.61620254	null
"GO:0051353"	"positive regulation of oxidoreductase activity"	-10.818156412055227	3.747489492258673	0.013758962955210613	0.8480552354363154	0.60715724	null
"GO:0032768"	"regulation of monooxygenase activity"	-7.443697499232713	3.2013971243204513	0.003911089827518723	0.8605922450131575	0.91260009	51353
"GO:0032770"	"positive regulation of monooxygenase activity"	-3.939302159646388	3.0515383905153275	0.002769022061647932	0.8606613668853362	0.96589706	51353
"GO:0050999"	"regulation of nitric-oxide synthase activity"	-6.705533773838407	3.040602340114073	0.0027001041792246946	0.8631238911951905	0.89517986	51353
"GO:0051481"	"negative regulation of cytosolic calcium ion concentration"	-4.338187314462739	3.380211241711606	0.0059047857119052345	0.8633332611263369	0.43453594	null
"GO:0051492"	"regulation of stress fiber assembly"	-3.294992040666664	3.965906915495192	0.022752746611443095	0.8644918800494923	0.65312816	null
"GO:0051584"	"regulation of dopamine uptake involved in synaptic transmission"	-3.7399286120149253	2.3344537511509307	0.0005291908828927159	0.8404292702939459	0.69067089	null
"GO:0051940"	"regulation of catecholamine uptake involved in synaptic transmission"	-3.7399286120149253	2.3344537511509307	0.0005291908828927159	0.8404292702939459	0.87776942	51584
"GO:0051608"	"histamine transport"	-3.500312917381596	2.482873583608754	0.0007457899419371763	0.9846760379681961	0.27499018	null
"GO:0051620"	"norepinephrine uptake"	-3.171984935776023	3.0293837776852097	0.0026311862968014573	0.9805824907852314	0.2931443	null
"GO:0015872"	"dopamine transport"	-3.1112590393171073	3.3506356082589543	0.005515891946802681	0.979755527013262	0.9353198	51620
"GO:0051702"	"biological process involved in interaction with symbiont"	-3.294992040666664	3.644143050509919	0.010844721069885144	0.9963891803979628	0.54428115	null
"GO:0051703"	"biological process involved in intraspecies interaction between organisms"	-5.484126156288321	4.679200695727051	0.11758867553170517	1	-0	null
"GO:0051716"	"cellular response to stimulus"	-36.71219827006978	6.749069834706852	13.811589142499587	0.8779881294809535	0.57748882	null
"GO:0051769"	"regulation of nitric-oxide synthase biosynthetic process"	-4.064492734175287	2.5877109650189114	0.0009500822362632016	0.8801009615601678	0.13522996	null
"GO:0051781"	"positive regulation of cell division"	-3.8068754016455384	4.330170175428303	0.05264095540663495	0.7959709755673985	0.45499862	null
"GO:0051791"	"medium-chain fatty acid metabolic process"	-4.119186407719209	3.757623745908389	0.014083861543777304	0.9398150717671149	0.50441492	null
"GO:0051896"	"regulation of phosphatidylinositol 3-kinase/protein kinase B signal transduction"	-13.752026733638193	4.334212409393176	0.05313322599537236	0.8083552266535334	0.61306061	null
"GO:0051930"	"regulation of sensory perception of pain"	-5.505845405981558	2.7528164311882715	0.0013906644131831836	0.8180348703213964	0.6017458	null
"GO:0031645"	"negative regulation of nervous system process"	-4.411168274405793	2.9822712330395684	0.0023604374729958816	0.7862311726645139	0.75683266	51930
"GO:0051931"	"regulation of sensory perception"	-5.3788237182249645	2.781755374652469	0.0014866571779869786	0.8174443229317083	0.73887651	51930
"GO:0051969"	"regulation of transmission of nerve impulse"	-3.7471469690201067	3.003029470553618	0.002476121061349173	0.7865331283492778	0.77499364	51930
"GO:0051953"	"negative regulation of amine transport"	-8.177178354696895	3.3854275148051305	0.005976164947272159	0.7925240514588264	0.63487801	null
"GO:0051954"	"positive regulation of amine transport"	-5.257274868695302	3.402433346219312	0.006214916182809803	0.7664083715681098	0.77832013	51953
"GO:0051970"	"negative regulation of transmission of nerve impulse"	-4.844663962534939	1.9344984512435677	0.00020921500021339932	0.7875913366237366	0.67915465	null
"GO:0055070"	"copper ion homeostasis"	-4.374687549038326	4.53378476429838	0.08412904361522339	0.9755894642397529	0.68615963	null
"GO:0055075"	"potassium ion homeostasis"	-3.0604807473813813	4.46217330470679	0.07133985371982547	0.9758682513969137	0.67627777	null
"GO:0055078"	"sodium ion homeostasis"	-5.139661993429006	4.23809630768141	0.04258386727872966	0.9767012255606999	0.64711585	null
"GO:0055081"	"monoatomic anion homeostasis"	-3.0550240915879523	4.045362102653348	0.02732101767492626	0.977561101684891	0.6239723	null
"GO:0055086"	"nucleobase-containing small molecule metabolic process"	-13.11747546204512	6.310497039098203	5.031190018367107	0.9380728857695877	0.59636014	null
"GO:0055094"	"response to lipoprotein particle"	-4.163675884293248	2.92272545799326	0.0020576910609223743	0.8849973457562054	0.51401968	null
"GO:0060078"	"regulation of postsynaptic membrane potential"	-16.931814138253838	4.801389988015998	0.15579625727655924	0.8298952949587619	0.54982516	null
"GO:0001508"	"action potential"	-4.486782399932061	4.398599635095352	0.06162489365109269	0.8397476301527793	0.79818311	60078
"GO:0051899"	"membrane depolarization"	-7.548213564475709	4.124178055474675	0.032758146327530956	0.8458211007730656	0.76336961	60078
"GO:0086001"	"cardiac muscle cell action potential"	-4.3260580013659125	3.765668554759014	0.014347226308751817	0.8518750894128111	0.7222148	60078
"GO:0086010"	"membrane depolarization during action potential"	-4.163675884293248	4.099438915553507	0.0309441292080336	0.8448663443525757	0.87268233	60078
"GO:0060084"	"synaptic transmission involved in micturition"	-4.145086977692144	1.954242509439325	0.00021906041198814752	0.8301184871473897	0.58004495	null
"GO:0060134"	"prepulse inhibition"	-4.119186407719209	2.48572142648158	0.0007507126478245505	0.7318488229282663	0.66592872	null
"GO:0060149"	"negative regulation of post-transcriptional gene silencing"	-4.064492734175287	3.2938043599193367	0.004839019887288742	0.7783604334769779	0.44676923	null
"GO:0060148"	"positive regulation of post-transcriptional gene silencing"	-3.7351821769904636	3.444513206334043	0.006847483889337375	0.8106919803061605	0.89294869	60149
"GO:0060191"	"regulation of lipase activity"	-8.958607314841775	3.663229634532868	0.011332068952735181	0.8522898801266418	0.59870042	null
"GO:0060193"	"positive regulation of lipase activity"	-10.297569463554474	3.3126004392612596	0.005053157593389515	0.8556050305948937	0.56589623	null
"GO:0010517"	"regulation of phospholipase activity"	-8.671620396561263	3.501333178645566	0.007804950184431637	0.8543713324345471	0.93888915	60193
"GO:0010518"	"positive regulation of phospholipase activity"	-8.742321425130816	3.0729847446279304	0.0029093191794380938	0.8597964486644215	0.89333225	60193
"GO:0060251"	"regulation of glial cell proliferation"	-3.0604807473813813	2.998695158311656	0.0024515075319123023	0.8701473985109501	0.65814825	null
"GO:0060353"	"regulation of cell adhesion molecule production"	-3.500312917381596	2.432969290874406	0.0006645652947955036	0.8945168852185693	0.11903985	null
"GO:0060359"	"response to ammonium ion"	-18.45099673797421	2.437750562820388	0.0006719493536265648	0.8986456184078825	0.19586263	null
"GO:0060402"	"calcium ion transport into cytosol"	-10.18309616062434	2.2278867046136734	0.00041350729453942445	0.8574473024748441	0.37128754	null
"GO:0060405"	"regulation of penile erection"	-4.027797161620936	2.8656960599160706	0.0018041717077226082	0.8244891056803066	0.57224117	null
"GO:2000243"	"positive regulation of reproductive process"	-3.1084625423274357	4.380102654517165	0.059055241177883404	0.8008853530791693	0.71472029	60405
"GO:0060406"	"positive regulation of penile erection"	-3.171984935776023	2.8444771757456815	0.0017180243546935615	0.779032386224643	0.59924973	null
"GO:0061041"	"regulation of wound healing"	-16.429457060118104	4.047158001128309	0.027434239910335865	0.8245271182902909	0.15689841	null
"GO:0010544"	"negative regulation of platelet activation"	-3.4377071355435254	2.747411807886423	0.0013734349425773742	0.7315485673215559	0.83001469	61041
"GO:0030193"	"regulation of blood coagulation"	-14.492144128304169	3.8840019247687874	0.01884165678392437	0.7279315293000186	0.9595657	61041
"GO:0030194"	"positive regulation of blood coagulation"	-3.939302159646388	3.425697213362591	0.006557044241982302	0.7020621634097902	0.95215911	61041
"GO:0030195"	"negative regulation of blood coagulation"	-6.94692155651658	3.697490887171057	0.012262460365448886	0.7102099456194152	0.97578115	61041
"GO:0042730"	"fibrinolysis"	-5.168770306132936	3.4807253789884878	0.00744313130170964	0.717673246142706	0.94919999	61041
"GO:0050819"	"negative regulation of coagulation"	-6.59176003468815	3.8076703012304836	0.015804347251414552	0.7716385744580272	0.96759307	61041
"GO:0061043"	"regulation of vascular wound healing"	-6.87942606879415	2.7134905430939424	0.001270058118942518	0.776865505848372	0.82667962	61041
"GO:0061044"	"negative regulation of vascular wound healing"	-5.527243550682788	2.606381365110605	0.0009919252363058814	0.7545153218784293	0.81631917	61041
"GO:0061045"	"negative regulation of wound healing"	-8.777283528852417	3.7777167386096258	0.014750888191516494	0.7987397517520258	0.94576829	61041
"GO:0090303"	"positive regulation of wound healing"	-5.188424994129407	3.678700434998304	0.011743114894330917	0.7775999003479922	0.93326629	61041
"GO:0090330"	"regulation of platelet aggregation"	-3.175223537524454	3.3586960995738107	0.005619268770437537	0.7951179780194857	0.8851133	61041
"GO:1900047"	"negative regulation of hemostasis"	-6.823908740944319	3.7004441010277516	0.012346146365534244	0.8135476724363128	0.97461015	61041
"GO:1903035"	"negative regulation of response to wounding"	-8.187086643357144	3.830716949436898	0.016665820781705018	0.8009088803714157	0.95259862	61041
"GO:1903036"	"positive regulation of response to wounding"	-5.208309350979882	3.7456992266025058	0.013702351837505811	0.7759348761995912	0.94168927	61041
"GO:0062012"	"regulation of small molecule metabolic process"	-17.872895201635192	4.847214712241026	0.17313402741189082	0.8441128848546395	0.27374882	null
"GO:0062013"	"positive regulation of small molecule metabolic process"	-10.703334809738468	3.9484618700612835	0.02185681413994101	0.7935868301776133	0.42640099	null
"GO:0010565"	"regulation of cellular ketone metabolic process"	-8.66354026615147	4.4752497618479286	0.0735206124279322	0.8378794287067022	0.81154979	62013
"GO:0062014"	"negative regulation of small molecule metabolic process"	-3.209011524911184	4.342047446258668	0.05410053770224137	0.8115782983226109	0.86145893	62013
"GO:1902930"	"regulation of alcohol biosynthetic process"	-9.257274868695301	3.6114046377115936	0.01005708812790529	0.8602483136041091	0.71999414	62013
"GO:0065007"	"biological regulation"	-15.250263684430939	7.055508065118343	27.969320810822822	1	-0	null
"GO:0065008"	"regulation of biological quality"	-94.80687540164554	6.0900643235623235	3.028571729559731	0.8333866718996741	0	null
"GO:0065009"	"regulation of molecular function"	-19.84163750790475	5.770877038060686	1.4522794614225014	0.8435302498472685	0.23746975	null
"GO:0070141"	"response to UV-A"	-5.423658649794207	2.808885867359812	0.0015826499427907736	0.9240910567957364	0.50746198	null
"GO:0070302"	"regulation of stress-activated protein kinase signaling cascade"	-4.935542010773082	3.7670816213633223	0.014393992014681873	0.8149956982349807	0.65914721	null
"GO:0070371"	"ERK1 and ERK2 cascade"	-6.075204004202088	3.229425847920695	0.004171993239549551	0.8181524942570112	0.51721964	null
"GO:0070372"	"regulation of ERK1 and ERK2 cascade"	-16.120330794367945	4.481858091100589	0.07464791207614087	0.8034579726892639	0.63008072	null
"GO:0032872"	"regulation of stress-activated MAPK cascade"	-4.555955204081924	3.763502865467597	0.014275847073384895	0.8140148014418598	0.72223176	70372
"GO:0070304"	"positive regulation of stress-activated protein kinase signaling cascade"	-3.1012748184105066	3.3085644135612386	0.005006391887459461	0.7729094115082399	0.94311945	70372
"GO:0070482"	"response to oxygen levels"	-27.316052869248487	4.571510850866108	0.09176416044654062	0.90579399120024	0.65261068	null
"GO:0006970"	"response to osmotic stress"	-6.764471553092451	4.676748464410772	0.11692657158985334	0.8984211140371021	0.75398892	70482
"GO:0009266"	"response to temperature stimulus"	-11.322393047279506	5.205074381062382	0.3946804058731623	0.8957286416315706	0.73940544	70482
"GO:0009314"	"response to radiation"	-10.077274542006739	5.117069019829141	0.322284631740495	0.8972552857660299	0.82180635	70482
"GO:0009411"	"response to UV"	-3.7375489102695707	4.32333461859905	0.051818863523443476	0.9078467363670103	0.84473564	70482
"GO:0009416"	"response to light stimulus"	-8.1073489661227	5.013852202500837	0.2541100779062511	0.8976994711477899	0.80483705	70482
"GO:0009582"	"detection of abiotic stimulus"	-3.38933983691012	4.57992072059266	0.09355848674248848	0.9053747859242443	0.74055009	70482
"GO:0010212"	"response to ionizing radiation"	-3.1390633792999063	4.231469590430681	0.04193899280748365	0.9092416641911556	0.83174149	70482
"GO:0034644"	"cellular response to UV"	-3.248720896016658	4.040048241547462	0.026988735027528507	0.9032138749578602	0.87720192	70482
"GO:0071214"	"cellular response to abiotic stimulus"	-7.459670525209126	4.812679442785524	0.15989933263368555	0.8931131792829275	0.77369933	70482
"GO:0070633"	"transepithelial transport"	-8.588380294036769	3.2041199826559246	0.003935703356955594	0.9841187938550128	0.20894759	null
"GO:0070661"	"leukocyte proliferation"	-3.657577319177794	3.7893691535914815	0.015152088721337482	0.9955727836091985	0.01101321	null
"GO:0070920"	"regulation of regulatory ncRNA processing"	-6.403402904373539	3.5634810853944106	0.009006090420950918	0.8589108207748334	0.22802588	null
"GO:0060965"	"negative regulation of miRNA-mediated gene silencing"	-4.213958789757446	3.2487087356009177	0.004361517416213454	0.7772803680114112	0.88792214	70920
"GO:0060967"	"negative regulation of gene silencing by regulatory ncRNA"	-4.064492734175287	3.3098430047160705	0.005021160005121583	0.7769985357204761	0.89443062	70920
"GO:1903798"	"regulation of miRNA processing"	-6.403402904373539	3.2860071220794747	0.004752872534259695	0.8636224351416579	0.89188175	70920
"GO:1903799"	"negative regulation of miRNA processing"	-3.5850266520291822	2.9845273133437926	0.002372744237714317	0.7820870739587906	0.96267434	70920
"GO:1903800"	"positive regulation of miRNA processing"	-5.423658649794207	2.8356905714924254	0.0016835654134819424	0.8133772323982541	0.84630018	70920
"GO:2000637"	"positive regulation of miRNA-mediated gene silencing"	-3.835647144215563	3.4375920322539613	0.006739184359815145	0.808226372893253	0.93174809	70920
"GO:0070989"	"oxidative demethylation"	-4.064492734175287	3.688864568054792	0.012021247776967555	0.9906285854623479	0.03139968	null
"GO:0071216"	"cellular response to biotic stimulus"	-8.436518914605589	4.361028625813672	0.056517586292942054	0.9135511657825768	0.61771067	null
"GO:0071229"	"cellular response to acid chemical"	-18.170053304058364	4.228220648868423	0.0416264009836354	0.8737870838663551	0.48201579	null
"GO:0009414"	"response to water deprivation"	-4.027797161620936	3.911743377855932	0.020084640020486332	0.8576065249767891	0.78440877	71229
"GO:0043200"	"response to amino acid"	-7.603800652904264	4.768578908868907	0.14445926561793668	0.8768005560831392	0.89245532	71229
"GO:0071236"	"cellular response to antibiotic"	-4.308034897232639	2.5490032620257876	0.0008688575891215289	0.8990697678246532	0.25551922	null
"GO:0071248"	"cellular response to metal ion"	-10.598599459218455	4.604798253272669	0.09907437868929116	0.8637891464258275	0.61905293	null
"GO:0010039"	"response to iron ion"	-6.075204004202088	4.258589397561461	0.044641558339652034	0.8828443174981183	0.81531098	71248
"GO:0010043"	"response to zinc ion"	-6.480172006224281	4.342027688087472	0.05409807634929769	0.8814339804842761	0.82615982	71248
"GO:0046686"	"response to cadmium ion"	-6.54515513999149	4.053884790394692	0.027862515322537414	0.886164547769916	0.78986362	71248
"GO:0046688"	"response to copper ion"	-5.860120913598763	3.9962051061783246	0.024396930377826045	0.8870659529817582	0.78297751	71248
"GO:0051592"	"response to calcium ion"	-3.238072161579471	4.464534256300944	0.07172874748492802	0.8792997766517546	0.84262182	71248
"GO:0071276"	"cellular response to cadmium ion"	-6.251037138743839	3.4831592097169795	0.007484974301752321	0.883300273053676	0.72662555	71248
"GO:0071287"	"cellular response to manganese ion"	-3.2932822176632413	2.1172712956557644	0.0003199758826793166	0.9006697335122229	0.30813382	null
"GO:0071396"	"cellular response to lipid"	-30.30539480106643	4.900798477444064	0.19586954455272812	0.8490479303551266	0.65601041	null
"GO:0009753"	"response to jasmonic acid"	-3.555955204081924	3.849357981661299	0.017396842605980074	0.863977256154369	0.9619711	71396
"GO:0031663"	"lipopolysaccharide-mediated signaling pathway"	-4.3260580013659125	3.6487502126980194	0.010960404658238438	0.7427960516436102	0.88965395	71396
"GO:0032496"	"response to lipopolysaccharide"	-19.96657624451305	4.367374559874197	0.05734952358790828	0.85220402490984	0.86354824	71396
"GO:0032526"	"response to retinoic acid"	-7.072116589669293	3.8737854608182007	0.018403535959948078	0.8700653678700299	0.7973891	71396
"GO:0034694"	"response to prostaglandin"	-6.690369832574102	3.3975924340381165	0.006145998300386565	0.8803788014215789	0.74249976	71396
"GO:0070542"	"response to fatty acid"	-11.505845405981557	4.011020355516257	0.025243635790454393	0.8676458791223346	0.81474467	71396
"GO:0071219"	"cellular response to molecule of bacterial origin"	-6.438898616350944	4.312388949370592	0.05052911458095146	0.906788306090132	0.98007661	71396
"GO:0071222"	"cellular response to lipopolysaccharide"	-6.966576244513051	4.281374302355047	0.04704630016563428	0.8436700828571428	0.97534246	71396
"GO:0071300"	"cellular response to retinoic acid"	-5.266802734893431	3.5972562829251418	0.009734650892282285	0.8648814013178948	0.76456886	71396
"GO:0071379"	"cellular response to prostaglandin stimulus"	-4.995678626217358	3.3324384599156054	0.0052894474759834715	0.8710463071569672	0.73557058	71396
"GO:0071395"	"cellular response to jasmonic acid stimulus"	-3.555955204081924	3.771881320190099	0.01455397995602153	0.8560335881990043	0.95210553	71396
"GO:0071398"	"cellular response to fatty acid"	-9.628932137728263	3.8901414600645774	0.019109944254786262	0.8589486616788821	0.7994187	71396
"GO:0071798"	"response to prostaglandin D"	-3.555955204081924	1.9242792860618816	0.0002042922943260252	0.888351786968069	0.84507446	71396
"GO:0071799"	"cellular response to prostaglandin D stimulus"	-3.555955204081924	1.9242792860618816	0.0002042922943260252	0.8809635665612987	0.84507446	71396
"GO:0071402"	"cellular response to lipoprotein particle stimulus"	-4.049148541111453	3.0472748673841794	0.0027419471792673746	0.930760008402969	0.21604043	null
"GO:0071404"	"cellular response to low-density lipoprotein particle stimulus"	-5.55129368009492	2.92272545799326	0.0020576910609223743	0.8808052345872864	0.51401968	null
"GO:0071407"	"cellular response to organic cyclic compound"	-28.1944991418416	4.776526850213981	0.14712737220889346	0.8485604581706376	0.6399701	null
"GO:0007191"	"adenylate cyclase-activating dopamine receptor signaling pathway"	-3.2932822176632413	3.3820170425748683	0.005929399241342105	0.7501216216985384	0.88879627	71407
"GO:0007195"	"adenylate cyclase-inhibiting dopamine receptor signaling pathway"	-4.844663962534939	3.3527611917238307	0.005542966829183238	0.7507226343285804	0.79661278	71407
"GO:0007210"	"serotonin receptor signaling pathway"	-17.525783735923746	3.370698092575577	0.0057767953588335075	0.7546091107968439	0.76684913	71407
"GO:0014072"	"response to isoquinoline alkaloid"	-6.85078088734462	3.0008677215312267	0.0024638142966307377	0.8800987473638067	0.93352015	71407
"GO:0014074"	"response to purine-containing compound"	-12.614393726401687	3.9555915504057246	0.022218633022663005	0.8672050829436215	0.83602249	71407
"GO:0031000"	"response to caffeine"	-4.548213564475709	2.5728716022004803	0.00091808464799527	0.8853089869170665	0.86383346	71407
"GO:0031960"	"response to corticosteroid"	-22.31069114087638	3.8361341494653747	0.01687503578191842	0.8635713548190217	0.82090048	71407
"GO:0032355"	"response to estradiol"	-13.1444808443322	3.8687619582120503	0.01819185960679099	0.8640110159392969	0.82497629	71407
"GO:0033198"	"response to ATP"	-3.7351821769904636	3.6634182122526795	0.011336991658622555	0.8645818115530773	0.91258022	71407
"GO:0036314"	"response to sterol"	-3.939302159646388	3.426673888021373	0.006571812359644424	0.8715154712830103	0.77297094	71407
"GO:0042220"	"response to cocaine"	-10.586700235918748	2.9552065375419416	0.0022176790022620328	0.8742718986449617	0.72425903	71407
"GO:0043278"	"response to morphine"	-6.85078088734462	2.998695158311656	0.0024515075319123023	0.8801293604607524	0.93329383	71407
"GO:0048148"	"behavioral response to cocaine"	-3.2932822176632413	2.6434526764861874	0.0010805339422786152	0.8204724533370479	0.8701867	71407
"GO:0048545"	"response to steroid hormone"	-24.100179497572903	4.458078570949283	0.0706703657191426	0.8527249120711589	0.90624031	71407
"GO:0051384"	"response to glucocorticoid"	-18.447331783887808	3.8107700112343634	0.015917569486824157	0.8626956688348909	0.83174918	71407
"GO:0051385"	"response to mineralocorticoid"	-12.576754126063193	2.7403626894942437	0.0013512827660841907	0.8795331610791866	0.87041758	71407
"GO:0051591"	"response to cAMP"	-4.226945306635737	3.549738731264899	0.008725496185370593	0.8665221291537214	0.78677872	71407
"GO:0070723"	"response to cholesterol"	-4.2839966563652006	2.8318697742805017	0.00166879729581982	0.8789014902594663	0.7125056	71407
"GO:0071312"	"cellular response to alkaloid"	-7.804100347590766	3.2496874278053016	0.004371362827988202	0.8754967583510597	0.92878608	71407
"GO:0071383"	"cellular response to steroid hormone stimulus"	-11.136082623042139	4.427745699349721	0.06590272506722078	0.8416482794719922	0.90555164	71407
"GO:0071384"	"cellular response to corticosteroid stimulus"	-12.038578905933552	3.745777217889759	0.013704813190449496	0.8544103508520121	0.98472667	71407
"GO:0071385"	"cellular response to glucocorticoid stimulus"	-9.628932137728263	3.7335182514344876	0.013323303484178007	0.8545994310634412	0.98315321	71407
"GO:0071392"	"cellular response to estradiol stimulus"	-4.22548303427145	3.5703093854358796	0.009148848891684767	0.8596986879000422	0.78913488	71407
"GO:0071548"	"response to dexamethasone"	-6.72584215073632	3.2278867046136734	0.004157225121887429	0.8653580953434026	0.92235511	71407
"GO:0071549"	"cellular response to dexamethasone stimulus"	-5.777283528852417	3.196728722623287	0.003869246827476043	0.8575734646029435	0.91885272	71407
"GO:0071868"	"cellular response to monoamine stimulus"	-3.4609239012072233	4.22533513181854	0.04135072945394245	0.8599442612394946	0.99904365	71407
"GO:0071869"	"response to catecholamine"	-3.142064735280571	4.22665145045481	0.04147625845407049	0.8533600046776139	0.99924567	71407
"GO:0071870"	"cellular response to catecholamine stimulus"	-3.4609239012072233	4.225283430094444	0.041345806748055075	0.8429787165825994	0.8874758	71407
"GO:0071492"	"cellular response to UV-A"	-3.500312917381596	2.7101173651118162	0.00126021270716777	0.9183880317183923	0.67706219	null
"GO:0071496"	"cellular response to external stimulus"	-13.075204004202087	3.552911450216509	0.008789491361906458	0.9264352963875498	0.48849829	null
"GO:0071875"	"adrenergic receptor signaling pathway"	-11.647817481888637	4.32608996426356	0.05214868481789754	0.787571403858248	0.62954642	null
"GO:0072347"	"response to anesthetic"	-14.246416941107093	1.9344984512435677	0.00020921500021339932	0.9151711162752804	0.24095963	null
"GO:0072488"	"ammonium transmembrane transport"	-8.281498311132726	4.421324177463862	0.06493541336035177	0.9703204133760512	0.5841351	null
"GO:0072521"	"purine-containing compound metabolic process"	-11.549750891680638	6.128667711565982	3.3101012792586566	0.9844843498730611	0.0652068	null
"GO:0072523"	"purine-containing compound catabolic process"	-5.679853713888946	5.450412323089719	0.6943599721788354	0.9606710491656621	0.53105591	null
"GO:0072522"	"purine-containing compound biosynthetic process"	-4.326979092871104	5.883979233764215	1.8843108982161147	0.963300322352635	0.73709355	72523
"GO:0072527"	"pyrimidine-containing compound metabolic process"	-3.75448733218585	5.560602374290914	0.8949011646186815	0.9865727940442698	0.05159595	null
"GO:0072593"	"reactive oxygen species metabolic process"	-5.519993057042849	5.129190230657091	0.33140640574979924	0.9751692627648016	0.10917627	null
"GO:0080090"	"regulation of primary metabolic process"	-6.339134521996131	6.766150778424015	14.365627383358822	0.7737528097958405	0.60886719	null
"GO:0009889"	"regulation of biosynthetic process"	-3.415668775632469	6.757082570711665	14.06877837293839	0.7742452872581762	0.79797931	80090
"GO:0031323"	"regulation of cellular metabolic process"	-5.503070351926785	6.776818384108402	14.72286076554673	0.7664841141505158	0.80738335	80090
"GO:0060255"	"regulation of macromolecule metabolic process"	-3.109578981199086	6.788579695073296	15.12702476431192	0.7725248832090681	0.81834336	80090
"GO:0080184"	"response to phenylpropanoid"	-5.527243550682788	1.806179973983887	0.00015506523545228418	0.9040261467356847	0.23810557	null
"GO:0086046"	"membrane depolarization during SA node cell action potential"	-3.171984935776023	2.0718820073061255	0.0002879782944113849	0.7899469390603199	0.64623422	null
"GO:0086045"	"membrane depolarization during AV node cell action potential"	-3.171984935776023	2.1172712956557644	0.0003199758826793166	0.788957564448018	0.85695911	86046
"GO:0090066"	"regulation of anatomical structure size"	-16.889410289700752	5.195708742179063	0.38626011745280886	0.822846447073793	0.61058821	null
"GO:0090170"	"regulation of Golgi inheritance"	-3.555955204081924	3.188365926063148	0.0037954062391654317	0.8791048774894367	0.43140411	null
"GO:0090183"	"regulation of kidney development"	-3.7189666327522723	3.2380461031287955	0.00425567923963491	0.860367078217225	0.53024019	null
"GO:0090184"	"positive regulation of kidney development"	-3.9469215565165805	2.4578818967339924	0.0007039469418944964	0.7800092133464487	0.54132543	null
"GO:0090218"	"positive regulation of lipid kinase activity"	-7.91721462968355	1.9084850188786497	0.00019690823549496406	0.7957462807983171	0.6470058	null
"GO:0090279"	"regulation of calcium ion import"	-3.8601209135987635	3.312811826212088	0.005055618946333202	0.8204430902545501	0.67293612	null
"GO:0010524"	"positive regulation of calcium ion transport into cytosol"	-3.130181792020672	2.385606273598312	0.0005956474123722663	0.7647972536691368	0.75036102	90279
"GO:0090280"	"positive regulation of calcium ion import"	-4.213958789757446	3.128722284338427	0.0033080583563153956	0.7726415685760611	0.71279659	90279
"GO:0090399"	"replicative senescence"	-3.5850266520291822	2.7573960287930244	0.001405432530845306	0.9832489204078607	0.05982201	null
"GO:0097164"	"ammonium ion metabolic process"	-17.072116589669292	4.194264516025517	0.03849556003926547	0.9898042795392002	0.03413942	null
"GO:0097190"	"apoptotic signaling pathway"	-8.03763066432998	4.6552441130877975	0.11127776658409155	0.7781094705604695	0.3052084	null
"GO:0006915"	"apoptotic process"	-3.696803942579511	5.185227581152879	0.3770497347375319	0.9879827767936905	0.88041351	97190
"GO:0008630"	"intrinsic apoptotic signaling pathway in response to DNA damage"	-5.657577319177793	4.141543834220653	0.034094660975953026	0.7859118239915222	0.88538551	97190
"GO:0051402"	"neuron apoptotic process"	-3.3946949538588904	3.905418068702542	0.019794200373131263	0.9899656792826295	0.72538493	97190
"GO:0097191"	"extrinsic apoptotic signaling pathway"	-4.226945306635737	4.211147249814492	0.04002159886435144	0.7848934057092666	0.89473068	97190
"GO:0097193"	"intrinsic apoptotic signaling pathway"	-5.406713932979542	4.411703863405971	0.06351275135890067	0.7843324252234157	0.785098	97190
"GO:0097267"	"omega-hydroxylase P450 pathway"	-4.872895201635193	1.919078092376074	0.00020183094138233817	0.9496038319259809	0.6736614	null
"GO:0097327"	"response to antineoplastic agent"	-7.761953896871205	1.0413926851582251	2.4613529436870507E-05	0.9228280149798681	0.22195079	null
"GO:0097366"	"response to bronchodilator"	-13.782516055786093	4.74170298395774	0.13579084205394779	0.8784847783486306	0.53241151	null
"GO:0097746"	"blood vessel diameter maintenance"	-26.826813731587727	4.471262365845785	0.07284866307430564	0.7698082324826873	0.64835777	null
"GO:0001990"	"regulation of systemic arterial blood pressure by hormone"	-8.226213555018807	3.864748335629659	0.01802448760662027	0.7881490149379295	0.93255511	97746
"GO:0001992"	"regulation of systemic arterial blood pressure by vasopressin"	-4.844663962534939	3.4628470358316736	0.007142846242579821	0.798549868612202	0.94122022	97746
"GO:0002025"	"norepinephrine-epinephrine-mediated vasodilation involved in regulation of systemic arterial blood pressure"	-4.145086977692144	3.250907699700856	0.004383669592706637	0.8016797262431772	0.83618404	97746
"GO:0003018"	"vascular process in circulatory system"	-24.98296666070122	4.530302174485271	0.08345709426159682	0.9113204381871784	0.90355134	97746
"GO:0003044"	"regulation of systemic arterial blood pressure mediated by a chemical signal"	-7.995678626217358	4.026328938722349	0.026149413673731227	0.7839187124171678	0.9158296	97746
"GO:0003073"	"regulation of systemic arterial blood pressure"	-8.242603971206975	4.191283300818515	0.038232195274290955	0.7795098464380054	0.86071868	97746
"GO:0003084"	"positive regulation of systemic arterial blood pressure"	-3.2932822176632413	2.8603380065709936	0.0017820195312294247	0.8124668076948156	0.71540235	97746
"GO:0008217"	"regulation of blood pressure"	-17.764471553092452	4.401400540781544	0.062023632827969986	0.7741981749831612	0.88922309	97746
"GO:0008361"	"regulation of cell size"	-5.425968732272281	4.624374927964111	0.10364264975277432	0.8300723242283898	0.78705019	97746
"GO:0019229"	"regulation of vasoconstriction"	-17.79860287567955	4.095308861385381	0.03065122820773484	0.6986739621386779	0.94236892	97746
"GO:0035150"	"regulation of tube size"	-26.657577319177793	4.484925911049592	0.07517710295903358	0.8382114340453825	0.76780387	97746
"GO:0035296"	"regulation of tube diameter"	-26.826813731587727	4.472639451880648	0.07308003025101222	0.8369322219956304	0.99511494	97746
"GO:0042310"	"vasoconstriction"	-10.441291429466835	3.9429995933660407	0.02158360396319175	0.7856511175462771	0.92127003	97746
"GO:0042311"	"vasodilation"	-4.772113295386326	3.6892200372638357	0.012031093188742303	0.7925043629238974	0.88813603	97746
"GO:0045776"	"negative regulation of blood pressure"	-5.987162775294828	3.630834517828051	0.010517361128374769	0.7949626419424861	0.86684669	97746
"GO:0045777"	"positive regulation of blood pressure"	-4.2839966563652006	3.6415732531781755	0.010780725893349281	0.7946871324763806	0.8681075	97746
"GO:0045907"	"positive regulation of vasoconstriction"	-13.130768280269024	3.7797407511767407	0.01481980607393973	0.6648614603744137	0.89967795	97746
"GO:0098656"	"monoatomic anion transmembrane transport"	-4.723538195826756	5.277178143644761	0.4659611871223392	0.9643708220012079	0.66834192	null
"GO:0098657"	"import into cell"	-4.7544873321858505	5.7162362968393845	1.2805877868356113	0.9753264530272626	0.37295553	null
"GO:0098660"	"inorganic ion transmembrane transport"	-19.739928612014925	6.190487735959	3.8164655749516183	0.9638682740640173	0.53254035	null
"GO:0098662"	"inorganic cation transmembrane transport"	-19.45099673797421	6.125479313810896	3.285888950351606	0.9601932316986191	0.42763092	null
"GO:0035725"	"sodium ion transmembrane transport"	-11.55129368009492	5.326604139262278	0.5221267999443341	0.9603915438695239	0.7245691	98662
"GO:0051209"	"release of sequestered calcium ion into cytosol"	-6.108462542327436	4.467563712055963	0.07223086348544018	0.7385771256071506	0.84926673	98662
"GO:0051283"	"negative regulation of sequestering of calcium ion"	-5.995678626217358	4.477208104931312	0.07385289507532995	0.766921062038657	0.97111511	98662
"GO:0070509"	"calcium ion import"	-3.694648630553376	4.414103889258189	0.0638647248298479	0.9714513779864938	0.84113293	98662
"GO:0070588"	"calcium ion transmembrane transport"	-10.75448733218585	5.221510737005474	0.40990387382986665	0.9597365877296711	0.70489604	98662
"GO:0071805"	"potassium ion transmembrane transport"	-3.85078088734462	5.353237054922488	0.5551483110368395	0.9604849822614182	0.72973032	98662
"GO:0097553"	"calcium ion transmembrane import into cytosol"	-9.105130343254748	4.717429161244508	0.12840878307215342	0.9632948521574829	0.88946734	98662
"GO:1903514"	"release of sequestered calcium ion into cytosol by endoplasmic reticulum"	-3.7399286120149253	3.7104558643354246	0.01263412465994563	0.7641542972623698	0.88904511	98662
"GO:0098664"	"G protein-coupled serotonin receptor signaling pathway"	-17.67778070526608	4.327930804554236	0.05237020658282938	0.7875155594768194	0.62974831	null
"GO:0098693"	"regulation of synaptic vesicle cycle"	-3.3798639450262424	3.084576277934331	0.0029880824736360796	0.8254394082368466	0.60626122	null
"GO:0098739"	"import across plasma membrane"	-6.97469413473523	5.284613437501947	0.4740073498952522	0.9682708237075264	0.32863898	null
"GO:0098659"	"inorganic cation import across plasma membrane"	-5.425968732272281	4.932539715606996	0.2107213482149358	0.9665589757367729	0.74726606	98739
"GO:0098719"	"sodium ion import across plasma membrane"	-3.3010299956639813	4.2610962581323335	0.044900000398739176	0.965382482005789	0.88651085	98739
"GO:0099587"	"inorganic ion import across plasma membrane"	-5.425968732272281	4.9329960244977835	0.2109428699798676	0.9670122116433397	0.86440331	98739
"GO:0098801"	"regulation of renal system process"	-5.638272163982407	3.1000257301078626	0.00309638200315831	0.8114727392341365	0.59163275	null
"GO:0098900"	"regulation of action potential"	-7.073143291050307	3.523226041965701	0.008208612067196313	0.8526325342197512	0.69680767	null
"GO:0098976"	"excitatory chemical synaptic transmission"	-4.027797161620936	2.322219294733919	0.0005144227652305936	0.8798941708861407	0.60828239	null
"GO:0099177"	"regulation of trans-synaptic signaling"	-17.207608310501747	5.00105405543172	0.24673094178107735	0.8166414476722418	0.69824703	null
"GO:0104004"	"cellular response to environmental stimulus"	-7.459670525209126	4.812679442785524	0.15989933263368555	0.9111502999770044	0.30768993	null
"GO:0110020"	"regulation of actomyosin structure organization"	-3.51427857351842	4.047547433078635	0.027458853439772737	0.8644991087649828	0.68598684	null
"GO:0110110"	"positive regulation of animal organ morphogenesis"	-3.0277971616209354	3.0948203803548	0.003059461709003004	0.7636463116483166	0.59118784	null
"GO:0120041"	"positive regulation of macrophage proliferation"	-3.171984935776023	2.225309281725863	0.0004110459415957375	0.8274765965511581	0.59456635	null
"GO:0120161"	"regulation of cold-induced thermogenesis"	-7.134896025358872	3.6514718521990424	0.011029322540661673	0.7959085691373675	0.64286809	null
"GO:0120162"	"positive regulation of cold-induced thermogenesis"	-8.787812395596042	3.479719235439571	0.007425901831103832	0.7522454749996841	0.62598677	null
"GO:1900046"	"regulation of hemostasis"	-14.349692476868064	3.8884041677370464	0.019033642313531964	0.8416306573772431	0.46976299	null
"GO:0001889"	"liver development"	-3.600326278518962	3.961516011448949	0.0225238407876802	0.9139855109005833	0.79119282	1900046
"GO:0007589"	"body fluid secretion"	-11.042871802323187	3.6568644915489172	0.011167158305508148	0.8317386022969347	0.77481073	1900046
"GO:0007595"	"lactation"	-6.94692155651658	3.106870544478654	0.0031456090620320502	0.8189389319708903	0.72296323	1900046
"GO:0046541"	"saliva secretion"	-3.171984935776023	2.9410142437055695	0.002146299766895108	0.7915014087740836	0.86180051	1900046
"GO:0050891"	"multicellular organismal-level water homeostasis"	-4.749579997691106	3.2367890994092927	0.0042433724749164755	0.7953714526950962	0.73457728	1900046
"GO:1900048"	"positive regulation of hemostasis"	-3.939302159646388	3.425697213362591	0.006557044241982302	0.793580495162938	0.75214268	1900046
"GO:1900100"	"positive regulation of plasma cell differentiation"	-4.145086977692144	2.2355284469075487	0.0004208913533704856	0.7415509526221936	0.52580149	null
"GO:1900098"	"regulation of plasma cell differentiation"	-3.555955204081924	2.3344537511509307	0.0005291908828927159	0.7765609625453147	0.74491909	1900100
"GO:1900182"	"positive regulation of protein localization to nucleus"	-3.114638779968488	3.529430354366986	0.008326757008493292	0.7639573391503548	0.64954994	null
"GO:1900221"	"regulation of amyloid-beta clearance"	-4.374687549038326	2.959994838328416	0.002242292531698903	0.8235500949937926	0.57989116	null
"GO:1900272"	"negative regulation of long-term synaptic potentiation"	-3.1112590393171073	2.515873843711679	0.0008048624125856654	0.8230017571327735	0.49855665	null
"GO:1900407"	"regulation of cellular response to oxidative stress"	-7.3260580013659125	3.116275587580544	0.0032145269444552884	0.8419246432495622	0.57856788	null
"GO:1900408"	"negative regulation of cellular response to oxidative stress"	-3.3946949538588904	2.4409090820652177	0.0006768720595139389	0.8292333686305309	0.78529396	1900407
"GO:1902883"	"negative regulation of response to oxidative stress"	-3.3260580013659125	2.658964842664435	0.001119915589377608	0.8293799045967186	0.80347826	1900407
"GO:1902884"	"positive regulation of response to oxidative stress"	-3.0574958938319194	2.9585638832219674	0.002234908472867842	0.7985754501265826	0.82984672	1900407
"GO:1900409"	"positive regulation of cellular response to oxidative stress"	-3.3010299956639813	1.1760912590556813	3.445894121161871E-05	0.8284850716721714	0.69259729	null
"GO:1900449"	"regulation of glutamate receptor signaling pathway"	-3.1630432629404495	3.0707764628434346	0.0028945510617759715	0.8387143318460194	0.39631073	null
"GO:1900619"	"acetate ester metabolic process"	-3.171984935776023	3.8491736330988267	0.017389458547149014	0.9903823214031304	0.03221988	null
"GO:1901099"	"negative regulation of signal transduction in absence of ligand"	-3.640164517660112	3.5931752634781025	0.009643580833365865	0.8004419705710927	0.47163152	null
"GO:1901135"	"carbohydrate derivative metabolic process"	-10.297569463554474	6.429946135493561	6.623993042050591	0.9830640380656601	0.0984493	null
"GO:1901136"	"carbohydrate derivative catabolic process"	-3.7825160557860937	5.704056953207529	1.245173840681842	0.9557646572655819	0.54877343	null
"GO:1901224"	"positive regulation of non-canonical NF-kappaB signal transduction"	-3.4881166390211256	3.510410948010177	0.00796986083165867	0.7735966668983534	0.56120225	null
"GO:1901568"	"fatty acid derivative metabolic process"	-13.220403508742175	5.147855568954347	0.34596038570582077	0.9634400202837786	0.47532629	null
"GO:1901570"	"fatty acid derivative biosynthetic process"	-5.525783735923745	4.857688230899298	0.1773601704162015	0.9588584540740154	0.44843784	null
"GO:1902224"	"ketone body metabolic process"	-3.1112590393171073	4.146686055647526	0.03450078421166139	0.9578557580763639	0.78942067	1901570
"GO:1901571"	"fatty acid derivative transport"	-6.537602002101044	0.6020599913279624	7.384058831061151E-06	0.9854601546379942	0.43867123	null
"GO:1901615"	"organic hydroxy compound metabolic process"	-27.198596289982646	5.82401057106121	1.6412842926152864	0.9856835556525633	0.04750396	null
"GO:1901652"	"response to peptide"	-25.209011524911183	5.073641379946688	0.29161617406215434	0.8718957704453304	0.57100285	null
"GO:1901653"	"cellular response to peptide"	-14.00436480540245	2.2430380486862944	0.00042827541220154676	0.8993606459813208	0.6311684	null
"GO:1901654"	"response to ketone"	-23.593459819566046	4.0050088206723675	0.02489658502539452	0.8756447595254827	0.69212269	null
"GO:1901655"	"cellular response to ketone"	-12.329754146925875	3.7424894645817752	0.013601436366814641	0.8659514842826769	0.66241331	null
"GO:0033574"	"response to testosterone"	-6.342944147142896	2.598790506763115	0.000974695765700072	0.8814510242085477	0.81170245	1901655
"GO:0033594"	"response to hydroxyisoflavone"	-4.145086977692144	1.6232492903979006	0.00010091547069116908	0.8955558126364628	0.73064203	1901655
"GO:0051412"	"response to corticosterone"	-9.022276394711152	2.3242824552976926	0.0005168841181742806	0.8773273075221081	0.78727287	1901655
"GO:1904044"	"response to aldosterone"	-3.171984935776023	2.404833716619938	0.0006227222947528239	0.8762624639013924	0.92814392	1901655
"GO:1901657"	"glycosyl compound metabolic process"	-8.126679398184601	5.376452855189143	0.5856321672444037	0.9705935963571456	0.04923076	null
"GO:1901698"	"response to nitrogen compound"	-52.50863830616573	5.194450511165822	0.3851426632163749	0.8693126002886213	0.58647438	null
"GO:1901699"	"cellular response to nitrogen compound"	-23.96657624451305	4.935814488495356	0.212316304922445	0.8473117931671713	0.66067631	null
"GO:0032868"	"response to insulin"	-11.480172006224281	4.440720217316904	0.06790134365749467	0.8491823624622121	0.82349688	1901699
"GO:0032869"	"cellular response to insulin stimulus"	-5.826813731587726	4.378615902031224	0.05885341023650107	0.8402610196240856	0.89814493	1901699
"GO:0043279"	"response to alkaloid"	-22.270025714300445	3.422917980767662	0.006515201241939623	0.8860794225300038	0.70128253	1901699
"GO:0043434"	"response to peptide hormone"	-18.838631997765024	4.731693498907015	0.13269645990005627	0.8434866512700748	0.86667077	1901699
"GO:0060397"	"growth hormone receptor signaling pathway via JAK-STAT"	-3.7471469690201067	3.6510840892430116	0.011019477128886927	0.7401819316976751	0.72542058	1901699
"GO:0071375"	"cellular response to peptide hormone stimulus"	-8.818156412055227	4.664529157142216	0.11368250841007381	0.8335181450113944	0.9401576	1901699
"GO:0071867"	"response to monoamine"	-3.142064735280571	4.227140825423186	0.041523024160000546	0.873228621983011	0.79444682	1901699
"GO:1905144"	"response to acetylcholine"	-3.171984935776023	3.8929289823552056	0.019233011901970614	0.8690259206936505	0.75288499	1901699
"GO:1901700"	"response to oxygen-containing compound"	-74.50307035192678	5.564509832144328	0.9029891703916372	0.8606918081815714	0.37551818	null
"GO:0009636"	"response to toxic substance"	-40.61618463401957	5.620163132442645	1.0264457113410923	0.8592935811114807	0.7161887	1901700
"GO:0070887"	"cellular response to chemical stimulus"	-48.274088367704955	5.946342695005116	2.1752846591599666	0.8434649822526331	0.70543593	1901700
"GO:1901701"	"cellular response to oxygen-containing compound"	-42.13966199342901	5.358646658683822	0.5621065558086429	0.8360066449839142	0.6088978	null
"GO:0000302"	"response to reactive oxygen species"	-11.98296666070122	5.018317618326985	0.2567363414971652	0.8487929323696134	0.83701118	1901701
"GO:0009743"	"response to carbohydrate"	-6.028260409112222	4.33635965446523	0.053396590760346876	0.8697450018809331	0.73365176	1901701
"GO:0009746"	"response to hexose"	-3.869666231504994	4.258230090449129	0.04460463804549673	0.8697381856565548	0.98609337	1901701
"GO:0009749"	"response to glucose"	-3.5287082889410613	4.169292274879936	0.03634433756648299	0.8713513438400214	0.96354943	1901701
"GO:0034284"	"response to monosaccharide"	-5.33913452199613	4.259474419531076	0.04473262839856846	0.8697722485329048	0.72357778	1901701
"GO:0042542"	"response to hydrogen peroxide"	-5.070581074285707	4.679427896612119	0.11765020935529734	0.856114641017633	0.78224648	1901701
"GO:0071326"	"cellular response to monosaccharide stimulus"	-3.275724130399211	3.961516011448949	0.0225238407876802	0.8640858702128176	0.93493321	1901701
"GO:0097237"	"cellular response to toxic substance"	-5.070581074285707	5.550580539260246	0.8744867033037411	0.8446358333274843	0.96833873	1901701
"GO:0097305"	"response to alcohol"	-32.43651891460559	4.451279718904047	0.06957260230625817	0.8675638108227716	0.74924324	1901701
"GO:0098754"	"detoxification"	-6.464705879957229	5.60186125613835	0.9840882885331819	0.8581985832846821	0.95796729	1901701
"GO:0098869"	"cellular oxidant detoxification"	-7.455931955649724	5.506568616038737	0.7902075171589529	0.8457638210077412	0.74731418	1901701
"GO:0110096"	"cellular response to aldehyde"	-3.171984935776023	4.335397717145591	0.0532784458190499	0.8582848621362756	0.73352399	1901701
"GO:1990748"	"cellular detoxification"	-6.476253533188435	5.550235693181492	0.8737926017736214	0.8445667017975548	0.98068782	1901701
"GO:1901861"	"regulation of muscle tissue development"	-4.928117992693875	3.577836341292744	0.009308836833024425	0.8542410861164547	0.55788829	null
"GO:1901888"	"regulation of cell junction assembly"	-5.640164517660112	4.398200507219428	0.061568282533387884	0.8565174968933007	0.64497409	null
"GO:0031334"	"positive regulation of protein-containing complex assembly"	-3.424812155072339	4.431412016420789	0.06646145218543774	0.7865944050213836	0.75475725	1901888
"GO:0043254"	"regulation of protein-containing complex assembly"	-4.020451625295905	5.048907701483771	0.27547216010451103	0.8413241508251232	0.84247536	1901888
"GO:0044089"	"positive regulation of cellular component biogenesis"	-4.669586226650809	4.855500983970402	0.17646916065058676	0.7763616574540577	0.75055408	1901888
"GO:1902175"	"regulation of oxidative stress-induced intrinsic apoptotic signaling pathway"	-3.939302159646388	3.3310221710418286	0.005272218005377662	0.8198268041659865	0.69317857	null
"GO:1902644"	"tertiary alcohol metabolic process"	-5.423658649794207	3.7741518589547103	0.01463028189727583	0.9492036968955568	0.50314756	null
"GO:1902882"	"regulation of response to oxidative stress"	-6.667561540084395	3.814380794469938	0.016050482545783257	0.8339096240982711	0.63349488	null
"GO:1902895"	"positive regulation of miRNA transcription"	-11.782516055786093	3.447623097760286	0.006896710948211115	0.8044847393503052	0.39391139	null
"GO:1902893"	"regulation of miRNA transcription"	-9.910094888560602	3.533772058384718	0.008410443008578652	0.8633586593340588	0.96536786	1902895
"GO:1902932"	"positive regulation of alcohol biosynthetic process"	-4.411168274405793	2.9508514588885464	0.0021955268257688493	0.815645313276738	0.66279069	null
"GO:1902947"	"regulation of tau-protein kinase activity"	-3.1112590393171073	1.9822712330395684	0.00023382852965026982	0.8497280122737709	0.46826465	null
"GO:1903034"	"regulation of response to wounding"	-17.954677021213342	4.111766433052562	0.031835138973648314	0.8271187163169489	0.66018684	null
"GO:0031347"	"regulation of defense response"	-6.812479279163537	5.000620597487598	0.24648480648670862	0.8029675455317328	0.86942978	1903034
"GO:0031348"	"negative regulation of defense response"	-5.336299074610352	4.3539931244194845	0.055609347056721534	0.789742117331473	0.77583141	1903034
"GO:0080135"	"regulation of cellular response to stress"	-9.54515513999149	4.857060977521578	0.17710418971005804	0.8021602990858212	0.74575583	1903034
"GO:1903409"	"reactive oxygen species biosynthetic process"	-3.2441251443275085	2.6757783416740852	0.001164219942363975	0.9773318622233235	0.6348711	null
"GO:1903523"	"negative regulation of blood circulation"	-3.835647144215563	3.0546130545568877	0.0027887128851974284	0.7840879657474404	0.67752096	null
"GO:1903596"	"regulation of gap junction assembly"	-4.844663962534939	2.593286067020457	0.0009623890009816369	0.8864971886174695	0.12196899	null
"GO:1903793"	"positive regulation of monoatomic anion transport"	-5.688246138944246	2.250420002308894	0.0004356594710326079	0.794132820920509	0.53879614	null
"GO:1903792"	"negative regulation of monoatomic anion transport"	-3.3419886033428874	2.367355921026019	0.0005710338829353958	0.8140544696459879	0.81693619	1903793
"GO:1903831"	"signal transduction involved in cellular response to ammonium ion"	-8.3767507096021	0.47712125471966244	4.922705887374102E-06	0.8321861722305683	0.38541523	null
"GO:0071242"	"cellular response to ammonium ion"	-4.428291168191312	2.225309281725863	0.0004110459415957375	0.8911586587310003	0.81497827	1903831
"GO:1904035"	"regulation of epithelial cell apoptotic process"	-6.20342566678957	3.228913405994688	0.004167070533662176	0.8692743474450911	0.68258917	null
"GO:1904036"	"negative regulation of epithelial cell apoptotic process"	-3.465973893943865	2.9822712330395684	0.0023604374729958816	0.8443830891616286	0.65829144	null
"GO:1904354"	"negative regulation of telomere capping"	-3.7399286120149253	2.534026106056135	0.0008393213537972843	0.8471951766738032	0.39400303	null
"GO:1904645"	"response to amyloid-beta"	-9.910094888560602	3.1231980750319988	0.0032662153562727165	0.8811960095030765	0.67190642	null
"GO:1904646"	"cellular response to amyloid-beta"	-7.00436480540245	3.042181594515766	0.0027099495909994427	0.872716228815646	0.66438153	null
"GO:1904705"	"regulation of vascular associated smooth muscle cell proliferation"	-8.886056647693163	3.243534101832062	0.0043098290043960255	0.8644174472813816	0.68116222	null
"GO:0048661"	"positive regulation of smooth muscle cell proliferation"	-7.455931955649724	3.298853076409707	0.004895631004993544	0.8054700198921381	0.91040794	1904705
"GO:0048662"	"negative regulation of smooth muscle cell proliferation"	-5.197226274708024	3.383994789441733	0.005956474123722662	0.8318117070078436	0.9253975	1904705
"GO:1904706"	"negative regulation of vascular associated smooth muscle cell proliferation"	-4.064492734175287	2.8530895298518657	0.0017524832959051801	0.8421032693848826	0.9315994	1904705
"GO:1904707"	"positive regulation of vascular associated smooth muscle cell proliferation"	-6.251037138743839	2.993876914941211	0.002424432649531745	0.8123348254166365	0.87946959	1904705
"GO:1904892"	"regulation of receptor signaling pathway via STAT"	-8.647817481888637	3.951094556841663	0.02198972719890011	0.8196500724052489	0.57290247	null
"GO:1904950"	"negative regulation of establishment of protein localization"	-5.494850021680094	3.853637381958594	0.017569137312038165	0.7817831161960098	0.68519511	null
"GO:1904997"	"regulation of leukocyte adhesion to arterial endothelial cell"	-3.555955204081924	2.2095150145426308	0.0003962778239336152	0.8860217585524705	0.65089556	null
"GO:1904996"	"positive regulation of leukocyte adhesion to vascular endothelial cell"	-3.175223537524454	2.835056101720116	0.0016811040605382557	0.821737035110936	0.91086537	1904997
"GO:1905330"	"regulation of morphogenesis of an epithelium"	-6.040481623027001	3.594171479114912	0.009665733009859047	0.8532989452730013	0.55929007	null
"GO:1905563"	"negative regulation of vascular endothelial cell proliferation"	-3.171984935776023	2.1492191126553797	0.0003445894121161871	0.8545766301682516	0.58894755	null
"GO:1905906"	"regulation of amyloid fibril formation"	-3.7471469690201067	2.781755374652469	0.0014866571779869786	0.8630651617079669	0.44287656	null
"GO:1990384"	"hyaloid vascular plexus regression"	-4.844663962534939	2.27415784926368	0.0004602730004694785	0.9303250535055974	0.39938121	null
"GO:2000027"	"regulation of animal organ morphogenesis"	-3.7166987712964503	3.6163704722912695	0.010172771716258579	0.8528765173481014	0.56120636	null
"GO:2000145"	"regulation of cell motility"	-18.082494490447452	5.201752062778252	0.3916726325759767	0.8229534586969458	0.20304387	null
"GO:0002685"	"regulation of leukocyte migration"	-7.291579099865287	4.279552881150386	0.04684939193013932	0.8183934688896379	0.82966365	2000145
"GO:0002687"	"positive regulation of leukocyte migration"	-6.444905551421681	4.159867847092567	0.035564088683334195	0.761243788200782	0.81270613	2000145
"GO:0002688"	"regulation of leukocyte chemotaxis"	-4.5003129173815966	4.007278247334244	0.02502703673140993	0.7867734912156579	0.94396115	2000145
"GO:0002690"	"positive regulation of leukocyte chemotaxis"	-3.705533773838407	3.936463474004747	0.021261166727568743	0.7365143120800818	0.93457346	2000145
"GO:0010594"	"regulation of endothelial cell migration"	-7.97061622231479	4.068927611682072	0.028844595147068545	0.8498095998347374	0.80027747	2000145
"GO:0010595"	"positive regulation of endothelial cell migration"	-5.403402904373539	3.943890048248473	0.021627908316178113	0.7877538001272824	0.94553834	2000145
"GO:0010596"	"negative regulation of endothelial cell migration"	-3.7189666327522723	3.298197867109815	0.004888246946162482	0.8326970355997929	0.87043572	2000145
"GO:0010632"	"regulation of epithelial cell migration"	-8.05551732784983	3.6870828446043706	0.011972020718093813	0.7852742829493068	0.75198739	2000145
"GO:0010633"	"negative regulation of epithelial cell migration"	-4.165579296318468	2.7611758131557314	0.0014177392955637411	0.7812507577446598	0.88729985	2000145
"GO:0010634"	"positive regulation of epithelial cell migration"	-5.129596094720973	3.6184664921990803	0.010221998775132322	0.7425315249208637	0.74392021	2000145
"GO:0014910"	"regulation of smooth muscle cell migration"	-3.275724130399211	3.3230457354817013	0.005176225240573868	0.8638849253182641	0.71107348	2000145
"GO:0030334"	"regulation of cell migration"	-16.903089986991944	5.046436630136641	0.2739092009852698	0.8272537816896012	0.95769969	2000145
"GO:0030335"	"positive regulation of cell migration"	-16.69680394257951	4.785621639804695	0.15024098368265756	0.7625438053032696	0.90994218	2000145
"GO:0030336"	"negative regulation of cell migration"	-6.269217724333611	4.273579945676206	0.04620944016478069	0.8114437735121021	0.82880062	2000145
"GO:0040013"	"negative regulation of locomotion"	-4.47755576649368	4.868744332266639	0.18193336418557202	0.801339625354525	0.92463726	2000145
"GO:0040017"	"positive regulation of locomotion"	-16.51999305704285	4.836387419326411	0.16887096411342487	0.770312424160876	0.91886089	2000145
"GO:0043535"	"regulation of blood vessel endothelial cell migration"	-7.679853713888946	3.788380515319563	0.015117629780125865	0.8538749286261526	0.76422142	2000145
"GO:0043536"	"positive regulation of blood vessel endothelial cell migration"	-4.328827157284917	3.6178387477170033	0.0102072306574702	0.7964087467244495	0.90606551	2000145
"GO:0043537"	"negative regulation of blood vessel endothelial cell migration"	-5.026872146400302	3.095169351431755	0.003061923061946691	0.8366219577161311	0.84921834	2000145
"GO:0050920"	"regulation of chemotaxis"	-7.866461091629782	4.5081659713033675	0.07930971455148415	0.8020477980346624	0.86410234	2000145
"GO:0050921"	"positive regulation of chemotaxis"	-8.244887733604928	4.080590414453501	0.029629766736104717	0.7559136070026244	0.80185013	2000145
"GO:0050926"	"regulation of positive chemotaxis"	-5.162411561764489	3.65667304588485	0.011162235599620774	0.822794529179513	0.82834194	2000145
"GO:0050927"	"positive regulation of positive chemotaxis"	-5.306273051076353	3.6497241859295224	0.010985018187675307	0.7690718281813514	0.82757302	2000145
"GO:0071622"	"regulation of granulocyte chemotaxis"	-3.3260580013659125	3.4219328132785085	0.0065004331242775005	0.8021345221637952	0.87158623	2000145
"GO:0071675"	"regulation of mononuclear cell migration"	-4.253365801062421	3.982406928863795	0.02363391096528306	0.8246770255108634	0.94064265	2000145
"GO:0090049"	"regulation of cell migration involved in sprouting angiogenesis"	-3.9469215565165805	3.452246574520437	0.0069705515365217265	0.8599555482857728	0.93765852	2000145
"GO:2000146"	"negative regulation of cell motility"	-5.761953896871205	4.7649752162403765	0.14326550944024846	0.7983568515947517	0.90636427	2000145
"GO:2000147"	"positive regulation of cell motility"	-17.14996674231023	4.823161111289468	0.1638054997553169	0.7619425776891048	0.98692132	2000145
"GO:2000273"	"positive regulation of signaling receptor activity"	-5.889410289700751	3.0569048513364727	0.0028034810028595507	0.8085988730725625	0.54414651	null
"GO:2000310"	"regulation of NMDA receptor activity"	-3.217527375833714	2.3979400086720375	0.0006128768829780756	0.7758292338446396	0.67013818	null
"GO:2000377"	"regulation of reactive oxygen species metabolic process"	-15.863279432843592	3.8928734068887656	0.019230550549026927	0.8594551234817794	0.24077258	null
"GO:2000379"	"positive regulation of reactive oxygen species metabolic process"	-14.494850021680094	3.3242824552976926	0.00519099335823599	0.8057365429505701	0.3866546	null
"GO:0032928"	"regulation of superoxide anion generation"	-5.168770306132936	2.6580113966571126	0.001117454236433921	0.8747013455637014	0.96255585	2000379
"GO:0032930"	"positive regulation of superoxide anion generation"	-5.35261702988538	2.5899496013257077	0.0009550049421505757	0.8213994892807682	0.86378115	2000379
"GO:0090322"	"regulation of superoxide metabolic process"	-6.391473966422806	2.8102325179950842	0.0015875726486781474	0.8727395762744102	0.81798484	2000379
"GO:1903426"	"regulation of reactive oxygen species biosynthetic process"	-9.527243550682787	3.3191060593097763	0.005129459534643814	0.8641540745649805	0.86657335	2000379
"GO:1903428"	"positive regulation of reactive oxygen species biosynthetic process"	-5.679853713888946	2.709269960975831	0.0012577513542240829	0.8185121232043672	0.80897792	2000379
"GO:2000378"	"negative regulation of reactive oxygen species metabolic process"	-3.068542129310995	3.0610753236297916	0.002830555885240108	0.839077144697603	0.84124195	2000379
"GO:2001023"	"regulation of response to drug"	-6.055517327849832	2.060697840353612	0.00028059423558032375	0.871270975497841	0.35223806	null
"GO:2001025"	"positive regulation of response to drug"	-5.306273051076353	1.0791812460476249	2.707488238055756E-05	0.841023236977506	0.3169239	null
