TermID	Name	Value	LogSize	Frequency	Uniqueness	Dispensability	Representative
"GO:0001101"	"response to acid chemical"	-13.407823242604133	4.828292459459625	0.16575242993377337	0.8847677692810962	0.54196644	null
"GO:0001659"	"temperature homeostasis"	-6.6777807052660805	3.326335860928751	0.00521560688767286	0.9099344467414514	0.55050955	null
"GO:0001894"	"tissue homeostasis"	-3.3133637307377066	4.244994166139669	0.04326566204413098	0.898075923713345	0.77392167	1659
"GO:0045453"	"bone resorption"	-3.540607512240769	3.308350948586726	0.005003930534515774	0.9099251166772552	0.87647645	1659
"GO:0060249"	"anatomical structure homeostasis"	-3.133122185662501	4.248488225577443	0.043615174162134535	0.8982351796589357	0.88007724	1659
"GO:0001666"	"response to hypoxia"	-5.935542010773082	4.481442628502305	0.07457653284077395	0.9086579397780198	0.65261068	null
"GO:0036293"	"response to decreased oxygen levels"	-6.347753658996677	4.486331281184666	0.0754207769004586	0.9117846348812866	0.97106719	1666
"GO:0001763"	"morphogenesis of a branching structure"	-4.106793246940152	3.9933039379194746	0.0242344810835427	0.9016792207682823	0.53414814	null
"GO:0001775"	"cell activation"	-6.567030709125595	4.785315595613992	0.150135145506079	0.9096780286510537	0.58391363	null
"GO:0001816"	"cytokine production"	-5.08196966321512	2.8639173769578603	0.001796787648891547	0.9209586454336676	0.41631708	null
"GO:0001818"	"negative regulation of cytokine production"	-5.107905397309519	4.121264305229581	0.032539085915542804	0.6856364832985173	0.64906397	null
"GO:0001819"	"positive regulation of cytokine production"	-4.262807357295263	4.54119220000948	0.08557631914611137	0.633718699418529	0.86465655	1818
"GO:0002699"	"positive regulation of immune effector process"	-3.1325325121409486	4.331832044436249	0.05284278634801729	0.7241958751911625	0.93410586	1818
"GO:0002700"	"regulation of production of molecular mediator of immune response"	-4.671620396561262	4.124406399745029	0.03277537579813676	0.7757433612551136	0.90539267	1818
"GO:0002701"	"negative regulation of production of molecular mediator of immune response"	-3.415668775632469	3.161966616364075	0.0035714231212899106	0.7738853082269417	0.85432558	1818
"GO:0002703"	"regulation of leukocyte mediated immunity"	-4.721246399047171	4.344863649797128	0.054452511173188625	0.792014050909106	0.87644189	1818
"GO:0002705"	"positive regulation of leukocyte mediated immunity"	-3.580044251510242	4.121756758487815	0.03257600620969811	0.7315754599855978	0.95025383	1818
"GO:0002706"	"regulation of lymphocyte mediated immunity"	-3.749579997691106	4.229988836544811	0.04179623433674981	0.794915946970039	0.91978409	1818
"GO:0002708"	"positive regulation of lymphocyte mediated immunity"	-3.537602002101044	4.066176785772006	0.028662455029235707	0.7333691283329491	0.94262268	1818
"GO:0002718"	"regulation of cytokine production involved in immune response"	-5.03810452633215	3.90151280912994	0.019616982961185796	0.6935811094094311	0.78777786	1818
"GO:0002719"	"negative regulation of cytokine production involved in immune response"	-4.22767829327708	3.0433622780211294	0.002717333649830504	0.6997141015251881	0.84206832	1818
"GO:0032642"	"regulation of chemokine production"	-4.320572103387881	3.6049816296074315	0.009909406951284066	0.7313501978194946	0.75659035	1818
"GO:0032649"	"regulation of type II interferon production"	-3.5086383061657274	3.8009231818132183	0.015560673309989535	0.7247496118811466	0.77691463	1818
"GO:0032652"	"regulation of interleukin-1 production"	-3.025028005701931	3.8169038393756605	0.016144013957643363	0.7241968279575018	0.77862043	1818
"GO:0032675"	"regulation of interleukin-6 production"	-4.423658649794207	3.9002032130168933	0.019557910490537306	0.721278786471634	0.78763448	1818
"GO:0032677"	"regulation of interleukin-8 production"	-3.657577319177794	3.5833121519830775	0.009426981774321403	0.7320606346463474	0.75440765	1818
"GO:0032680"	"regulation of tumor necrosis factor production"	-4.189767482004916	3.8185557792978027	0.016205547781235542	0.723712180926727	0.77879719	1818
"GO:0032722"	"positive regulation of chemokine production"	-3.5016894462103996	3.51067903103221	0.007974783537546043	0.6779702319961833	0.74718231	1818
"GO:0032729"	"positive regulation of type II interferon production"	-4.059483515067432	3.665393350279712	0.011388680070439982	0.67230618255791	0.78230742	1818
"GO:0032755"	"positive regulation of interleukin-6 production"	-4.401209493236885	3.7165875776756923	0.012813803424834786	0.6702572379749523	0.76803471	1818
"GO:0032757"	"positive regulation of interleukin-8 production"	-3.54515513999149	3.493597449000527	0.007667114419585163	0.6789990032586195	0.74550308	1818
"GO:1900015"	"regulation of cytokine production involved in inflammatory response"	-3.9829666607012197	3.5474054596674898	0.00867873047944054	0.733229548912965	0.75081841	1818
"GO:1903555"	"regulation of tumor necrosis factor superfamily cytokine production"	-4.079876673709276	3.827756862978617	0.016552598546295417	0.7238201345529296	0.77978317	1818
"GO:1903556"	"negative regulation of tumor necrosis factor superfamily cytokine production"	-3.6345120151091	3.4234097277330933	0.006522585300770684	0.7110000230854556	0.94798082	1818
"GO:2000343"	"positive regulation of chemokine (C-X-C motif) ligand 2 production"	-3.6270879970298933	2.9978230807457256	0.0024465848260249285	0.6964831154676278	0.9193304	1818
"GO:0001973"	"G protein-coupled adenosine receptor signaling pathway"	-5.062482107982653	3.6456187382426952	0.01088164136404045	0.787711508979353	0.4952878	null
"GO:0035588"	"G protein-coupled purinergic receptor signaling pathway"	-5.066006836168758	3.6456187382426952	0.01088164136404045	0.787711508979353	0.85907654	1973
"GO:0001975"	"response to amphetamine"	-6.444905551421681	2.884795363948981	0.0018853963548642809	0.9013157626804452	0.51194205	null
"GO:0002009"	"morphogenesis of an epithelium"	-4.5718652059712115	4.605638990395859	0.09926636421889876	0.952502095941809	0.68908171	null
"GO:0002064"	"epithelial cell development"	-3.3419886033428874	4.189799010639827	0.038101743568275545	0.9525419719815742	0.79095614	2009
"GO:0048729"	"tissue morphogenesis"	-4.585026652029182	4.699135004891022	0.1231119515373389	0.9544231650666168	0.73942068	2009
"GO:0048754"	"branching morphogenesis of an epithelial tube"	-3.423658649794207	3.7725417326409434	0.014576132132514713	0.8948497388801071	0.95951645	2009
"GO:0061138"	"morphogenesis of a branching epithelium"	-3.6055483191737836	3.9108377649926833	0.02004279702044365	0.8966493556499189	0.86733733	2009
"GO:0002066"	"columnar/cuboidal epithelial cell development"	-5.471083299722345	3.2405492482826	0.004280292769071781	0.9577284149424007	0.46544871	null
"GO:0002068"	"glandular epithelial cell development"	-3.9430951486635273	3.0863598306747484	0.0030003892383545145	0.9585241117286645	0.8714605	2066
"GO:0002237"	"response to molecule of bacterial origin"	-7.853871964321762	4.403360775765525	0.062304227063550315	0.9089528690775466	0.643113	null
"GO:0002295"	"T-helper cell lineage commitment"	-3.306273051076353	2.682145076373832	0.0011814494129697842	0.8509876534307096	0.6033253	null
"GO:0002376"	"immune system process"	-6.490797477668897	5.567019304402755	0.9082220067499159	1	-0	null
"GO:0002682"	"regulation of immune system process"	-6.777283528852417	5.28814410553558	0.47787659672272825	0.8291885829242468	0.20761263	null
"GO:0002822"	"regulation of adaptive immune response based on somatic recombination of immune receptors built from immunoglobulin superfamily domains"	-6.892790030352131	4.182129214052998	0.03743471692053635	0.7650547401165408	0.54319377	null
"GO:0002636"	"positive regulation of germinal center formation"	-3.563837352959244	1.8808135922807914	0.0001846014707765288	0.7545316966068718	0.74206	2822
"GO:0002714"	"positive regulation of B cell mediated immunity"	-3.6478174818886377	3.564073978977147	0.009018397185669354	0.7229527804859476	0.93718202	2822
"GO:0002819"	"regulation of adaptive immune response"	-6.361510743045363	4.208683161037417	0.039795154393532234	0.7668882620538556	0.72637808	2822
"GO:0002821"	"positive regulation of adaptive immune response"	-6.012333735073725	4.0042783722001625	0.024854742025351834	0.7108287808640047	0.96676543	2822
"GO:0002824"	"positive regulation of adaptive immune response based on somatic recombination of immune receptors built from immunoglobulin superfamily domains"	-6.2335871528876	3.9754777631658746	0.02325978531784263	0.7116384988757036	0.96282126	2822
"GO:0002825"	"regulation of T-helper 1 type immune response"	-3.08460016478773	3.2390490931401916	0.0042655246514096586	0.791935868926689	0.8718544	2822
"GO:0002891"	"positive regulation of immunoglobulin mediated immune response"	-3.6478174818886377	3.564073978977147	0.009018397185669354	0.7229527804859476	0.90979669	2822
"GO:0050777"	"negative regulation of immune response"	-3.290730039024169	4.077186154085897	0.029398399559398134	0.742317225401591	0.7126503	2822
"GO:0003008"	"system process"	-25.4145392704915	5.658049574713654	1.1200115821424117	0.900152113182697	-0	null
"GO:0003012"	"muscle system process"	-5.863279432843593	4.706265334409592	0.12514995177471178	0.8993151497798486	0.6750183	null
"GO:0003013"	"circulatory system process"	-22.774690718274137	4.796213427493061	0.15395024256879394	0.8979815160665497	0.58524955	null
"GO:0007600"	"sensory perception"	-3.518557371497695	5.383102322645107	0.5946677939006788	0.88749975340472	0.90252492	3013
"GO:0050877"	"nervous system process"	-8.099086932262331	5.560037013445795	0.8937369446763176	0.8850704281977245	0.79356754	3013
"GO:0003014"	"renal system process"	-5.296708621881339	3.7452309845281406	0.013687583719843688	0.9116557352037383	0.47945647	null
"GO:0006082"	"organic acid metabolic process"	-4.935542010773082	6.535454260345129	8.445551746967404	0.9682535960306987	0.42902998	null
"GO:0006265"	"DNA topological change"	-3.4559319556497243	4.868685573948292	0.18190875065613515	0.9836489103779602	0.27721625	null
"GO:0006352"	"DNA-templated transcription initiation"	-6.772113295386326	5.498863065954816	0.7763107184388958	0.9754477785232438	0.68600726	null
"GO:0006367"	"transcription initiation at RNA polymerase II promoter"	-8.016824927962187	4.892250475298266	0.1920519861370695	0.9781295188143543	0.10298912	null
"GO:0006468"	"protein phosphorylation"	-7.580044251510242	6.183647586752504	3.756826993126081	0.9765192940388847	0.40652725	null
"GO:0006520"	"amino acid metabolic process"	-3.2069083998234196	6.349827285704941	5.5080894579711925	0.9899243386328106	0.12927537	null
"GO:0006570"	"tyrosine metabolic process"	-3.0540392964224314	4.644143050509919	0.10846936287534463	0.9781037914340908	0.35003322	null
"GO:0006629"	"lipid metabolic process"	-5.436518914605589	6.385531203866832	5.980051423570241	0.989818961792725	0.0963197	null
"GO:0006694"	"steroid biosynthetic process"	-3.9956786262173574	4.957947119978726	0.22341700669847356	0.9806602740392334	0.45737756	null
"GO:0016125"	"sterol metabolic process"	-3.580044251510242	5.048375760906674	0.2751349547512259	0.9658719789223407	0.90896095	6694
"GO:0006793"	"phosphorus metabolic process"	-6.110698297493689	6.713141707407333	12.714975181439863	0.9815052612089569	0.134299	null
"GO:0006796"	"phosphate-containing compound metabolic process"	-6.313363730737707	6.711039325075964	12.653571809553702	0.9771213706977419	0.67310373	null
"GO:0016310"	"phosphorylation"	-5.5968794788241825	6.404965865659897	6.253736641437635	0.9790370756632212	0.74398633	6796
"GO:0006810"	"transport"	-13.367542707815275	6.876331770196184	18.51422792453157	0.9573801929593959	0.57173611	null
"GO:0051234"	"establishment of localization"	-13.08512818245995	6.888323017729411	19.032544550119077	0.9582620262237953	0.78220361	6810
"GO:0055085"	"transmembrane transport"	-11.105683937315561	6.721216453410256	12.953593503918547	0.9535041687715473	0.72016737	6810
"GO:0006811"	"monoatomic ion transport"	-20.402304814074487	6.300613307421874	4.917982551075166	0.9632385113567244	-0	null
"GO:0006812"	"monoatomic cation transport"	-16.30189945437661	6.218204275344302	4.067971541443448	0.9533013643786131	0.44232322	null
"GO:0030001"	"metal ion transport"	-14.978810700930062	6.016606351619008	2.557289097373141	0.9545390432053492	0.83402018	6812
"GO:0034220"	"monoatomic ion transmembrane transport"	-13.084072788302885	6.242153421106761	4.298600312266925	0.9471657844667895	0.90224319	6812
"GO:0098655"	"monoatomic cation transmembrane transport"	-12.872895201635192	6.165101516833915	3.5997729844952984	0.947095088694157	0.87883803	6812
"GO:0006814"	"sodium ion transport"	-6.860120913598763	5.397333310001031	0.6144767623914722	0.9587204295476621	0.69063579	null
"GO:0006813"	"potassium ion transport"	-4.13430394008393	5.424811425456997	0.6546115834912332	0.9584801461539498	0.70594866	6814
"GO:0006816"	"calcium ion transport"	-10.362510270487489	5.250861391984317	0.4385638675061586	0.9599552707798227	0.66364984	null
"GO:0006820"	"monoatomic anion transport"	-6.7544873321858505	5.3205201586614885	0.5148633474075136	0.9620927186733133	0.6762158	null
"GO:0006836"	"neurotransmitter transport"	-5.106793246940152	4.765579153897841	0.14346487902868713	0.9739084505431457	0.28755071	null
"GO:0006869"	"lipid transport"	-4.241088107602026	5.554812489062661	0.8830497501948285	0.9663988318600241	0.35504953	null
"GO:0032309"	"icosanoid secretion"	-3.2211255279972604	4.17032039987338	0.036430484919512035	0.9659896088349318	0.98334249	6869
"GO:0050482"	"arachidonate secretion"	-3.453457336521869	4.1640255242878395	0.03590621674250669	0.9642615378662047	0.73279222	6869
"GO:1903963"	"arachidonate transport"	-3.453457336521869	4.1640255242878395	0.03590621674250669	0.9666743755705397	0.98244398	6869
"GO:0006935"	"chemotaxis"	-9.093664958194909	5.29857800889311	0.48949664396987486	0.8608518920238221	0.60049838	null
"GO:0009615"	"response to virus"	-3.061480274823508	4.845203498726108	0.17233408770519254	0.9041192516916225	0.83234533	6935
"GO:0030595"	"leukocyte chemotaxis"	-8.546681659952963	4.0851478121269045	0.029942358559952968	0.8552912633361259	0.78747946	6935
"GO:0042330"	"taxis"	-9.036684488613888	5.30041720832783	0.49157402585434673	0.8984653708971325	0.99170397	6935
"GO:0043207"	"response to external biotic stimulus"	-8.995678626217357	5.58325206532196	0.9428113996675499	0.8924163646099036	0.81812321	6935
"GO:0051707"	"response to other organism"	-3.484126156288321	5.58315795063656	0.9426071073732241	0.8909570956148136	0.98396224	6935
"GO:0060326"	"cell chemotaxis"	-8.835647144215564	4.670282970674412	0.11519870182338504	0.8559550056480351	0.87527143	6935
"GO:0097529"	"myeloid leukocyte migration"	-5.530177984021837	4.067033639842262	0.028719066146940506	0.970901341430788	0.92951021	6935
"GO:0006939"	"smooth muscle contraction"	-6.35261702988538	3.887898488096872	0.01901149013703878	0.9079265884875327	0.59046392	null
"GO:0006936"	"muscle contraction"	-4.127843727251707	4.679173423631723	0.11758129147287409	0.8975112163223322	0.87177604	6939
"GO:0014821"	"phasic smooth muscle contraction"	-3.832682665251824	3.473632926873841	0.007322525007468976	0.9125985073164739	0.74493298	6939
"GO:0006950"	"response to stress"	-18.497572880015568	6.428160883324095	6.596819705552286	0.8942119083403739	0.50285572	null
"GO:0006952"	"defense response"	-11.60906489289662	5.6598135537959715	1.1245700077941203	0.904853526209366	0.46548467	null
"GO:0006954"	"inflammatory response"	-13.537602002101044	4.819649206293057	0.16248621457750065	0.9171641906168977	0.30820602	null
"GO:0006955"	"immune response"	-8.012333735073726	5.410414467099877	0.6332667307635791	0.8954222756441522	0.35928497	null
"GO:0002252"	"immune effector process"	-3.3429441471428962	4.663531319592994	0.11342160499804296	0.9804192116427046	0.78669321	6955
"GO:0002263"	"cell activation involved in immune response"	-3.2027324591692836	4.124960450789545	0.03281721879817945	0.8418520169072391	0.87688123	6955
"GO:0002274"	"myeloid leukocyte activation"	-3.1475200063631434	3.9788193867328423	0.023439464082731783	0.9027206707930527	0.85739338	6955
"GO:0002366"	"leukocyte activation involved in immune response"	-3.232102383981909	4.102124855734526	0.031136114737641194	0.8418870554496293	0.87377796	6955
"GO:0042110"	"T cell activation"	-4.105683937315562	4.315340476627288	0.05087370399306765	0.8981551942907957	0.90363681	6955
"GO:0045321"	"leukocyte activation"	-5.151810883008602	4.662493398030702	0.1131508561742374	0.8933841504589507	0.7865345	6955
"GO:0046649"	"lymphocyte activation"	-3.51427857351842	4.5574109486956225	0.08883268909060935	0.8946929457362331	0.94010902	6955
"GO:0050900"	"leukocyte migration"	-7.91721462968355	4.323396497131876	0.05182624758227454	0.9714113280057501	0.73789722	6955
"GO:0007154"	"cell communication"	-27.011887159731646	6.574350790896292	9.236864411598072	0.9942311769452643	0.02087127	null
"GO:0007166"	"cell surface receptor signaling pathway"	-15.835647144215564	5.8500516596084555	1.7427092633657988	0.7166570428984823	0.61586777	null
"GO:0007169"	"cell surface receptor protein tyrosine kinase signaling pathway"	-5.728158393463501	5.168016959978657	0.36239976201670654	0.7436456633509212	0.68003913	null
"GO:0007167"	"enzyme-linked receptor protein signaling pathway"	-4.468521082957745	5.316071039749486	0.5096157429315727	0.7375291644651337	0.73015715	7169
"GO:0038084"	"vascular endothelial growth factor signaling pathway"	-3.3726341434072675	3.794766797940821	0.015341612898001386	0.7722926566462772	0.72936672	7169
"GO:0007186"	"G protein-coupled receptor signaling pathway"	-24.090443970758823	5.774433748393295	1.464221945905271	0.7206628027176215	0.40014779	null
"GO:0007187"	"G protein-coupled receptor signaling pathway, coupled to cyclic nucleotide second messenger"	-32.795880017344075	4.273232834043045	0.046172519870625386	0.7737048062843416	0.27238744	null
"GO:0007188"	"adenylate cyclase-modulating G protein-coupled receptor signaling pathway"	-26.835647144215564	5.149249912590282	0.34707291723636735	0.7411894206642686	0.62380413	null
"GO:0007190"	"activation of adenylate cyclase activity"	-6.889410289700751	3.8125122842899826	0.015981564663360016	0.8407652549113408	0.69830655	null
"GO:0007193"	"adenylate cyclase-inhibiting G protein-coupled receptor signaling pathway"	-13.910094888560602	4.458063445325183	0.07066790436619891	0.7661113209941437	0.64435596	null
"GO:0007189"	"adenylate cyclase-activating G protein-coupled receptor signaling pathway"	-13.657577319177793	4.974050902792877	0.23185698594237647	0.7469262970175858	0.84729698	7193
"GO:0071880"	"adenylate cyclase-activating adrenergic receptor signaling pathway"	-9.48678239993206	4.282712723035266	0.04719151998931182	0.7719738669159373	0.75685513	7193
"GO:0007198"	"adenylate cyclase-inhibiting serotonin receptor signaling pathway"	-3.826813731587726	3.4367985102318035	0.006726877595096709	0.7955960424453995	0.66941273	null
"GO:0007208"	"phospholipase C-activating serotonin receptor signaling pathway"	-3.0915149811213505	2.4727564493172123	0.000728560471331367	0.8193122799086976	0.70446741	7198
"GO:0007200"	"phospholipase C-activating G protein-coupled receptor signaling pathway"	-14.954677021213342	4.558828524817011	0.08912312873796441	0.7640605795866683	0.65614098	null
"GO:0007204"	"positive regulation of cytosolic calcium ion concentration"	-21.707743928643524	4.557483140603017	0.08884745720827146	0.8115255946323277	0.1744195	null
"GO:0007267"	"cell-cell signaling"	-22.249491605148652	5.406652571520464	0.6278049885815375	0.8029206794267244	0.46658051	null
"GO:0007268"	"chemical synaptic transmission"	-12.860120913598763	5.28154694070609	0.47067221665655623	0.7973064491685785	0.4525544	null
"GO:0007197"	"adenylate cyclase-inhibiting G protein-coupled acetylcholine receptor signaling pathway"	-5.3124710387853655	3.746478509930031	0.01372696536694268	0.7339409648623877	0.98054837	7268
"GO:0007213"	"G protein-coupled acetylcholine receptor signaling pathway"	-3.630784142589857	3.7965743332104296	0.01540560807453725	0.7338521318496224	0.98706564	7268
"GO:0060079"	"excitatory postsynaptic potential"	-5.382999658879101	4.602439832843189	0.09853780374756739	0.6486702827491346	0.86856662	7268
"GO:0095500"	"acetylcholine receptor signaling pathway"	-5.367542707815276	3.88280904139244	0.018789968372106947	0.7368903039728326	0.75758627	7268
"GO:0098916"	"anterograde trans-synaptic signaling"	-12.860120913598763	5.28154694070609	0.47067221665655623	0.797309873157883	0.99321708	7268
"GO:0099536"	"synaptic signaling"	-13.002613615602687	5.3044258958093975	0.4961324515060551	0.7969826804910812	0.94494787	7268
"GO:0099537"	"trans-synaptic signaling"	-13.112945621949043	5.286281279455001	0.47583121242652426	0.7971741799324891	0.9862598	7268
"GO:0007584"	"response to nutrient"	-10.254925208417943	4.507734468072263	0.07923095125728616	0.8868852599276329	0.50820138	null
"GO:0031669"	"cellular response to nutrient levels"	-3.75448733218585	5.113354986024232	0.319540223208284	0.9067703479594171	0.82339174	7584
"GO:0031670"	"cellular response to nutrient"	-4.543633966870957	4.264723400902	0.0452765873991233	0.8802122754723235	0.7149747	7584
"GO:0033273"	"response to vitamin"	-3.515700160653214	3.345765693114488	0.005454358123210505	0.9034112031738308	0.81464236	7584
"GO:0042594"	"response to starvation"	-3.0920514783877278	5.107647436650064	0.3153682299687344	0.9092948022265391	0.92225219	7584
"GO:0007599"	"hemostasis"	-5.126679398184601	4.485749810814252	0.07531986142976743	0.8048761443175844	0.47705185	null
"GO:0007589"	"body fluid secretion"	-4.015922966097169	3.6568644915489172	0.011167158305508148	0.8045754254033197	0.8402316	7599
"GO:0007595"	"lactation"	-3.162411561764489	3.106870544478654	0.0031456090620320502	0.7835345259030517	0.77960158	7599
"GO:0007596"	"blood coagulation"	-3.87942606879415	4.482659240683335	0.07478574784098735	0.6929753282784316	0.9512729	7599
"GO:0035809"	"regulation of urine volume"	-3.453457336521869	2.660865478003869	0.0011248382952649821	0.7887083741516931	0.73646711	7599
"GO:0070255"	"regulation of mucus secretion"	-4.063486257521107	2.8709888137605755	0.0018263238842157917	0.6979774498377572	0.75618561	7599
"GO:1900046"	"regulation of hemostasis"	-4.360513510731414	3.8884041677370464	0.019033642313531964	0.814612996625727	0.86866416	7599
"GO:0007610"	"behavior"	-14.84163750790475	4.6345377245814365	0.1060966186376303	0.9149585300724702	0.56603716	null
"GO:0007623"	"circadian rhythm"	-4.943095148663527	4.511495663673566	0.07992013008151853	1	-0	null
"GO:0007631"	"feeding behavior"	-5.555955204081924	3.947531745695593	0.021810048434010958	0.9135922792241814	0.49674198	null
"GO:0007611"	"learning or memory"	-5.448550002027125	4.084325995016827	0.02988574744224817	0.898078788047907	0.82693926	7631
"GO:0007612"	"learning"	-3.684029654543082	3.7014816356209272	0.012375682600858489	0.9028773719552207	0.9269792	7631
"GO:0007613"	"memory"	-5.2564902352715706	3.830396176483469	0.016653514016986583	0.9012864541128041	0.94334523	7631
"GO:0007617"	"mating behavior"	-3.540607512240769	3.6960941599952233	0.012223078718349894	0.9130124727417693	0.78454687	7631
"GO:0007626"	"locomotory behavior"	-5.309803919971486	4.047780924741197	0.027473621557434862	0.9124560053408509	0.83864019	7631
"GO:0007632"	"visual behavior"	-3.070070439915412	3.340047317661393	0.00538297888784358	0.8530493439625887	0.74931215	7631
"GO:0008306"	"associative learning"	-3.9746941347352296	3.468495024507069	0.007236377654439928	0.9056270613785573	0.89879522	7631
"GO:0019098"	"reproductive behavior"	-3.1511952989481964	3.7810369386211318	0.014864110426926098	0.9120765327799446	0.79344685	7631
"GO:0008150"	"biological_process"	-5.958607314841775	7.608826117220222	100	1	-0	null
"GO:0008152"	"metabolic process"	-5.790484985457369	7.372900851027942	58.08643542977757	1	-0	null
"GO:0008202"	"steroid metabolic process"	-6.356547323513812	5.230425928708833	0.41840538689736173	0.9873044865742353	0.05497365	null
"GO:0008284"	"positive regulation of cell population proliferation"	-19.379863945026244	4.967150002647506	0.22820187682100118	0.7211743388547167	0.19159439	null
"GO:0001936"	"regulation of endothelial cell proliferation"	-4.304518323509803	4.100405011565889	0.031013047090456835	0.826720799174184	0.93213394	8284
"GO:0008285"	"negative regulation of cell population proliferation"	-10.812479279163536	4.705906455700312	0.12504657495107693	0.7771334488925647	0.86084593	8284
"GO:0048660"	"regulation of smooth muscle cell proliferation"	-6.777283528852417	3.659250468772661	0.011228692129100324	0.8376107253077923	0.72413889	8284
"GO:0050678"	"regulation of epithelial cell proliferation"	-8.924453038607469	4.386641626135628	0.059951173649385486	0.8204550343700249	0.81397497	8284
"GO:0050679"	"positive regulation of epithelial cell proliferation"	-5.2636034977233574	4.207849711130526	0.039718852452277936	0.7487406450862578	0.78988972	8284
"GO:0050680"	"negative regulation of epithelial cell proliferation"	-3.87942606879415	3.8578750255235623	0.017741432018096262	0.8006568097836615	0.90052125	8284
"GO:0070663"	"regulation of leukocyte proliferation"	-5.164309428507575	4.444466388020193	0.06848960701103586	0.8189317745242141	0.82208197	8284
"GO:0008610"	"lipid biosynthetic process"	-3.3526170298853804	6.1509841162172165	3.4846382778484486	0.9798043559792178	0.59961832	null
"GO:0008628"	"hormone-mediated apoptotic signaling pathway"	-4.752026733638194	1.5440680443502757	8.368600008535972E-05	0.8075508229452719	0.50202159	null
"GO:0009058"	"biosynthetic process"	-5.818156412055227	7.06378821024573	28.507692540195496	0.9894693820735685	0.14383199	null
"GO:0009112"	"nucleobase metabolic process"	-6.032452023781138	5.385488301050675	0.5979438546687262	0.9758041545745534	0.24295577	null
"GO:0009159"	"deoxyribonucleoside monophosphate catabolic process"	-3.6270879970298933	3.2533380053261065	0.004408283122143508	0.9737919299528491	0.3748274	null
"GO:0009172"	"purine deoxyribonucleoside monophosphate catabolic process"	-3.563837352959244	2.4683473304121573	0.0007211764125003059	0.9762707341853837	0.8541633	9159
"GO:0009268"	"response to pH"	-5.939302159646388	3.720820581770344	0.012939332424962827	0.9216426465826129	0.58092766	null
"GO:0009409"	"response to cold"	-4.270025714300444	4.38751440114948	0.06007177994362616	0.9104107786521478	0.64281611	null
"GO:0009410"	"response to xenobiotic stimulus"	-33.92445303860747	4.82675488069819	0.16516662793317585	0.884796265446078	0.54179378	null
"GO:0009605"	"response to external stimulus"	-20.59687947882418	5.806780784629541	1.5774441813148754	0.9074533187423259	0.40423315	null
"GO:0009607"	"response to biotic stimulus"	-9.154281982033341	5.596143873584628	0.9712178739906423	0.9112038245491411	0.37903385	null
"GO:0009611"	"response to wounding"	-8.79860287567955	4.806064599188238	0.15748228404298487	0.9182574580749215	0.3944165	null
"GO:0009612"	"response to mechanical stimulus"	-5.208309350979882	4.2433357485598755	0.04310075139690395	0.9043544565004255	0.62834053	null
"GO:0009628"	"response to abiotic stimulus"	-16.10790539730952	5.578317093840565	0.9321586641272724	0.9115069441362637	0.3770446	null
"GO:0009651"	"response to salt stress"	-3.3726341434072675	4.4589247662340945	0.07080820148398907	0.909630386643231	0.65023548	null
"GO:0009712"	"catechol-containing compound metabolic process"	-6.701146923590294	4.465427468452574	0.07187642866154925	0.9697583605356308	0.59368657	null
"GO:0006584"	"catecholamine metabolic process"	-6.701146923590294	4.086644520610805	0.030045735383587825	0.9705697136612065	0.82988619	9712
"GO:0019336"	"phenol-containing compound catabolic process"	-3.173277479831008	4.2422680448276875	0.0429949132203254	0.9679138722097951	0.84972624	9712
"GO:0019614"	"catechol-containing compound catabolic process"	-3.6270879970298933	3.9967742708613048	0.02442892796609398	0.9680725490142107	0.88057652	9712
"GO:0042416"	"dopamine biosynthetic process"	-3.306273051076353	3.246252312299322	0.004336903886776583	0.9701807400031449	0.86141608	9712
"GO:0042417"	"dopamine metabolic process"	-6.559090917934783	3.7964355588101744	0.015400685368649875	0.9713465343565973	0.85652145	9712
"GO:0042424"	"catecholamine catabolic process"	-3.6270879970298933	3.6225248624035684	0.010317991539936117	0.9692673113702129	0.90299267	9712
"GO:0042428"	"serotonin metabolic process"	-3.306273051076353	3.536179532137225	0.008457208714508706	0.9735185517137199	0.76657038	9712
"GO:0046189"	"phenol-containing compound biosynthetic process"	-3.020451625295905	4.458365857761262	0.07071713142507265	0.9659361231531177	0.87890252	9712
"GO:0009719"	"response to endogenous stimulus"	-24.0268721464003	5.524614188342792	0.8237336056049143	0.9124073534122393	0.37117626	null
"GO:0009895"	"negative regulation of catabolic process"	-5.137868620686963	4.765206452090041	0.14334181138150276	0.7848963541780618	0.60295834	null
"GO:0009987"	"cellular process"	-13.540607512240769	7.481258236372406	74.54733381080298	1	-0	null
"GO:0010038"	"response to metal ion"	-6.950781977329818	5.011895936734436	0.25296801014038034	0.8812583990005061	0.56340637	null
"GO:0010447"	"response to acidic pH"	-3.540607512240769	3.3585059114902354	0.005616807417493849	0.925348205227218	0.55203827	null
"GO:0010573"	"vascular endothelial growth factor production"	-4.063486257521107	2.571708831808688	0.0009156232950515827	0.9235945945721287	0.39887707	null
"GO:0010628"	"positive regulation of gene expression"	-4.6020599913279625	5.294221453198817	0.484610858376656	0.7094213337388038	0.68345106	null
"GO:0010646"	"regulation of cell communication"	-14.714442690992227	5.899918945937375	1.9547548194644382	0.8013287573981134	0.24696378	null
"GO:0010647"	"positive regulation of cell communication"	-16.204119982655925	5.4174351544632025	0.643587183656459	0.703524830025663	0.58991932	null
"GO:0009966"	"regulation of signal transduction"	-8.838631997765026	5.841146025478373	1.7073371602120722	0.733252598823905	0.88667309	10647
"GO:0009967"	"positive regulation of signal transduction"	-14.317854923626168	5.367374559874197	0.573517388055576	0.6732337885925599	0.94159965	10647
"GO:0010648"	"negative regulation of cell communication"	-5.3585258894959	5.421641761483437	0.6498513268981425	0.7514953997192702	0.79808507	10647
"GO:0023057"	"negative regulation of signaling"	-5.33161408331	5.422364920152503	0.6509343221933648	0.7571950439258373	0.79751295	10647
"GO:0031349"	"positive regulation of defense response"	-5.251037138743839	4.664030524947218	0.11355205670405838	0.7204639849987111	0.85680625	10647
"GO:0032102"	"negative regulation of response to external stimulus"	-8.413412695328246	4.660030223038667	0.11251090440887877	0.7615303142212014	0.85305369	10647
"GO:0032103"	"positive regulation of response to external stimulus"	-15.568636235841012	4.755165691252543	0.1400657506134553	0.717446483102952	0.78272834	10647
"GO:0043408"	"regulation of MAPK cascade"	-12.012780770091995	5.083459618247788	0.2982839791866026	0.7643994762495285	0.8114668	10647
"GO:0043410"	"positive regulation of MAPK cascade"	-13.785156151952302	4.796851749049887	0.15417668703961315	0.6998533762536292	0.85775878	10647
"GO:0050727"	"regulation of inflammatory response"	-9.337242168318426	4.480438147177817	0.07440423813471585	0.7946456548165254	0.82744285	10647
"GO:0051897"	"positive regulation of phosphatidylinositol 3-kinase/protein kinase B signal transduction"	-13.913640169325252	3.9812294874200007	0.023569915788747196	0.732901477416504	0.74138464	10647
"GO:0070374"	"positive regulation of ERK1 and ERK2 cascade"	-8.721246399047171	4.3364797469579965	0.053411358878009005	0.7190340379214799	0.78794804	10647
"GO:1902531"	"regulation of intracellular signal transduction"	-12.567030709125595	5.597205780630544	0.9735955409342439	0.7442204526259754	0.7972863	10647
"GO:1902533"	"positive regulation of intracellular signal transduction"	-17.32605800136591	5.224481265303632	0.412717200244501	0.6800518272022086	0.73234176	10647
"GO:0010817"	"regulation of hormone levels"	-18.739928612014925	5.059059541001648	0.28198736134645064	0.7963914583305203	0.52588194	null
"GO:0010827"	"regulation of D-glucose transmembrane transport"	-3.114638779968488	3.6885977750811696	0.012013863718136494	0.8074231981552644	0.66657482	null
"GO:0014041"	"regulation of neuron maturation"	-3.306273051076353	2.5622928644564746	0.0008959324715020865	0.8404910341457921	0.12139178	null
"GO:0014062"	"regulation of serotonin secretion"	-5.3124710387853655	2.509202522331103	0.0007925556478672304	0.8262058518999699	0.5580968	null
"GO:0014070"	"response to organic cyclic compound"	-31.429457060118104	4.89256205278148	0.19218982190191597	0.8835636511103073	0.54928328	null
"GO:0014075"	"response to amine"	-7.747146969020107	2.9380190974762104	0.002131531649232986	0.9006840443134849	0.48864008	null
"GO:0015711"	"organic anion transport"	-5.690369832574102	5.735843121663261	1.3397267140135802	0.9680812806186633	0.37525419	null
"GO:0015837"	"amine transport"	-3.826813731587726	3.9147661369258526	0.020224937138276496	0.9745318557001653	0.3281937	null
"GO:0015842"	"aminergic neurotransmitter loading into synaptic vesicle"	-5.347753658996677	3.2826221128780624	0.004715952240104389	0.9691365569421747	0.69335156	null
"GO:0015844"	"monoamine transport"	-5.201349354554731	3.8949249773595436	0.01932162060794335	0.974609455062847	0.23769756	null
"GO:0015849"	"organic acid transport"	-5.619788758288394	5.657785122793393	1.1193297873770105	0.9686487311996846	0.36626697	null
"GO:0015850"	"organic hydroxy compound transport"	-4.913640169325252	4.949960558155334	0.2193459289296152	0.9729764208363291	0.30091563	null
"GO:0015872"	"dopamine transport"	-4.655607726314889	3.3506356082589543	0.005515891946802681	0.97532030353029	0.30496459	null
"GO:0051937"	"catecholamine transport"	-4.33161408331	3.475380593143361	0.0073520612427932204	0.974900021734082	0.88494992	15872
"GO:0016048"	"detection of temperature stimulus"	-3.630784142589857	2.888179493918325	0.0019001644725264032	0.9183136140738271	0.68406894	null
"GO:0016477"	"cell migration"	-7.350665141287858	5.292579456000397	0.48278207313949656	0.9842674249143164	-0	null
"GO:0001667"	"ameboidal-type cell migration"	-3.1580151954098863	4.480466878908958	0.07440916084060323	0.984988232759733	0.7565361	16477
"GO:0001755"	"neural crest cell migration"	-3.0259490972071226	4.3243030374868345	0.05193454711179677	0.9399530840767422	0.73544118	16477
"GO:0018108"	"peptidyl-tyrosine phosphorylation"	-10.059981844992336	3.9444826721501687	0.02165744455150236	0.9831918181500139	0.44726651	null
"GO:0038083"	"peptidyl-tyrosine autophosphorylation"	-4.06198090252379	3.04688519083771	0.0027394858263236873	0.9851168383170081	0.84060866	18108
"GO:0018212"	"peptidyl-tyrosine modification"	-10.059981844992336	4.14992695911359	0.03475922627074853	0.989969567187888	-0	null
"GO:0018958"	"phenol-containing compound metabolic process"	-8.539102157243452	4.838275947525585	0.1696069086435873	0.9730941559259969	0.04341453	null
"GO:0046165"	"alcohol biosynthetic process"	-5.590066876668706	5.359378189398367	0.5630541766919623	0.9574524507219078	0.81111902	18958
"GO:0046173"	"polyol biosynthetic process"	-3.115771230367396	4.913702616381913	0.20177679161757703	0.9605529474186942	0.83399094	18958
"GO:1901617"	"organic hydroxy compound biosynthetic process"	-6.462180904926726	5.529634363247561	0.8333107299088005	0.9661023692434334	0.72396411	18958
"GO:1902652"	"secondary alcohol metabolic process"	-3.1617807780923743	4.967608810624577	0.22844308940948255	0.9633913162150618	0.74379997	18958
"GO:0019216"	"regulation of lipid metabolic process"	-14.021363051615525	4.630366845751405	0.10508254122483125	0.8259176603705408	0.17724627	null
"GO:0019221"	"cytokine-mediated signaling pathway"	-11.494850021680094	4.96721557632752	0.22823633576221283	0.7196133355291312	0.55803424	null
"GO:0034097"	"response to cytokine"	-3.0746879085003505	5.073168262265102	0.29129865953241874	0.8766006800916447	0.97649614	19221
"GO:0019222"	"regulation of metabolic process"	-7.841637507904751	6.806314448734751	15.757534779778567	0.7664564435189886	0.5977317	null
"GO:0019233"	"sensory perception of pain"	-5.079876673709276	3.619823500457278	0.010253996363400252	0.9120309166249225	0.49127278	null
"GO:0019722"	"calcium-mediated signaling"	-11.216096420727265	4.791922117501735	0.1524365105084264	0.761167322165788	0.64151521	null
"GO:0000165"	"MAPK cascade"	-6.665546248849069	4.759176625403369	0.14136534496772205	0.7623769089113474	0.73619769	19722
"GO:0019748"	"secondary metabolic process"	-3.0259490972071226	5.412868609276585	0.6368553833554749	0.993561225553578	0.04968112	null
"GO:0019752"	"carboxylic acid metabolic process"	-4.289036881004725	6.517258199558676	8.099010481966873	0.9672900182780937	0.65331514	null
"GO:0043436"	"oxoacid metabolic process"	-4.294992040666664	6.526826292968412	8.279422730033247	0.9672225667407275	0.90424573	19752
"GO:0019933"	"cAMP-mediated signaling"	-13.234331445240986	3.9228810912082936	0.020606446844547988	0.7895273741423006	0.27337294	null
"GO:0021700"	"developmental maturation"	-3.326979092871104	4.548917376094036	0.0871122033829721	0.9628068697872965	0.59943893	null
"GO:0021769"	"orbitofrontal cortex development"	-3.0915149811213505	1.6020599913279623	9.599276480379496E-05	0.9236886137133047	0.36314672	null
"GO:0022414"	"reproductive process"	-6.4089353929735005	5.62658773183261	1.0417430198861073	1	-0	null
"GO:0022600"	"digestive system process"	-6.91721462968355	3.9660947794461707	0.022762592023217842	0.9074447087605547	0.59761724	null
"GO:0050892"	"intestinal absorption"	-3.987162775294828	3.564192460626198	0.00902085853861304	0.9119721219748655	0.91451338	22600
"GO:0098856"	"intestinal lipid absorption"	-3.173277479831008	3.4316853446860116	0.006648114300898724	0.9133878467347789	0.89901249	22600
"GO:0023051"	"regulation of signaling"	-15.289882634888183	5.9013275229365645	1.9611051100591508	0.8086447635046868	0.2470716	null
"GO:0023052"	"signaling"	-24.767003889607846	6.571894386105714	9.184767415191992	0.7791953802985315	0.35535048	null
"GO:0023056"	"positive regulation of signaling"	-16.101274818410506	5.416911648736081	0.6428118574791976	0.7116186659896429	0.59082699	null
"GO:0030155"	"regulation of cell adhesion"	-9.4089353929735	4.8665944864062345	0.18103497036112626	0.8346345754982999	0.18707289	null
"GO:0030278"	"regulation of ossification"	-3.6216020990518625	3.9177155165594932	0.02036277290312297	0.7454237555616362	0.62877815	null
"GO:0030522"	"intracellular receptor signaling pathway"	-9.756961951313706	4.787814567063023	0.15100154174225688	0.7627116389100492	0.41231994	null
"GO:0030656"	"regulation of vitamin metabolic process"	-3.173277479831008	3.291812687467119	0.004816867710795558	0.8456362552590512	0.66311842	null
"GO:0030730"	"sequestering of triglyceride"	-3.0915149811213505	2.315970345456918	0.0005070387063995324	0.9806481809173931	0.54830934	null
"GO:0030900"	"forebrain development"	-4.149966742310231	4.3483243377003875	0.05488817064422123	0.8940753195448107	0.63335429	null
"GO:0031620"	"regulation of fever generation"	-8.806875401645538	2.3729120029701067	0.0005784179417664569	0.7472093106367232	0.50812431	null
"GO:0002675"	"positive regulation of acute inflammatory response"	-6.801342913045577	2.739572344450092	0.0013488214131405038	0.7765374107183616	0.89259405	31620
"GO:0031622"	"positive regulation of fever generation"	-7.61261017366127	2.2764618041732443	0.00046273435341316556	0.707916723562139	0.88834446	31620
"GO:0031652"	"positive regulation of heat generation"	-6.549750891680639	2.8603380065709936	0.0017820195312294247	0.7224177163232973	0.94043272	31620
"GO:0031623"	"receptor internalization"	-4.059483515067432	4.202951245040243	0.039273347569470575	0.9648070004201308	0.65211735	null
"GO:0031649"	"heat generation"	-4.752026733638194	2.90687353472207	0.0019838504726117628	0.9144080519164349	0.65862098	null
"GO:0031650"	"regulation of heat generation"	-7.519993057042849	2.9132839017604186	0.0020133867079360074	0.7744243053389736	0.54473424	null
"GO:0031667"	"response to nutrient levels"	-12.226945306635738	5.293537121475543	0.48384783896411304	0.9160760392064031	0.34787873	null
"GO:0032101"	"regulation of response to external stimulus"	-15.735182176990463	5.1257544437096305	0.3287949102765473	0.7875875114918066	0.19918791	null
"GO:0009891"	"positive regulation of biosynthetic process"	-5.253365801062421	5.913378280293256	2.016283720350727	0.6872424222889961	0.89884332	32101
"GO:0009893"	"positive regulation of metabolic process"	-10.262807357295262	6.06847677870949	2.881710183468756	0.6866519289808999	0.87053528	32101
"GO:0010557"	"positive regulation of macromolecule biosynthetic process"	-4.185752404268079	5.9062655275718985	1.9835304967290837	0.6765891907635454	0.97650792	32101
"GO:0010604"	"positive regulation of macromolecule metabolic process"	-8.211831628858832	6.036854366586578	2.6793402057917506	0.6804781058611187	0.93347054	32101
"GO:0031325"	"positive regulation of cellular metabolic process"	-8.621602099051863	5.9756385661812965	2.327083679255978	0.6770790048382173	0.84419067	32101
"GO:0031328"	"positive regulation of cellular biosynthetic process"	-4.777283528852417	5.908930344450636	1.995738807329771	0.676678352944202	0.89764383	32101
"GO:0045893"	"positive regulation of DNA-templated transcription"	-4.040481623027001	5.793807839906026	1.531020603443994	0.6820732031928537	0.94526507	32101
"GO:0045944"	"positive regulation of transcription by RNA polymerase II"	-4.575118363368933	5.609050934447659	1.0005153580793493	0.6923748036433203	0.89805965	32101
"GO:0048522"	"positive regulation of cellular process"	-11.856985199745905	6.174251169289501	3.6764170538087693	0.6883067381466896	0.73946298	32101
"GO:0048584"	"positive regulation of response to stimulus"	-13.508638306165727	5.541162220926623	0.8557262711669584	0.6940223167620808	0.70541642	32101
"GO:0048585"	"negative regulation of response to stimulus"	-6.5934598195660445	5.495058433016688	0.7695395364908127	0.738503417851268	0.76771907	32101
"GO:0051254"	"positive regulation of RNA metabolic process"	-3.503070351926785	5.849151506011876	1.7391009199503533	0.6892107423126022	0.95746444	32101
"GO:0080134"	"regulation of response to stress"	-6.559090917934783	5.2680839618417785	0.45630529952425497	0.7824893117448651	0.72819158	32101
"GO:1902680"	"positive regulation of RNA biosynthetic process"	-4.0338582672609675	5.793886030659488	1.531296274973687	0.6822101763446656	0.95266769	32101
"GO:0032368"	"regulation of lipid transport"	-3.1372724716820253	3.8025684983139563	0.015619745780638024	0.8096496789354685	0.67932329	null
"GO:0032501"	"multicellular organismal process"	-39.57511836336894	6.163132142633867	3.5834862120669206	1	-0	null
"GO:0032502"	"developmental process"	-10.97061622231479	6.192100572841233	3.830665120083749	1	-0	null
"GO:0032768"	"regulation of monooxygenase activity"	-4.490797477668897	3.2013971243204513	0.003911089827518723	0.8525104127293256	0.45890575	null
"GO:0050999"	"regulation of nitric-oxide synthase activity"	-4.036212172654444	3.040602340114073	0.0027001041792246946	0.8548783693352503	0.84070032	32768
"GO:0060558"	"regulation of calcidiol 1-monooxygenase activity"	-3.826813731587726	2.4653828514484184	0.0007162537066129317	0.8643004990095637	0.9075011	32768
"GO:0060559"	"positive regulation of calcidiol 1-monooxygenase activity"	-3.0915149811213505	2.089905111439398	0.0003002850591298202	0.8681049030652906	0.87354918	32768
"GO:0032879"	"regulation of localization"	-27.38615817812393	5.565863160327171	0.9058074195121588	0.8204843555527007	0.2238009	null
"GO:0032890"	"regulation of organic acid transport"	-5.87942606879415	3.4690852991231202	0.007246223066214677	0.8176979207258072	0.64332006	null
"GO:0033076"	"isoquinoline alkaloid metabolic process"	-3.0915149811213505	2.9903388547876015	0.0024047418259822485	0.9958095918717635	0.02448289	null
"GO:0033083"	"regulation of immature T cell proliferation"	-3.306273051076353	2.835056101720116	0.0016811040605382557	0.7275132917600543	0.64360822	null
"GO:0033500"	"carbohydrate homeostasis"	-4.211831628858833	4.505678952441556	0.07885682560984572	0.9746122193554444	0.68224701	null
"GO:0033555"	"multicellular organismal response to stress"	-8.312471038785366	3.5390760987927767	0.008513819832213507	0.8663591905865087	0.46303549	null
"GO:0033602"	"negative regulation of dopamine secretion"	-3.0915149811213505	1.8325089127062364	0.0001649106472270324	0.8142119163543502	0.65571994	null
"GO:0033993"	"response to lipid"	-25.199970640755865	5.0331462008952395	0.26565382321214337	0.8808380869222233	0.56599786	null
"GO:0034103"	"regulation of tissue remodeling"	-4.661543506395395	3.881213416255019	0.018721050489683706	0.7466086840856287	0.62527356	null
"GO:0034105"	"positive regulation of tissue remodeling"	-3.844663962534938	2.103803720955957	0.00031013047090456836	0.7450137210944202	0.49161326	null
"GO:0045124"	"regulation of bone resorption"	-3.258848401148215	3.785756799962643	0.015026559721209443	0.7489960133785015	0.79878553	34105
"GO:0035094"	"response to nicotine"	-5.512861624522814	3.5363058723510337	0.008459670067452392	0.9045379248180734	0.42748508	null
"GO:0035295"	"tube development"	-6.496209316942819	4.920832651153442	0.20511684756216036	0.8883080038011881	0.6528536	null
"GO:0035306"	"positive regulation of dephosphorylation"	-5.503070351926785	2.5877109650189114	0.0009500822362632016	0.7849371211725517	0.66139855	null
"GO:0035556"	"intracellular signal transduction"	-16.380906669373257	6.25082994866753	4.385343312708344	0.6932478320789975	0.60127973	null
"GO:0007165"	"signal transduction"	-29.220403508742177	6.555859777363872	8.851839893322994	0.6731273011965675	0.78117509	35556
"GO:0035590"	"purinergic nucleotide receptor signaling pathway"	-4.22767829327708	4.202733458045444	0.03925365674592108	0.7791379266343167	0.57149485	null
"GO:0035813"	"regulation of renal sodium excretion"	-6.515700160653214	2.1335389083702174	0.0003322826473977518	0.7365999189965904	0.53049157	null
"GO:0035815"	"positive regulation of renal sodium excretion"	-4.33161408331	1.9731278535996986	0.00022890582376289568	0.6985917665338534	0.92100231	35813
"GO:0036336"	"dendritic cell migration"	-4.6020599913279625	2.66838591669	0.0011445291188144785	0.9753538030107862	0.56754863	null
"GO:0002407"	"dendritic cell chemotaxis"	-3.832682665251824	2.45178643552429	0.0006941015301197483	0.882064298627692	0.75265592	36336
"GO:0038001"	"paracrine signaling"	-3.826813731587726	2.9459607035775686	0.0021709132963319785	0.8551097990768047	0.62608007	null
"GO:0038003"	"G protein-coupled opioid receptor signaling pathway"	-3.4559319556497243	3.4599952560473914	0.0070960805366497666	0.7972386331179807	0.48300083	null
"GO:0038110"	"interleukin-2-mediated signaling pathway"	-3.173277479831008	2.8494194137968996	0.0017377151782430578	0.7892110689453866	0.69233058	null
"GO:0038112"	"interleukin-8-mediated signaling pathway"	-3.563837352959244	1.568201724066995	8.860870597273382E-05	0.8168132105109267	0.5894062	null
"GO:0038162"	"erythropoietin-mediated signaling pathway"	-3.0915149811213505	2.8407332346118066	0.0017032562370314392	0.7894249475707416	0.69151788	null
"GO:0038166"	"angiotensin-activated signaling pathway"	-3.306273051076353	3.3998467127129226	0.006177995888654498	0.7441248352906888	0.69893069	null
"GO:0038169"	"somatostatin receptor signaling pathway"	-6.441291429466834	3.5549734583332397	0.008831334361949137	0.7947494580931531	0.48921076	null
"GO:0038170"	"somatostatin signaling pathway"	-6.441291429466834	3.5549734583332397	0.008831334361949137	0.7530000812722659	0.665553	null
"GO:0040007"	"growth"	-3.962573502059376	4.669911651840315	0.11510024770563755	1	-0	null
"GO:0040008"	"regulation of growth"	-6.72584215073632	4.89184397587854	0.19187230737218033	0.8401954623695649	0.18818806	null
"GO:0040011"	"locomotion"	-7.2262135550188065	5.307164307090027	0.4992706765092561	1	-0	null
"GO:0040012"	"regulation of locomotion"	-11.636388020107855	5.219450916891037	0.4079643277102412	0.8312078978988394	0.20396341	null
"GO:0042060"	"wound healing"	-4.954677021213342	4.688428721388616	0.12011402365192808	0.9176772038283989	0.38629011	null
"GO:0048678"	"response to axon injury"	-3.0259490972071226	3.6093809442507068	0.010010322421975235	0.9296951635856199	0.80877784	42060
"GO:0042127"	"regulation of cell population proliferation"	-25.93554201077308	5.212677574440172	0.401650957409684	0.824847395507889	0.20361052	null
"GO:0042221"	"response to chemical"	-41.65169513695184	6.242583414694064	4.302858452859503	0.8985557072484154	-0	null
"GO:0042391"	"regulation of membrane potential"	-13.958607314841775	5.197861985482968	0.3881799727488847	0.7917527642129408	0.61058821	null
"GO:0042445"	"hormone metabolic process"	-6.958607314841775	4.894808795929415	0.19318666984410923	0.7893890463805419	0.55958328	null
"GO:0032350"	"regulation of hormone metabolic process"	-3.5287082889410613	3.2350231594952237	0.0042261430043106655	0.815480444963962	0.71742441	42445
"GO:0042446"	"hormone biosynthetic process"	-3.58838029403677	4.616139291308727	0.10169571957431786	0.7941841304831184	0.89108288	42445
"GO:0042447"	"hormone catabolic process"	-4.1911141326401875	2.9894498176666917	0.0023998191200948742	0.8340510008069547	0.69338268	null
"GO:0042592"	"homeostatic process"	-32.367542707815275	5.894315508737042	1.9296957851447603	1	-0	null
"GO:0042593"	"glucose homeostasis"	-4.2373214362725635	4.502986698753511	0.07836947772699569	0.9746236209509704	0.68187456	null
"GO:0042752"	"regulation of circadian rhythm"	-5.6439741428068775	4.27214341759105	0.04605683628227209	0.854754022352588	0.16416904	null
"GO:0042756"	"drinking behavior"	-3.6270879970298933	2.3404441148401185	0.000536574941723777	0.9282029026548286	0.6653019	null
"GO:0042755"	"eating behavior"	-3.294992040666664	3.285557309007774	0.004747949828372321	0.9201254912433545	0.7631013	42756
"GO:0042908"	"xenobiotic transport"	-4.557520230935552	5.080474962416494	0.29624105624334235	0.9722738604983806	0.31115244	null
"GO:0042981"	"regulation of apoptotic process"	-11.913640169325252	5.3014770887669	0.49277516609086597	0.8165822345261131	0.2083361	null
"GO:0043065"	"positive regulation of apoptotic process"	-3.835647144215563	4.768482704043391	0.14442726802966876	0.7469643436173473	0.88677024	42981
"GO:0043066"	"negative regulation of apoptotic process"	-8.210419287835574	4.969196845946869	0.22927994941033614	0.7886921982089395	0.92274968	42981
"GO:0043068"	"positive regulation of programmed cell death"	-3.7721132953863266	4.779762386032165	0.14822759697472157	0.7465378134485949	0.88871764	42981
"GO:0043069"	"negative regulation of programmed cell death"	-9.012333735073726	4.980998152783538	0.2355957810638371	0.7883022086585073	0.92495624	42981
"GO:0043067"	"regulation of programmed cell death"	-13.272458742971443	5.314758085477364	0.5080773973417684	0.8217267131233967	0.20906179	null
"GO:0043085"	"positive regulation of catalytic activity"	-11.184422251675732	5.423855097552538	0.6531716920191764	0.7969593392211924	0.64443051	null
"GO:0044093"	"positive regulation of molecular function"	-12.090979145788843	5.5038873334560945	0.7853438837422273	0.7979722376027296	0.84442632	43085
"GO:0050790"	"regulation of catalytic activity"	-9.866461091629782	5.6698039099679605	1.150739112291401	0.7918287913188286	0.89578343	43085
"GO:0051090"	"regulation of DNA-binding transcription factor activity"	-3.317854923626168	4.695271483141623	0.12202157218328553	0.7920997578224923	0.71050106	43085
"GO:0051091"	"positive regulation of DNA-binding transcription factor activity"	-5.192464971931146	4.503082164576042	0.0783867071976015	0.7951244956163427	0.78945969	43085
"GO:0051092"	"positive regulation of NF-kappaB transcription factor activity"	-3.562249437179612	4.264298247190216	0.045232283046136926	0.8021209159857645	0.90228489	43085
"GO:0051336"	"regulation of hydrolase activity"	-4.6307841425898575	5.332151528795684	0.5288389094217687	0.8020175429693449	0.85919351	43085
"GO:0051338"	"regulation of transferase activity"	-7.991399828238082	5.267800413255474	0.45600747581806883	0.8041829843367136	0.84697735	43085
"GO:0051345"	"positive regulation of hydrolase activity"	-5.505845405981558	5.117887490167946	0.32289258591758574	0.8058656077513382	0.89326231	43085
"GO:0051347"	"positive regulation of transferase activity"	-11.204119982655925	4.943301563199376	0.2160083343379756	0.809812405220294	0.86111048	43085
"GO:0071900"	"regulation of protein serine/threonine kinase activity"	-6.978810700930062	4.946776391042226	0.2177435881632749	0.7593625527700806	0.87482533	43085
"GO:0043112"	"receptor metabolic process"	-3.688246138944246	4.091526272631091	0.03038540208981664	0.9935229134541753	0.09116776	null
"GO:0043397"	"regulation of corticotropin-releasing hormone secretion"	-3.0915149811213505	1.9138138523837167	0.00019936958843865107	0.7907367392657437	0.60434285	null
"GO:0043491"	"phosphatidylinositol 3-kinase/protein kinase B signal transduction"	-3.415668775632469	3.6844862921887342	0.01190064148272689	0.7961485541605624	0.54815775	null
"GO:0043550"	"regulation of lipid kinase activity"	-3.9746941347352296	2.484299839346786	0.0007482512948808633	0.8298671960672279	0.56782655	null
"GO:0043627"	"response to estrogen"	-3.8096683018297086	3.6615287401319825	0.011287764599748814	0.8890746290628442	0.67717242	null
"GO:0044057"	"regulation of system process"	-27.348721986001856	4.786630768031185	0.15059049580066114	0.713484874637363	0.18362682	null
"GO:0001817"	"regulation of cytokine production"	-7.856985199745905	4.770697404733859	0.14516567391277488	0.6934729358311847	0.72353657	44057
"GO:0050865"	"regulation of cell activation"	-5.886056647693163	4.738931108940746	0.13492644566703674	0.7109462741351535	0.71949862	44057
"GO:0051240"	"positive regulation of multicellular organismal process"	-26.903089986991944	5.195669996526704	0.38622565851159724	0.6347544771619441	0.7822692	44057
"GO:0051241"	"negative regulation of multicellular organismal process"	-12.467245621007502	4.98910259929672	0.24003360042130487	0.678040645077312	0.81374012	44057
"GO:2000026"	"regulation of multicellular organismal development"	-13.062482107982653	5.217912762744763	0.40652197488524067	0.681989351700712	0.85249753	44057
"GO:0044062"	"regulation of excretion"	-6.208309350979882	2.4899584794248346	0.0007580967066556116	0.7274122208783731	0.55661565	null
"GO:0044070"	"regulation of monoatomic anion transport"	-7.991399828238082	3.2773799746672547	0.004659341122399587	0.8205662468950456	0.6242962	null
"GO:0044237"	"cellular metabolic process"	-5.543633966870957	7.206964612305403	39.640441131550894	0.9832055693462335	0.20885996	null
"GO:0044249"	"cellular biosynthetic process"	-4.241088107602026	6.9786911861886	23.43500411119782	0.9731358543380164	0.31794305	null
"GO:0044281"	"small molecule metabolic process"	-8.058488567365597	6.778861392387942	14.792283225323425	0.9905447842829361	0.07563516	null
"GO:0044283"	"small molecule biosynthetic process"	-4.548213564475709	6.400638651157823	6.191735160786158	0.972616599121561	0.6199216	null
"GO:0044409"	"symbiont entry into host"	-3.025028005701931	4.066735795350929	0.02869937532339101	0.9912731230358279	-0	null
"GO:0045069"	"regulation of viral genome replication"	-3.7520267336381936	3.7316693318286362	0.013266692366473203	0.8640512980023473	0.1477238	null
"GO:0045870"	"positive regulation of single stranded viral RNA replication via double stranded DNA intermediate"	-3.563837352959244	1.9637878273455553	0.00022398311787552163	0.8102460129858242	0.7740762	45069
"GO:0045187"	"regulation of circadian sleep/wake cycle, sleep"	-8.275724130399212	2.780317312140151	0.0014817344720996044	0.772614562924116	0.5352543	null
"GO:0042321"	"negative regulation of circadian sleep/wake cycle, sleep"	-4.3585258894959	1.8808135922807914	0.0001846014707765288	0.7705431153829743	0.89793723	45187
"GO:0042323"	"negative regulation of circadian sleep/wake cycle, non-REM sleep"	-3.563837352959244	0.6989700043360189	9.845411774748203E-06	0.7963717586735118	0.80136105	45187
"GO:0042749"	"regulation of circadian sleep/wake cycle"	-7.52432881167557	2.866877814337499	0.001809094413609982	0.7717124012305439	0.79741654	45187
"GO:0045188"	"regulation of circadian sleep/wake cycle, non-REM sleep"	-5.97061622231479	2.0293837776852097	0.00026090341203082736	0.789995363986802	0.91089348	45187
"GO:0045938"	"positive regulation of circadian sleep/wake cycle, sleep"	-4.063486257521107	2.311753861055754	0.0005021160005121583	0.7352894503291357	0.936464	45187
"GO:0048520"	"positive regulation of behavior"	-3.1511952989481964	3.2337573629655103	0.004213836239592231	0.7085067839080584	0.8371137	45187
"GO:0045429"	"positive regulation of nitric oxide biosynthetic process"	-4.675717544702307	3.5691397254724593	0.009124235362247896	0.7771977606573646	0.38760506	null
"GO:0045428"	"regulation of nitric oxide biosynthetic process"	-4.653647025549361	3.6143698395482886	0.010126006010328526	0.8460604430101258	0.97322829	45429
"GO:1904407"	"positive regulation of nitric oxide metabolic process"	-4.603800652904264	3.5733358400660675	0.00921284406822063	0.7798869827792807	0.97373699	45429
"GO:0045471"	"response to ethanol"	-9.931814138253838	3.302330928684399	0.004935012652092536	0.8963841425578966	0.61793214	null
"GO:0045597"	"positive regulation of cell differentiation"	-8.6903698325741	4.882604217705935	0.1878332271915899	0.7052516785982912	0.69749978	null
"GO:0002683"	"negative regulation of immune system process"	-4.809668301829708	4.667312835294965	0.11441353023434887	0.7555252779074688	0.8508248	45597
"GO:0002684"	"positive regulation of immune system process"	-3.677780705266081	5.129161200385081	0.33138425357330603	0.695252005860837	0.92993494	45597
"GO:0002694"	"regulation of leukocyte activation"	-5.337242168318426	4.717146037938382	0.12832509707206807	0.6770806530604645	0.85870699	45597
"GO:0002695"	"negative regulation of leukocyte activation"	-4.7594507517174005	4.336219504572429	0.053379361289741065	0.6657473853570941	0.92987806	45597
"GO:0002696"	"positive regulation of leukocyte activation"	-4.769551078621726	4.508112056839824	0.07929986913970939	0.6283322421154646	0.99163183	45597
"GO:0002761"	"regulation of myeloid leukocyte differentiation"	-3.3685562309868278	3.9903388547876015	0.024069570436315666	0.6940239562380769	0.92505457	45597
"GO:0010720"	"positive regulation of cell development"	-5.115771230367396	4.670913484999461	0.11536607382355575	0.7122509703146063	0.87567634	45597
"GO:0014013"	"regulation of gliogenesis"	-5.06398920428479	3.710709565724337	0.01264150871877669	0.7291667430223545	0.72463701	45597
"GO:0014015"	"positive regulation of gliogenesis"	-4.94692155651658	3.3604040547299387	0.00564142094693072	0.6869298574637711	0.71112202	45597
"GO:0030500"	"regulation of bone mineralization"	-3.8096683018297086	3.787247880331954	0.015078248133026871	0.7327136467183701	0.93909977	45597
"GO:0030501"	"positive regulation of bone mineralization"	-4.603800652904264	3.3049211619008916	0.004964548887416781	0.6962944277191789	0.7055073	45597
"GO:0030888"	"regulation of B cell proliferation"	-3.2984320149440727	3.9392695863387313	0.021399002492415217	0.6901933800149895	0.87361739	45597
"GO:0031294"	"lymphocyte costimulation"	-4.653647025549361	3.834865579900038	0.016825808723044677	0.6455980522340455	0.85993228	45597
"GO:0031295"	"T cell costimulation"	-4.767003889607846	3.8257505813480277	0.016476296605041116	0.6363386410711791	0.8587578	45597
"GO:0032944"	"regulation of mononuclear cell proliferation"	-4.872895201635193	4.43448906315119	0.06693403195062565	0.8139978845198358	0.99580733	45597
"GO:0032945"	"negative regulation of mononuclear cell proliferation"	-3.515700160653214	4.089551882886454	0.030247566324970165	0.7906494470405747	0.99808335	45597
"GO:0032946"	"positive regulation of mononuclear cell proliferation"	-4.189767482004916	4.225283430094444	0.041345806748055075	0.7443146747878692	0.99527928	45597
"GO:0042102"	"positive regulation of T cell proliferation"	-3.025028005701931	4.080482179068043	0.029622382677273656	0.6229945545105399	0.97834718	45597
"GO:0042129"	"regulation of T cell proliferation"	-3.474955192963155	4.292898175018025	0.04831143557868943	0.6753377030090659	0.97717656	45597
"GO:0045580"	"regulation of T cell differentiation"	-4.701146923590294	3.8806421264042847	0.018696436960246837	0.6910224051914932	0.91062656	45597
"GO:0045581"	"negative regulation of T cell differentiation"	-4.149966742310231	3.4755259150392805	0.0073545225957369065	0.6730694536283295	0.9491151	45597
"GO:0045596"	"negative regulation of cell differentiation"	-6.455931955649724	4.688837896131475	0.12022724588733767	0.7573510144822255	0.8501798	45597
"GO:0045598"	"regulation of fat cell differentiation"	-4.056505484093897	3.8822398480188234	0.018765354842670074	0.8142898694500352	0.74390242	45597
"GO:0045619"	"regulation of lymphocyte differentiation"	-4.732828271596986	4.074779882331932	0.029235950265114788	0.6841024671973158	0.93647579	45597
"GO:0045620"	"negative regulation of lymphocyte differentiation"	-3.774690718274137	3.5075860397630105	0.007918172419841243	0.6816976056227743	0.95299304	45597
"GO:0045670"	"regulation of osteoclast differentiation"	-3.4596705252091264	3.6541765418779604	0.011098240423084911	0.7065649652804709	0.88221807	45597
"GO:0045765"	"regulation of angiogenesis"	-3.6757175447023074	4.419790586106362	0.06470650753658887	0.7100301847700927	0.95231251	45597
"GO:0045766"	"positive regulation of angiogenesis"	-3.607303046740334	4.111564935454498	0.03182037085598619	0.6650736979199029	0.91031822	45597
"GO:0045778"	"positive regulation of ossification"	-3.381951903287907	3.469232742506612	0.007248684419158364	0.7028436185790234	0.87410521	45597
"GO:0050670"	"regulation of lymphocyte proliferation"	-4.91721462968355	4.432151213896942	0.06657467442084734	0.6697089276523487	0.94457861	45597
"GO:0050671"	"positive regulation of lymphocyte proliferation"	-4.218244625347531	4.22318432089504	0.041146437159616425	0.6260490902640649	0.96679515	45597
"GO:0050672"	"negative regulation of lymphocyte proliferation"	-3.55129368009492	4.086573365620574	0.03004081267770045	0.659236109243275	0.95906998	45597
"GO:0050767"	"regulation of neurogenesis"	-5.087246696328677	4.797641413381151	0.15445728127519348	0.6870554706322578	0.91128928	45597
"GO:0050769"	"positive regulation of neurogenesis"	-5.202732459169283	4.47872517886946	0.0741113371344171	0.640080852479148	0.91382189	45597
"GO:0050776"	"regulation of immune response"	-5.394694953858891	5.121280729337815	0.3254253180966397	0.7341218071595746	0.81148833	45597
"GO:0050778"	"positive regulation of immune response"	-3.1870866433571443	4.982216942836122	0.23625788500568892	0.6709264159966705	0.90321506	45597
"GO:0050863"	"regulation of T cell activation"	-5.35261702988538	4.503994848765824	0.07855161784482853	0.6858385231053316	0.95589586	45597
"GO:0050866"	"negative regulation of cell activation"	-5.0467236633326955	4.348655273245765	0.054930013644263906	0.6881572954989632	0.93175786	45597
"GO:0050867"	"positive regulation of cell activation"	-5.145693958198919	4.514149134475438	0.08040993931731226	0.6469586561151209	0.95751733	45597
"GO:0050868"	"negative regulation of T cell activation"	-4.025949097207123	4.204119982655925	0.03937918574604912	0.6602276940125948	0.97595443	45597
"GO:0051249"	"regulation of lymphocyte activation"	-4.804100347590766	4.673269794418788	0.11599371882419596	0.6788180434780308	0.98366424	45597
"GO:0051250"	"negative regulation of lymphocyte activation"	-3.869666231504994	4.290768950066559	0.04807514569609547	0.6674129316180426	0.98878617	45597
"GO:0051251"	"positive regulation of lymphocyte activation"	-4.889410289700751	4.472975734594228	0.07313664136871703	0.6297868764454917	0.95097645	45597
"GO:0051962"	"positive regulation of nervous system development"	-4.575118363368933	4.603955885435382	0.09888239315968357	0.6431680960081174	0.93349872	45597
"GO:0060252"	"positive regulation of glial cell proliferation"	-4.06198090252379	2.7573960287930244	0.001405432530845306	0.6952933763688124	0.85656374	45597
"GO:0060284"	"regulation of cell development"	-5.943095148663527	4.983062194978853	0.23671815800615842	0.7819273012868961	0.89691887	45597
"GO:0070169"	"positive regulation of biomineral tissue development"	-4.270025714300444	3.417471693203293	0.006433976594797951	0.6976352551463784	0.88576789	45597
"GO:0070664"	"negative regulation of leukocyte proliferation"	-3.318758762624413	4.093736784562339	0.03054046732526892	0.7907590600269138	0.94509724	45597
"GO:0070665"	"positive regulation of leukocyte proliferation"	-4.642065152999546	4.238773501720696	0.04265032380820921	0.7440942971279584	0.9660363	45597
"GO:1902105"	"regulation of leukocyte differentiation"	-7.978810700930062	4.303044784243365	0.04945350334456022	0.6817652682553421	0.7958027	45597
"GO:1902106"	"negative regulation of leukocyte differentiation"	-4.787812395596042	3.8611160441613954	0.017874345077055362	0.673496022218468	0.90810538	45597
"GO:1902107"	"positive regulation of leukocyte differentiation"	-3.7235381958267557	4.089410510983544	0.030237720913195414	0.6378364873391386	0.93848339	45597
"GO:1903670"	"regulation of sprouting angiogenesis"	-3.8096683018297086	3.3298045221640695	0.00525744988771554	0.7474758369079926	0.81873246	45597
"GO:1903706"	"regulation of hemopoiesis"	-6.51427857351842	4.404149249209695	0.06241744929895991	0.6803600395179317	0.80936936	45597
"GO:1903707"	"negative regulation of hemopoiesis"	-3.530177984021837	3.868115205327217	0.018164784724410434	0.6739253854786195	0.9090075	45597
"GO:1903708"	"positive regulation of hemopoiesis"	-3.5199930570428495	4.090963076595732	0.03034602044271765	0.6380920944446131	0.93869693	45597
"GO:1904018"	"positive regulation of vasculature development"	-4.503070351926785	4.116076171728611	0.03215265350338394	0.6648834715244626	0.79754834	45597
"GO:1905332"	"positive regulation of morphogenesis of an epithelium"	-3.4710832997223453	3.2931414834509307	0.00483163582845768	0.7727603072874967	0.70432657	45597
"GO:0045744"	"negative regulation of G protein-coupled receptor signaling pathway"	-3.6478174818886377	3.910464315995614	0.020025567549837843	0.7744097941305466	0.51931924	null
"GO:0045760"	"positive regulation of action potential"	-3.4559319556497243	2.745855195173729	0.0013685122366900002	0.7785237580079742	0.62613666	null
"GO:0045785"	"positive regulation of cell adhesion"	-9.274088367704952	4.56748513419138	0.09091745503391227	0.7451003920626448	0.48630164	null
"GO:0007162"	"negative regulation of cell adhesion"	-3.4078232426041333	4.46898205896257	0.07246715336803414	0.7936264340178714	0.88567528	45785
"GO:0022407"	"regulation of cell-cell adhesion"	-7.812479279163537	4.600046720062274	0.09799630609995623	0.8238692695541846	0.90486228	45785
"GO:0022408"	"negative regulation of cell-cell adhesion"	-4.603800652904264	4.301225384221708	0.04924674969729051	0.7968833128312276	0.93627524	45785
"GO:0022409"	"positive regulation of cell-cell adhesion"	-6.444905551421681	4.383617914519015	0.05953520500190238	0.7502602100762013	0.94573697	45785
"GO:0050870"	"positive regulation of T cell activation"	-5.108462542327436	4.292344693840592	0.04824990175509725	0.6282143051195788	0.97407053	45785
"GO:1903037"	"regulation of leukocyte cell-cell adhesion"	-8.120330794367947	4.47745408625333	0.07389473807537263	0.8255504707249263	0.8868909	45785
"GO:1903038"	"negative regulation of leukocyte cell-cell adhesion"	-4.454692883534176	4.214207829654449	0.040304654452875455	0.7988648122572316	0.93455922	45785
"GO:1903039"	"positive regulation of leukocyte cell-cell adhesion"	-6.732828271596986	4.30713219065578	0.049921160403860756	0.7523790715842886	0.93449222	45785
"GO:0045834"	"positive regulation of lipid metabolic process"	-12.920818753952375	4.117337595095921	0.03224618491524405	0.7469064559451949	0.42225528	null
"GO:0019217"	"regulation of fatty acid metabolic process"	-3.2262135550188065	4.094610863032137	0.0306020011488611	0.8065759184638208	0.84939666	45834
"GO:0019218"	"regulation of steroid metabolic process"	-7.341988603342887	3.8683504996479683	0.018174630136185182	0.8224381038831415	0.82281983	45834
"GO:0031392"	"regulation of prostaglandin biosynthetic process"	-3.306273051076353	3.0068937079479006	0.0024982732378423566	0.829027058267382	0.98974508	45834
"GO:0031394"	"positive regulation of prostaglandin biosynthetic process"	-3.826813731587726	2.960946195733831	0.0022472152375862774	0.7663215854773986	0.7693255	45834
"GO:0031998"	"regulation of fatty acid beta-oxidation"	-3.728158393463501	3.1136091510730277	0.003194836120905792	0.8273191057063443	0.85251816	45834
"GO:0045833"	"negative regulation of lipid metabolic process"	-3.318758762624413	3.9482172935599706	0.021844507375222574	0.7887739061339137	0.83200921	45834
"GO:0046889"	"positive regulation of lipid biosynthetic process"	-5.309803919971486	3.9204885646582976	0.020493224609138383	0.7491743484355688	0.86034484	45834
"GO:0046890"	"regulation of lipid biosynthetic process"	-8.954677021213342	4.419096217377991	0.06460313071295401	0.8071447495094936	0.89065116	45834
"GO:0050810"	"regulation of steroid biosynthetic process"	-6.87942606879415	3.8158432906632664	0.016104632310544372	0.8213442105795539	0.81688809	45834
"GO:0050994"	"regulation of lipid catabolic process"	-8.886056647693163	3.757547853469244	0.014081400190833615	0.8242258038699857	0.81040172	45834
"GO:0050995"	"negative regulation of lipid catabolic process"	-5.935542010773082	3.0707764628434346	0.0028945510617759715	0.8098305879250445	0.74106143	45834
"GO:0050996"	"positive regulation of lipid catabolic process"	-3.1511952989481964	3.467608105583633	0.007221609536777806	0.7643671152015528	0.89170977	45834
"GO:0060556"	"regulation of vitamin D biosynthetic process"	-3.4559319556497243	2.481442628502305	0.0007433285889934893	0.8400038088008814	0.83835682	45834
"GO:0071073"	"positive regulation of phospholipid biosynthetic process"	-3.173277479831008	3.1156105116742996	0.003209604238567914	0.7527356188191533	0.91745329	45834
"GO:1902932"	"positive regulation of alcohol biosynthetic process"	-3.2211255279972604	2.9508514588885464	0.0021955268257688493	0.7859999753468238	0.78643714	45834
"GO:1903725"	"regulation of phospholipid metabolic process"	-5.634512015109101	3.5171958979499744	0.00809538983178671	0.8058151539262071	0.78471006	45834
"GO:1903727"	"positive regulation of phospholipid metabolic process"	-7.195179321278838	3.1835545336188615	0.0037535632391227525	0.7523042290710843	0.75162569	45834
"GO:2001279"	"regulation of unsaturated fatty acid biosynthetic process"	-3.0540392964224314	3.0511525224473814	0.002766560708704245	0.8288287154098601	0.80814328	45834
"GO:2001280"	"positive regulation of unsaturated fatty acid biosynthetic process"	-3.4559319556497243	3.0013009330204183	0.0024662756495744246	0.7652260390919653	0.98482697	45834
"GO:0045937"	"positive regulation of phosphate metabolic process"	-18.0893755951108	5.115397472098318	0.32104657120982044	0.6989099661612995	0.53819043	null
"GO:0001932"	"regulation of protein phosphorylation"	-12.441291429466835	5.283142863303242	0.4724050091289119	0.7682676940933287	0.89777617	45937
"GO:0001934"	"positive regulation of protein phosphorylation"	-14.35359627377693	4.957070671419109	0.22296657910977885	0.7031289719443632	0.96611625	45937
"GO:0010562"	"positive regulation of phosphorus metabolic process"	-18.0893755951108	5.115397472098318	0.32104657120982044	0.7016515691953044	0.86754196	45937
"GO:0019220"	"regulation of phosphate metabolic process"	-13.014124642691606	5.431119203604928	0.6641887077951196	0.767243964180348	0.980076	45937
"GO:0031401"	"positive regulation of protein modification process"	-11.892790030352131	5.059582349244611	0.28232702805267945	0.7170358869939575	0.91594889	45937
"GO:0032147"	"activation of protein kinase activity"	-7.348721986001856	4.098366796439331	0.0308678272667793	0.7186143677705543	0.87493248	45937
"GO:0033135"	"regulation of peptidyl-serine phosphorylation"	-3.4559319556497243	3.9387198147823823	0.02137192761003466	0.8105087355978667	0.70194319	45937
"GO:0033138"	"positive regulation of peptidyl-serine phosphorylation"	-3.567030709125594	3.8258154449852038	0.016478757957984803	0.7469730218107677	0.79197767	45937
"GO:0033674"	"positive regulation of kinase activity"	-12.866461091629782	4.885191540606848	0.1889556041339112	0.6883156750090527	0.95280525	45937
"GO:0035303"	"regulation of dephosphorylation"	-3.3467874862246565	4.016029963076024	0.02553653679075315	0.8130708739539905	0.71086049	45937
"GO:0042325"	"regulation of phosphorylation"	-11.853871964321762	5.372272972952656	0.5800227438857408	0.7696035388449379	0.94832547	45937
"GO:0042327"	"positive regulation of phosphorylation"	-14.892790030352131	5.104637312986588	0.3131899326135714	0.6990574853129861	0.99464338	45937
"GO:0042509"	"regulation of tyrosine phosphorylation of STAT protein"	-5.357535479757878	3.829753918924975	0.016628900487549714	0.811667084470043	0.89924075	45937
"GO:0042531"	"positive regulation of tyrosine phosphorylation of STAT protein"	-5.939302159646388	3.823474229170301	0.01639014925201207	0.7457027396907789	0.89845877	45937
"GO:0043405"	"regulation of MAP kinase activity"	-8.570247719997592	4.285152078525091	0.04745734610723002	0.78198338716821	0.74374991	45937
"GO:0043406"	"positive regulation of MAP kinase activity"	-9.114073660198569	4.0463000196529695	0.02738009014557475	0.676214309641076	0.86831147	45937
"GO:0043549"	"regulation of kinase activity"	-9.404503778174426	5.236353327548778	0.42415510737381473	0.7526248935310733	0.94657571	45937
"GO:0045859"	"regulation of protein kinase activity"	-7.243363891754152	5.125848715277235	0.3288662895119142	0.7527599146846308	0.9598904	45937
"GO:0045860"	"positive regulation of protein kinase activity"	-9.104577453960593	4.618382845341753	0.1022224491042669	0.6976987487056332	0.90644737	45937
"GO:0050730"	"regulation of peptidyl-tyrosine phosphorylation"	-8.30539480106643	4.362463624755212	0.05670464911666227	0.7988130761101052	0.75376822	45937
"GO:0050731"	"positive regulation of peptidyl-tyrosine phosphorylation"	-8.835647144215564	4.171814181051147	0.03655601391964007	0.7336148361680671	0.8381884	45937
"GO:0071902"	"positive regulation of protein serine/threonine kinase activity"	-8.543633966870956	4.290479813330673	0.04804314810782754	0.7110153713040178	0.85530358	45937
"GO:0046013"	"regulation of T cell homeostatic proliferation"	-3.0915149811213505	1.9822712330395684	0.00023382852965026982	0.7510352805670143	0.57695867	null
"GO:0046110"	"xanthine metabolic process"	-3.563837352959244	3.4109458586877746	0.006337983829994155	0.9789811778687302	0.6685885	null
"GO:0046112"	"nucleobase biosynthetic process"	-5.066006836168758	5.195800057542198	0.3863413420999505	0.9697367522472962	0.5318852	null
"GO:0006144"	"purine nucleobase metabolic process"	-3.728158393463501	5.071171096656961	0.2899621448839967	0.9727520657053356	0.89282358	46112
"GO:0006145"	"purine nucleobase catabolic process"	-3.0915149811213505	4.483986464719332	0.07501465366475024	0.972638315768939	0.79815532	46112
"GO:0006206"	"pyrimidine nucleobase metabolic process"	-3.9430951486635273	5.089187756875502	0.3022442960729951	0.9726610639946732	0.89608466	46112
"GO:0006207"	"'de novo' pyrimidine nucleobase biosynthetic process"	-4.063486257521107	4.804861519542023	0.15704662457195226	0.9716029119226284	0.84724753	46112
"GO:0019856"	"pyrimidine nucleobase biosynthetic process"	-3.6270879970298933	4.968249394107917	0.22878029476276768	0.9707623207870115	0.92276685	46112
"GO:0046121"	"deoxyribonucleoside catabolic process"	-3.0915149811213505	2.6711728427150834	0.0011519131776455396	0.981281892316493	0.38453365	null
"GO:0046148"	"pigment biosynthetic process"	-3.309803919971486	5.25314165596348	0.44087261656733717	0.9937857240585553	0.04776458	null
"GO:0046425"	"regulation of receptor signaling pathway via JAK-STAT"	-7.712198270069774	3.933892035764211	0.021135637727440704	0.8003486110796643	0.52129518	null
"GO:0046427"	"positive regulation of receptor signaling pathway via JAK-STAT"	-6.991399828238082	3.765221366304981	0.014332458191089695	0.7393904649805995	0.97277278	46425
"GO:1904894"	"positive regulation of receptor signaling pathway via STAT"	-6.935542010773082	3.784902449886655	0.014997023485885198	0.7387279173831791	0.97532625	46425
"GO:0046655"	"folic acid metabolic process"	-3.728158393463501	4.841716021249686	0.1709557300567278	0.9752540171857841	0.28341861	null
"GO:0006760"	"folic acid-containing compound metabolic process"	-3.1511952989481964	5.246624123978228	0.43430572691358005	0.9856910568610668	0.90105672	46655
"GO:0046677"	"response to antibiotic"	-9.661543506395395	5.115703683637	0.32127301568063965	0.8791759473861986	0.57629611	null
"GO:0046683"	"response to organophosphorus"	-6.0343280287798935	3.9587071910872846	0.022378620964002664	0.8988779947361512	0.45920066	null
"GO:0046684"	"response to pyrethroid"	-3.0915149811213505	1	2.2152176493183455E-05	0.9287761250679053	0.2210921	null
"GO:0046717"	"acid secretion"	-4.5718652059712115	3.24551266781415	0.004329519827945522	0.9765918748984117	0.2104734	null
"GO:0046777"	"protein autophosphorylation"	-5.020907099361674	4.959513609718711	0.22422433046400295	0.9816994172349252	0.55396993	null
"GO:0046885"	"regulation of hormone biosynthetic process"	-4.315154638355588	3.0362295440862948	0.002673029296844137	0.8145613734007061	0.69783825	null
"GO:0046903"	"secretion"	-5.943095148663527	5.504394735350103	0.7862619683902224	0.9697048916107943	0.34980409	null
"GO:0046942"	"carboxylic acid transport"	-5.619788758288394	5.654939497755384	1.1120195691342598	0.9609857424370867	0.36594746	null
"GO:0015718"	"monocarboxylic acid transport"	-4.485452247339714	5.142849174377076	0.3419951461135409	0.96472475833646	0.87296883	46942
"GO:0048146"	"positive regulation of fibroblast proliferation"	-3.070070439915412	3.3636119798921444	0.0056832639469734	0.7757205938584542	0.69304437	null
"GO:0048265"	"response to pain"	-5.503070351926785	3.1812717715594614	0.003733872415573256	0.8722294760168517	0.43705016	null
"GO:0048384"	"retinoic acid receptor signaling pathway"	-5.201349354554731	3.7570162347313008	0.014064170720227807	0.7512368672010943	0.68793454	null
"GO:0048469"	"cell maturation"	-3.7931741239681505	4.275495631401224	0.04641373245910671	0.957085928403388	0.56542789	null
"GO:0048511"	"rhythmic process"	-6.723538195826756	4.754172441415161	0.13974577473077598	1	-0	null
"GO:0048518"	"positive regulation of biological process"	-14.732828271596986	6.254081146921754	4.418295905918426	0.7942727159411431	0.2774023	null
"GO:0048519"	"negative regulation of biological process"	-9.053056729302174	6.277663755515925	4.664847168934615	0.7932295830875915	0.31330319	null
"GO:0048523"	"negative regulation of cellular process"	-8.742321425130816	6.242988908587792	4.3068778422165455	0.7408318618969181	0.30931002	null
"GO:0009892"	"negative regulation of metabolic process"	-4.540607512240769	6.0749761643750535	2.9251604469836634	0.7344397507560325	0.87531209	48523
"GO:0010605"	"negative regulation of macromolecule metabolic process"	-3.350665141287858	6.054110682922082	2.787944943078998	0.7332277950283492	0.86905854	48523
"GO:0048565"	"digestive tract development"	-7.281498311132726	3.9463048549934747	0.021748514610418778	0.8983717005632772	0.52927147	null
"GO:0007494"	"midgut development"	-3.4559319556497243	2.60959440922522	0.0009993092951369425	0.9136314342956945	0.83820252	48565
"GO:0007497"	"posterior midgut development"	-3.563837352959244	1.6720978579357175	0.00011322223540960433	0.9219192992569065	0.75569913	48565
"GO:0035239"	"tube morphogenesis"	-3.6757175447023074	4.817161956022279	0.16155828451773063	0.8848711241063277	0.83123176	48565
"GO:0048566"	"embryonic digestive tract development"	-4.1911141326401875	3.1215598441875008	0.003253908591554281	0.9061694463700842	0.89093164	48565
"GO:0048568"	"embryonic organ development"	-4.515700160653214	4.675521720607797	0.11659675029539926	0.8895406058077016	0.61661264	null
"GO:0009887"	"animal organ morphogenesis"	-3.7825160557860937	5.101592432084546	0.31100178984663357	0.9519548266336533	0.72104683	48568
"GO:0048583"	"regulation of response to stimulus"	-10.774690718274137	5.966331372378243	2.2777433981468276	0.8061576957687017	0.28075942	null
"GO:0048589"	"developmental growth"	-3.4881166390211256	4.621404797687649	0.10293624145793613	0.9590337081502998	0.60915281	null
"GO:0035265"	"organ growth"	-3.1511952989481964	3.786041210242554	0.015036405132984194	0.904707265049237	0.86209017	48589
"GO:0060523"	"prostate epithelial cord elongation"	-3.0915149811213505	1.9138138523837167	0.00019936958843865107	0.9100013496269698	0.80707971	48589
"GO:0060736"	"prostate gland growth"	-3.6270879970298933	3.0770043267933502	0.0029363940618186515	0.9036795664402305	0.78076873	48589
"GO:0060737"	"prostate gland morphogenetic growth"	-3.0915149811213505	2.12057393120585	0.00032243723562300366	0.911836333258754	0.91198952	48589
"GO:0060740"	"prostate gland epithelium morphogenesis"	-3.453457336521869	2.9360107957152097	0.0021216862374582378	0.9015239871039982	0.89712244	48589
"GO:0048609"	"multicellular organismal reproductive process"	-5.79317412396815	5.047928737891978	0.2748518991627019	0.9908825669084905	-0	null
"GO:0048638"	"regulation of developmental growth"	-6.384049948343599	4.6391875599357535	0.10723868640350111	0.8001784224312007	0.66639043	null
"GO:0001558"	"regulation of cell growth"	-3.2873502983727887	4.6858312746260635	0.11939776994531513	0.8273590838819604	0.92039184	48638
"GO:0040014"	"regulation of multicellular organism growth"	-5.211831628858833	3.6377898293622293	0.010687194481489174	0.7391422129112103	0.78140286	48638
"GO:0040018"	"positive regulation of multicellular organism growth"	-3.987162775294828	3.318272080211627	0.005119614122869065	0.6962990125476718	0.74700301	48638
"GO:0045927"	"positive regulation of growth"	-5.6439741428068775	4.411905774756818	0.06354228759422491	0.763688729176002	0.879506	48638
"GO:0046620"	"regulation of organ growth"	-4.0915149811213505	3.937517892017347	0.02131285513938617	0.7291437664711753	0.81667573	48638
"GO:0046622"	"positive regulation of organ growth"	-3.162411561764489	3.2884728005997825	0.004779947416640252	0.6970632669341719	0.85418383	48638
"GO:0048639"	"positive regulation of developmental growth"	-4.211831628858833	4.076676845705642	0.029363940618186517	0.7441568286223731	0.83415679	48638
"GO:0060420"	"regulation of heart growth"	-3.2984320149440727	3.3352572564345317	0.005323906417195091	0.74375706297256	0.7487555	48638
"GO:0048661"	"positive regulation of smooth muscle cell proliferation"	-6.991399828238082	3.298853076409707	0.004895631004993544	0.7774982773701073	0.68658542	null
"GO:0048856"	"anatomical structure development"	-12.954677021213342	6.122977274352911	3.2670128346264704	0.9506673861943781	-0	null
"GO:0007275"	"multicellular organism development"	-3.2975694635544746	5.950369236249014	2.195546516592399	0.8689993511383959	0.86661767	48856
"GO:0009653"	"anatomical structure morphogenesis"	-3.6020599913279625	5.775654130082595	1.4683422507330033	0.9519247958408764	0.82099838	48856
"GO:0009888"	"tissue development"	-3.492144128304169	5.408885837145902	0.631041667702486	0.9551041366116664	0.73930168	48856
"GO:0030154"	"cell differentiation"	-5.295849483160201	5.923255938243652	2.06266791657451	0.946247706828197	0.85920872	48856
"GO:0048468"	"cell development"	-3.43297363384094	5.631230628305685	1.0529397144269397	0.9475618024818137	0.89520269	48856
"GO:0048513"	"animal organ development"	-7.920818753952375	5.626726235442988	1.042075302533505	0.9532676988528466	0.7857413	48856
"GO:0048731"	"system development"	-3.480172006224281	5.901913628675514	1.963753525826558	0.8681123452340487	0.85346525	48856
"GO:0048869"	"cellular developmental process"	-7.471083299722345	5.933789366689749	2.113307792037927	0.9480095494271984	0.86207197	48856
"GO:0048870"	"cell motility"	-6.392544976785332	5.531902785916386	0.8376747086779577	0.9955308862809372	0.01478176	null
"GO:0048878"	"chemical homeostasis"	-32.769551078621724	5.782903837869686	1.4930591569935086	0.9691520902142214	-0	null
"GO:0006873"	"intracellular monoatomic ion homeostasis"	-22.365522729839267	5.596974053521058	0.9730761954631258	0.9682027926185178	0.9690419	48878
"GO:0006874"	"intracellular calcium ion homeostasis"	-25.32513885926219	5.034492091614136	0.26647837644827854	0.9708417689841643	0.76423935	48878
"GO:0019725"	"cellular homeostasis"	-23.583359492661717	5.779076036136566	1.4799573752742623	0.9691764314071621	0.91989953	48878
"GO:0030003"	"intracellular monoatomic cation homeostasis"	-24.422508200162774	5.594628972065761	0.9678359750460162	0.9681018043710324	0.90914099	48878
"GO:0048871"	"multicellular organismal-level homeostasis"	-7.536107011014093	4.646687934336095	0.10910685328775957	0.8950133637796088	0.70233976	48878
"GO:0050801"	"monoatomic ion homeostasis"	-29.101274818410506	5.666189327431937	1.1412013696346135	0.9685690952671866	0.89234402	48878
"GO:0051480"	"regulation of cytosolic calcium ion concentration"	-24.903089986991944	4.3310019048442046	0.05274187087732612	0.9741074172882324	0.87155688	48878
"GO:0055074"	"calcium ion homeostasis"	-25.772113295386326	5.051488247049932	0.27711388251795027	0.9712289990304303	0.77319972	48878
"GO:0055080"	"monoatomic cation homeostasis"	-25.598599459218455	5.657036720520181	1.1174025480221035	0.9678581826336652	0.9684689	48878
"GO:0055082"	"intracellular chemical homeostasis"	-23.910094888560604	5.653591632098624	1.1085736750130981	0.9686337320934189	0.92289349	48878
"GO:0098771"	"inorganic ion homeostasis"	-24.66354026615147	5.605056036739983	0.9913542024229459	0.96895361595551	0.91154309	48878
"GO:0050729"	"positive regulation of inflammatory response"	-8.26680273489343	3.6980135039391815	0.012277228483111009	0.750655726138618	0.68339525	null
"GO:0002673"	"regulation of acute inflammatory response"	-3.7721132953863266	3.09795107099415	0.0030816138854961876	0.827549723296746	0.74234851	50729
"GO:0002861"	"regulation of inflammatory response to antigenic stimulus"	-3.08460016478773	2.9703468762300935	0.002296442296460018	0.7888604601422067	0.73125887	50729
"GO:0002863"	"positive regulation of inflammatory response to antigenic stimulus"	-4.485452247339714	2.59659709562646	0.000969773059812698	0.747457173417997	0.70058141	50729
"GO:0050728"	"negative regulation of inflammatory response"	-5.173925197299174	4.2007137339640135	0.03907151662808824	0.7704209253433866	0.85423086	50729
"GO:0050789"	"regulation of biological process"	-11.701146923590294	7.03498324614998	26.67823535368239	0.7633407808011098	0.67600498	null
"GO:0050792"	"regulation of viral process"	-3.048176964684088	4.019116290447073	0.02571867690858599	0.8599452935077084	0.15603708	null
"GO:0050793"	"regulation of developmental process"	-13.047207556955907	5.763972018350213	1.4293716495756061	0.8136854186581731	0.23698226	null
"GO:0050794"	"regulation of cellular process"	-11.337242168318426	7.003509775209796	24.81324853742716	0.7544554754826115	0.51240944	null
"GO:0050795"	"regulation of behavior"	-10.494850021680094	3.791971201020768	0.015243158780253906	0.7494592783856874	0.6168675	null
"GO:0050804"	"modulation of chemical synaptic transmission"	-9.39577394691553	5.00094573149735	0.24666940795748515	0.7977427300031834	0.69823127	null
"GO:0032228"	"regulation of synaptic transmission, GABAergic"	-6.444905551421681	3.4574276929464847	0.007054237536607087	0.8380209533368215	0.76969224	50804
"GO:0032229"	"negative regulation of synaptic transmission, GABAergic"	-4.3585258894959	1.6901960800285136	0.00011814494129697842	0.8434316338202321	0.80863733	50804
"GO:0046928"	"regulation of neurotransmitter secretion"	-3.2873502983727887	4.200275799111851	0.03903213498098925	0.7630031156669399	0.86474144	50804
"GO:0050805"	"negative regulation of synaptic transmission"	-6.647817481888637	3.4892551683692603	0.007590812478330863	0.8081673734340222	0.77333479	50804
"GO:0050806"	"positive regulation of synaptic transmission"	-5.638272163982407	4.315676520348013	0.05091308564016664	0.7422051237667208	0.88165322	50804
"GO:0051966"	"regulation of synaptic transmission, glutamatergic"	-5.823908740944319	4.2820326856053805	0.047117679401001214	0.8187717728100593	0.87665487	50804
"GO:0051967"	"negative regulation of synaptic transmission, glutamatergic"	-5.062482107982653	3.3481100684802376	0.005483894358534749	0.8109890346224982	0.75743764	50804
"GO:2000300"	"regulation of synaptic vesicle exocytosis"	-3.2225731776106885	3.9148189804474733	0.02022739849122018	0.7717300469443468	0.95266238	50804
"GO:0050817"	"coagulation"	-3.835647144215563	4.484356792265614	0.07507864884128611	0.9167701458504078	0.54928722	null
"GO:0050818"	"regulation of coagulation"	-4.24184537803261	3.966939163021113	0.02280689637620421	0.7438080159752956	0.63356677	null
"GO:0050878"	"regulation of body fluid levels"	-14.586700235918748	4.633306827560638	0.10579633357850049	0.8093869304082285	0.5330988	null
"GO:0050886"	"endocrine process"	-3.3726341434072675	3.8949249773595436	0.01932162060794335	0.9099364783611651	0.59109969	null
"GO:0050890"	"cognition"	-6.696803942579511	4.162982370585433	0.03582006938947765	0.9059626101702848	0.61641948	null
"GO:0050896"	"response to stimulus"	-31.681936665037238	6.83782868559364	16.94347616187058	1	-0	null
"GO:0050951"	"sensory perception of temperature stimulus"	-4.3585258894959	2.9020028913507296	0.0019616982961185793	0.9192864569256578	0.50882455	null
"GO:0050955"	"thermoception"	-5.347753658996677	2.4983105537896004	0.0007728648243177339	0.9228678229814706	0.39471963	null
"GO:0050974"	"detection of mechanical stimulus involved in sensory perception"	-4.501689446210399	3.482873583608754	0.0074800515958649465	0.8345674696407824	0.56162613	null
"GO:0050966"	"detection of mechanical stimulus involved in sensory perception of pain"	-4.33161408331	2.576341350205793	0.0009254687068263311	0.8514578148998106	0.78272283	50974
"GO:0050982"	"detection of mechanical stimulus"	-3.5287082889410613	4.023170121121397	0.025959889497067325	0.9050574770749598	0.87244686	50974
"GO:0051049"	"regulation of transport"	-23.29670862188134	5.454931710220159	0.7016234247156559	0.7598835951113551	0.21704104	null
"GO:0002791"	"regulation of peptide secretion"	-15.94692155651658	4.175221800343053	0.036843992214051456	0.790334248191404	0.85895407	51049
"GO:0002792"	"negative regulation of peptide secretion"	-3.149966742310231	3.564073978977147	0.009018397185669354	0.7772844839988599	0.9177348	51049
"GO:0002793"	"positive regulation of peptide secretion"	-7.669586226650809	3.8637985386805003	0.01798510595952128	0.7306165577728161	0.95605944	51049
"GO:0010959"	"regulation of metal ion transport"	-8.863279432843592	4.850787097711307	0.174564073472173	0.7771691220505859	0.82430094	51049
"GO:0017158"	"regulation of calcium ion-dependent exocytosis"	-3.025028005701931	4.250639533911599	0.043831773221178996	0.7853264514106458	0.86976525	51049
"GO:0032880"	"regulation of protein localization"	-7.202732459169283	4.947016873694681	0.21786419445751556	0.7710078703078059	0.9202676	51049
"GO:0033604"	"negative regulation of catecholamine secretion"	-4.33161408331	3.166726055580052	0.003610804768388903	0.784523606975531	0.87026679	51049
"GO:0034762"	"regulation of transmembrane transport"	-8.436518914605589	5.002813779224673	0.24773271242915798	0.7681289658940426	0.85062857	51049
"GO:0034764"	"positive regulation of transmembrane transport"	-3.0186344909214555	4.484499141895491	0.07510326237072297	0.7084462386375555	0.76709657	51049
"GO:0034765"	"regulation of monoatomic ion transmembrane transport"	-5.669586226650809	4.900459986731022	0.19571694067021952	0.7695516093714265	0.95871465	51049
"GO:0043269"	"regulation of monoatomic ion transport"	-18.82102305270683	4.9822576611249465	0.2362800371821821	0.7742977314178124	0.84697081	51049
"GO:0043270"	"positive regulation of monoatomic ion transport"	-8.829738284605043	4.441836474315132	0.06807609971649645	0.716210232306855	0.8845045	51049
"GO:0043271"	"negative regulation of monoatomic ion transport"	-4.275724130399211	4.30425349686627	0.04959133910940669	0.7621507913017148	0.86607947	51049
"GO:0046883"	"regulation of hormone secretion"	-13.1331221856625	4.305630775996965	0.04974886569780267	0.7251637735002228	0.87782137	51049
"GO:0046887"	"positive regulation of hormone secretion"	-3.7375489102695707	3.9731278535996988	0.02313425631771459	0.6722032439876814	0.94354969	51049
"GO:0046888"	"negative regulation of hormone secretion"	-3.417936637088291	3.66228551572213	0.01130745542329831	0.7201191199749174	0.92809617	51049
"GO:0050433"	"regulation of catecholamine secretion"	-4.709965388637482	4.24659704910637	0.04342564998547063	0.7839927599717191	0.86917886	51049
"GO:0050708"	"regulation of protein secretion"	-13.48678239993206	4.319439203046049	0.05135612917003031	0.7806115731027936	0.87986776	51049
"GO:0050709"	"negative regulation of protein secretion"	-3.3767507096020997	3.59659709562646	0.009719882774620164	0.7712874986032465	0.91999403	51049
"GO:0050714"	"positive regulation of protein secretion"	-5.847711655616943	3.8705209500127644	0.018265700195101604	0.7229282964344586	0.92980924	51049
"GO:0050796"	"regulation of insulin secretion"	-7.675717544702307	4.045557669136548	0.027333324439644698	0.7287166067392322	0.98089772	51049
"GO:0051046"	"regulation of secretion"	-22.422508200162774	4.996485403548352	0.2441489825431496	0.773789555623829	0.84949914	51049
"GO:0051047"	"positive regulation of secretion"	-10.033858267260968	4.331022171041829	0.0527443322302698	0.7168246070006714	0.88159172	51049
"GO:0051048"	"negative regulation of secretion"	-6.206209615309182	4.145569297792989	0.034412175505688654	0.7636609130638933	0.85477658	51049
"GO:0051050"	"positive regulation of transport"	-13.09799710864927	4.916648679381189	0.20315022656015438	0.700444301364321	0.83550391	51049
"GO:0051051"	"negative regulation of transport"	-4.649751981665837	4.67465909631365	0.1163653831186927	0.754410465491053	0.79576655	51049
"GO:0051222"	"positive regulation of protein transport"	-7.432973633840939	4.227320982548845	0.04154025363060635	0.7158237575722907	0.91591424	51049
"GO:0051223"	"regulation of protein transport"	-11.232102383981909	4.551157116440878	0.08756263097166682	0.7800709221714148	0.92201397	51049
"GO:0051282"	"regulation of sequestering of calcium ion"	-5.139661993429006	4.560253443542344	0.08941602973826317	0.7866589714815668	0.77826675	51049
"GO:0051588"	"regulation of neurotransmitter transport"	-6.150580586203101	4.224248100962593	0.04124735263030759	0.7983802773540521	0.73104951	51049
"GO:0051924"	"regulation of calcium ion transport"	-6.364516253185088	4.4785376378588975	0.07407933954614916	0.7892546131146416	0.89001767	51049
"GO:0051952"	"regulation of amine transport"	-5.772113295386326	4.326458757071222	0.05219298917088391	0.7954417584765654	0.74479512	51049
"GO:0051955"	"regulation of amino acid transport"	-3.712198270069774	3.5521813388393357	0.008774723244244336	0.8136859059805598	0.88439566	51049
"GO:0070201"	"regulation of establishment of protein localization"	-10.208309350979881	4.679337030520794	0.11762559582586046	0.7798782792003673	0.79649886	51049
"GO:0090087"	"regulation of peptide transport"	-14.064492734175287	4.175946470095546	0.03690552603764364	0.7997393262938494	0.72472871	51049
"GO:0090276"	"regulation of peptide hormone secretion"	-9.97061622231479	4.172515363010772	0.03661508639028856	0.7270513260440361	0.99902621	51049
"GO:0090277"	"positive regulation of peptide hormone secretion"	-3.1372724716820253	3.861175835513029	0.01787680642999905	0.6758307591387984	0.95571023	51049
"GO:1903530"	"regulation of secretion by cell"	-19.16241156176449	4.974695871909683	0.23220157535449268	0.7615970746618342	0.84563317	51049
"GO:1903531"	"negative regulation of secretion by cell"	-5.995678626217358	4.0948552900836805	0.030619230619466913	0.7590163626781886	0.84772527	51049
"GO:1903532"	"positive regulation of secretion by cell"	-8.675717544702307	4.300399811671333	0.0491532182854304	0.7095120012776015	0.87704862	51049
"GO:1904951"	"positive regulation of establishment of protein localization"	-6.543633966870957	4.3404441148401185	0.053901168113802723	0.7170199403837272	0.92507554	51049
"GO:1905952"	"regulation of lipid localization"	-4.366531544420414	4.160138257723402	0.03558624085982738	0.8034006832071396	0.72268369	51049
"GO:0051093"	"negative regulation of developmental process"	-5.987162775294828	4.8752465228514374	0.1846777727177831	0.7640120037140369	0.69651694	null
"GO:0051094"	"positive regulation of developmental process"	-12.950781977329818	5.12076142698027	0.3250364243315372	0.7135736579695684	0.50485457	null
"GO:0022603"	"regulation of anatomical structure morphogenesis"	-4.097453220686009	5.568935882496253	0.9122389347540132	0.7740919220253457	0.81740158	51094
"GO:0045595"	"regulation of cell differentiation"	-10.94692155651658	5.19929157277753	0.38945987627960205	0.7821036441090958	0.74260171	51094
"GO:0051174"	"regulation of phosphorus metabolic process"	-13.014124642691606	5.431204493647577	0.664319159501135	0.7963200655849282	0.26223565	null
"GO:0051179"	"localization"	-12.468521082957745	6.901755360044326	19.630402257434774	1	-0	null
"GO:0051239"	"regulation of multicellular organismal process"	-33.95078197732982	5.543332844310566	0.8600139479948613	0.8212248791177273	0.2223941	null
"GO:0051246"	"regulation of protein metabolic process"	-8.442492798094342	6.002777101043048	2.477140061467859	0.7781634787433075	0.3573542	null
"GO:0051247"	"positive regulation of protein metabolic process"	-11.723538195826755	5.446585315795559	0.68826812364321	0.7055758074222863	0.64264001	null
"GO:0031399"	"regulation of protein modification process"	-9.270025714300445	5.3634709522948985	0.5683854671679884	0.7916036691543097	0.7107113	51247
"GO:0051248"	"negative regulation of protein metabolic process"	-3.7166987712964503	5.34683590735996	0.5470258463226723	0.7531652919923492	0.70803903	51247
"GO:0051341"	"regulation of oxidoreductase activity"	-4.559090917934783	3.835056101720116	0.016833192781875738	0.8423603900311802	0.4965876	null
"GO:0051481"	"negative regulation of cytosolic calcium ion concentration"	-4.655607726314889	3.380211241711606	0.0059047857119052345	0.8394094355563715	0.40459748	null
"GO:0051590"	"positive regulation of neurotransmitter transport"	-3.586700235918748	2.9556877503135057	0.0022201403552057197	0.7655344169514272	0.59477171	null
"GO:0051716"	"cellular response to stimulus"	-13.46344155742847	6.749069834706852	13.811589142499587	0.8825609230604008	0.6276778	null
"GO:0051781"	"positive regulation of cell division"	-3.3496924768680634	4.330170175428303	0.05264095540663495	0.7668755615077781	0.46680775	null
"GO:0051896"	"regulation of phosphatidylinositol 3-kinase/protein kinase B signal transduction"	-13.903089986991944	4.334212409393176	0.05313322599537236	0.7898380819820381	0.61306061	null
"GO:0051953"	"negative regulation of amine transport"	-5.269217724333611	3.3854275148051305	0.005976164947272159	0.7892625360177588	0.63487801	null
"GO:0051958"	"methotrexate transport"	-3.563837352959244	2.2121876044039577	0.00039873917687730214	0.9746638894655664	0.52472494	null
"GO:0052314"	"phytoalexin metabolic process"	-3.563837352959244	2.037426497940624	0.00026582611791820145	0.9924106320561887	0.02189087	null
"GO:0055075"	"potassium ion homeostasis"	-4.145086977692144	4.46217330470679	0.07133985371982547	0.9740231241957702	0.67627777	null
"GO:0055081"	"monoatomic anion homeostasis"	-3.337242168318426	4.045362102653348	0.02732101767492626	0.9758337350975881	0.6239723	null
"GO:0060033"	"anatomical structure regression"	-4.06198090252379	3.0507663112330423	0.002764099355760558	0.9662988017176537	0.45082369	null
"GO:0060078"	"regulation of postsynaptic membrane potential"	-6.617982957425132	4.801389988015998	0.15579625727655924	0.7958832365418577	0.54982516	null
"GO:0001508"	"action potential"	-4.616184634019569	4.398599635095352	0.06162489365109269	0.8076499091302437	0.79818311	60078
"GO:0003254"	"regulation of membrane depolarization"	-4.3979400086720375	3.9969929818907057	0.02444123473081241	0.8070950465526991	0.74824375	60078
"GO:0019228"	"neuronal action potential"	-3.08460016478773	4.003072595967675	0.0247858241429286	0.733269517077428	0.90180381	60078
"GO:0051899"	"membrane depolarization"	-4.950781977329818	4.124178055474675	0.032758146327530956	0.81490756281369	0.76336961	60078
"GO:0086001"	"cardiac muscle cell action potential"	-6.032452023781138	3.765668554759014	0.014347226308751817	0.820999250895299	0.7222148	60078
"GO:0086002"	"cardiac muscle cell action potential involved in contraction"	-5.173925197299174	3.735918116531297	0.013397144072488617	0.7464640245297547	0.83156405	60078
"GO:0086010"	"membrane depolarization during action potential"	-4.145086977692144	4.099438915553507	0.0309441292080336	0.8127507516559597	0.87268233	60078
"GO:0086014"	"atrial cardiac muscle cell action potential"	-3.6270879970298933	2.6053050461411096	0.0009894638833621943	0.6600331145694726	0.8798156	60078
"GO:0086016"	"AV node cell action potential"	-4.752026733638194	2.330413773349191	0.0005242681770053417	0.7250189920948529	0.83961506	60078
"GO:0086043"	"bundle of His cell action potential"	-3.563837352959244	2.271841606536499	0.00045781164752579137	0.726412444645797	0.85208561	60078
"GO:0086048"	"membrane depolarization during bundle of His cell action potential"	-3.0915149811213505	2.0211892990699383	0.0002559807061434533	0.7332087109886949	0.97689818	60078
"GO:0060134"	"prepulse inhibition"	-3.0540392964224314	2.48572142648158	0.0007507126478245505	0.7075304962707832	0.42196833	null
"GO:0060135"	"maternal process involved in female pregnancy"	-3.844663962534938	3.1812717715594614	0.003733872415573256	0.9254645433040924	0.561357	null
"GO:0060748"	"tertiary branching involved in mammary gland duct morphogenesis"	-3.0915149811213505	1.9822712330395684	0.00023382852965026982	0.9082501359081983	0.77889859	60135
"GO:0060149"	"negative regulation of post-transcriptional gene silencing"	-4.939302159646388	3.2938043599193367	0.004839019887288742	0.7513361016686609	0.44676923	null
"GO:0060191"	"regulation of lipase activity"	-12.761953896871205	3.663229634532868	0.011332068952735181	0.8449380923918766	0.14587326	null
"GO:0060193"	"positive regulation of lipase activity"	-13.55129368009492	3.3126004392612596	0.005053157593389515	0.8472529810868962	0.54952718	null
"GO:0010517"	"regulation of phospholipase activity"	-12.489454989793387	3.501333178645566	0.007804950184431637	0.8451980455731695	0.93888915	60193
"GO:0010518"	"positive regulation of phospholipase activity"	-13.459670525209127	3.0729847446279304	0.0029093191794380938	0.8514835588559808	0.89333225	60193
"GO:0032429"	"regulation of phospholipase A2 activity"	-3.173277479831008	3.1398790864012365	0.003394205709344443	0.8519104690480225	0.91218094	60193
"GO:0032430"	"positive regulation of phospholipase A2 activity"	-3.826813731587726	2.1702617153949575	0.00036181888272199643	0.8661295531549356	0.81028252	60193
"GO:0060251"	"regulation of glial cell proliferation"	-4.0655015487564325	2.998695158311656	0.0024515075319123023	0.8505502065241233	0.65814825	null
"GO:0060359"	"response to ammonium ion"	-8.384049948343598	2.437750562820388	0.0006719493536265648	0.9063223083053865	0.19586263	null
"GO:0060371"	"regulation of atrial cardiac muscle cell membrane depolarization"	-4.3585258894959	2.754348335711019	0.0013955871190705577	0.8347258357217383	0.62683189	null
"GO:0060372"	"regulation of atrial cardiac muscle cell membrane repolarization"	-3.826813731587726	2.2600713879850747	0.0004455048828073562	0.8472487723555292	0.5887311	null
"GO:0099623"	"regulation of cardiac muscle cell membrane repolarization"	-3.294992040666664	3.787176992470554	0.015075786780083185	0.8168359035323685	0.82925866	60372
"GO:0060374"	"mast cell differentiation"	-3.0915149811213505	1.9590413923210936	0.00022152176493183453	0.9675861116125234	0.38161715	null
"GO:0060402"	"calcium ion transport into cytosol"	-8.151195298948196	2.2278867046136734	0.00041350729453942445	0.8324623005509522	0.34920871	null
"GO:0060405"	"regulation of penile erection"	-3.826813731587726	2.8656960599160706	0.0018041717077226082	0.775634779389437	0.54130356	null
"GO:0060557"	"positive regulation of vitamin D biosynthetic process"	-3.0915149811213505	1.9084850188786497	0.00019690823549496406	0.7924262059828088	0.6470058	null
"GO:0060688"	"regulation of morphogenesis of a branching structure"	-3.0259490972071226	3.7491176623563223	0.013810651367028042	0.7404649159483994	0.61291067	null
"GO:0061041"	"regulation of wound healing"	-7.91721462968355	4.047158001128309	0.027434239910335865	0.8070552419520572	0.53106411	null
"GO:0030193"	"regulation of blood coagulation"	-4.401209493236885	3.8840019247687874	0.01884165678392437	0.6641814534340829	0.9595657	61041
"GO:0030195"	"negative regulation of blood coagulation"	-3.162411561764489	3.697490887171057	0.012262460365448886	0.649644008191255	0.97578115	61041
"GO:0031347"	"regulation of defense response"	-7.636388020107856	5.000620597487598	0.24648480648670862	0.7832131503319713	0.75529819	61041
"GO:0031348"	"negative regulation of defense response"	-4.084072788302884	4.3539931244194845	0.055609347056721534	0.7711818750051538	0.79482821	61041
"GO:0042730"	"fibrinolysis"	-4.939302159646388	3.4807253789884878	0.00744313130170964	0.6585008950889333	0.94919999	61041
"GO:0050819"	"negative regulation of coagulation"	-3.0259490972071226	3.8076703012304836	0.015804347251414552	0.7193396405999251	0.96759307	61041
"GO:0061043"	"regulation of vascular wound healing"	-3.6270879970298933	2.7134905430939424	0.001270058118942518	0.7272189782240696	0.82667962	61041
"GO:0061045"	"negative regulation of wound healing"	-5.769551078621726	3.7777167386096258	0.014750888191516494	0.7812507042650377	0.94576829	61041
"GO:0090303"	"positive regulation of wound healing"	-4.1944991418416	3.678700434998304	0.011743114894330917	0.7525208942134568	0.93326629	61041
"GO:1900047"	"negative regulation of hemostasis"	-3.115771230367396	3.7004441010277516	0.012346146365534244	0.7877961681863305	0.97461015	61041
"GO:1903034"	"regulation of response to wounding"	-6.823908740944319	4.111766433052562	0.031835138973648314	0.8100661791408751	0.76329169	61041
"GO:1903035"	"negative regulation of response to wounding"	-5.03810452633215	3.830716949436898	0.016665820781705018	0.7837549096020306	0.95259862	61041
"GO:1903036"	"positive regulation of response to wounding"	-3.7721132953863266	3.7456992266025058	0.013702351837505811	0.7505375031207064	0.94168927	61041
"GO:0061900"	"glial cell activation"	-3.5287082889410613	3.1908917169221698	0.003817558415658615	0.8640992109524698	0.53475486	null
"GO:0048143"	"astrocyte activation"	-3.728158393463501	2.9111576087399764	0.0020035412961612593	0.8495661995469576	0.9432697	61900
"GO:0062012"	"regulation of small molecule metabolic process"	-6.115771230367396	4.847214712241026	0.17313402741189082	0.8214425954956861	0.27374882	null
"GO:0065007"	"biological regulation"	-18.903089986991944	7.055508065118343	27.969320810822822	1	-0	null
"GO:0065008"	"regulation of biological quality"	-49.64975198166584	6.0900643235623235	3.028571729559731	0.8101470496626796	0	null
"GO:0065009"	"regulation of molecular function"	-10.05551732784983	5.770877038060686	1.4522794614225014	0.8218409607450501	0.23746975	null
"GO:0070167"	"regulation of biomineral tissue development"	-3.318758762624413	3.8456560599835443	0.01724916142935885	0.7327431718405948	0.68554064	null
"GO:0070256"	"negative regulation of mucus secretion"	-3.563837352959244	1.8920946026904804	0.0001895241766639029	0.7075201146946793	0.67207197	null
"GO:0070305"	"response to cGMP"	-3.826813731587726	2.444044795918076	0.0006817947654013131	0.8921325650801837	0.67787645	null
"GO:0051591"	"response to cAMP"	-3.2262135550188065	3.549738731264899	0.008725496185370593	0.8768582758682341	0.79181588	70305
"GO:0070372"	"regulation of ERK1 and ERK2 cascade"	-8.555955204081924	4.481858091100589	0.07464791207614087	0.7843423204247719	0.63008072	null
"GO:0070482"	"response to oxygen levels"	-7.079876673709276	4.571510850866108	0.09176416044654062	0.911286249427583	0.29083845	null
"GO:0006970"	"response to osmotic stress"	-4.705533773838407	4.676748464410772	0.11692657158985334	0.9065189575234315	0.75398892	70482
"GO:0009266"	"response to temperature stimulus"	-5.405607449624573	5.205074381062382	0.3946804058731623	0.9015766516562569	0.73940544	70482
"GO:0009581"	"detection of external stimulus"	-3.567030709125594	4.580320418404609	0.09364463409551753	0.9090343360275719	0.75570565	70482
"GO:0009582"	"detection of abiotic stimulus"	-4.213958789757446	4.57992072059266	0.09355848674248848	0.9094619116404992	0.74055009	70482
"GO:0071214"	"cellular response to abiotic stimulus"	-3.0052430554123717	4.812679442785524	0.15989933263368555	0.9009153561556671	0.77369933	70482
"GO:0070661"	"leukocyte proliferation"	-4.055517327849832	3.7893691535914815	0.015152088721337482	0.9967205417341127	0.01058364	null
"GO:0070920"	"regulation of regulatory ncRNA processing"	-5.578396073130169	3.5634810853944106	0.009006090420950918	0.8397627691632673	0.20547456	null
"GO:0060965"	"negative regulation of miRNA-mediated gene silencing"	-5.066006836168758	3.2487087356009177	0.004361517416213454	0.7492922206905636	0.88792214	70920
"GO:0060967"	"negative regulation of gene silencing by regulatory ncRNA"	-4.939302159646388	3.3098430047160705	0.005021160005121583	0.7483108290431278	0.89443062	70920
"GO:1903798"	"regulation of miRNA processing"	-5.578396073130169	3.2860071220794747	0.004752872534259695	0.8451827162371056	0.89188175	70920
"GO:1903799"	"negative regulation of miRNA processing"	-5.503070351926785	2.9845273133437926	0.002372744237714317	0.7542943262944978	0.96267434	70920
"GO:0071216"	"cellular response to biotic stimulus"	-4.453457336521869	4.361028625813672	0.056517586292942054	0.9147311215088108	0.27757064	null
"GO:0071229"	"cellular response to acid chemical"	-9.581698708680255	4.228220648868423	0.0416264009836354	0.883750599658324	0.48201579	null
"GO:0009414"	"response to water deprivation"	-3.826813731587726	3.911743377855932	0.020084640020486332	0.8716275357005271	0.78440877	71229
"GO:0071396"	"cellular response to lipid"	-15.34582345812204	4.900798477444064	0.19586954455272812	0.8591866093935518	0.65601041	null
"GO:0031663"	"lipopolysaccharide-mediated signaling pathway"	-4.8297382846050425	3.6487502126980194	0.010960404658238438	0.73543239557807	0.88965395	71396
"GO:0032496"	"response to lipopolysaccharide"	-8.29413628771608	4.367374559874197	0.05734952358790828	0.8558908424104245	0.86354824	71396
"GO:0032526"	"response to retinoic acid"	-3.7189666327522723	3.8737854608182007	0.018403535959948078	0.8797276289408027	0.7973891	71396
"GO:0070542"	"response to fatty acid"	-5.866461091629782	4.011020355516257	0.025243635790454393	0.8774433985793089	0.81474467	71396
"GO:0071219"	"cellular response to molecule of bacterial origin"	-4.314258261397736	4.312388949370592	0.05052911458095146	0.9031797729686052	0.98007661	71396
"GO:0071222"	"cellular response to lipopolysaccharide"	-4.585026652029182	4.281374302355047	0.04704630016563428	0.8498435659353388	0.97534246	71396
"GO:0071398"	"cellular response to fatty acid"	-6.721246399047171	3.8901414600645774	0.019109944254786262	0.8713729854835132	0.7994187	71396
"GO:0071407"	"cellular response to organic cyclic compound"	-12.412289034981088	4.776526850213981	0.14712737220889346	0.8590379080003314	0.6399701	null
"GO:0007210"	"serotonin receptor signaling pathway"	-10.777283528852417	3.370698092575577	0.0057767953588335075	0.7527934649151569	0.76684913	71407
"GO:0014072"	"response to isoquinoline alkaloid"	-5.173925197299174	3.0008677215312267	0.0024638142966307377	0.8877019018062073	0.90808507	71407
"GO:0014074"	"response to purine-containing compound"	-7.242603971206976	3.9555915504057246	0.022218633022663005	0.8752630031318988	0.83602249	71407
"GO:0030518"	"nuclear receptor-mediated steroid hormone signaling pathway"	-3.9829666607012197	3.966751664051378	0.022797050964429463	0.7288461540496161	0.91909143	71407
"GO:0031960"	"response to corticosteroid"	-9.469800301796917	3.8361341494653747	0.01687503578191842	0.8687353640440177	0.82090048	71407
"GO:0032355"	"response to estradiol"	-6.111259039317107	3.8687619582120503	0.01819185960679099	0.8743580444103388	0.82497629	71407
"GO:0042220"	"response to cocaine"	-5.939302159646388	2.9552065375419416	0.0022176790022620328	0.8841005987975226	0.72425903	71407
"GO:0043278"	"response to morphine"	-5.173925197299174	2.998695158311656	0.0024515075319123023	0.8877309877735614	0.90360483	71407
"GO:0043401"	"steroid hormone receptor signaling pathway"	-8.00436480540245	4.333265860726174	0.053017542407019065	0.7163905481797772	0.89341261	71407
"GO:0048148"	"behavioral response to cocaine"	-3.173277479831008	2.6434526764861874	0.0010805339422786152	0.8221651869008626	0.8701867	71407
"GO:0048545"	"response to steroid hormone"	-12.314258261397736	4.458078570949283	0.0706703657191426	0.8584784685973524	0.90624031	71407
"GO:0051384"	"response to glucocorticoid"	-7.450996737974212	3.8107700112343634	0.015917569486824157	0.8682389122926905	0.83174918	71407
"GO:0070723"	"response to cholesterol"	-3.1511952989481964	2.8318697742805017	0.00166879729581982	0.8892676833227431	0.7125056	71407
"GO:0071383"	"cellular response to steroid hormone stimulus"	-5.555955204081924	4.427745699349721	0.06590272506722078	0.8495265665674863	0.97528062	71407
"GO:0071384"	"cellular response to corticosteroid stimulus"	-3.417936637088291	3.745777217889759	0.013704813190449496	0.8622042125172825	0.98472667	71407
"GO:0071385"	"cellular response to glucocorticoid stimulus"	-3.6345120151091	3.7335182514344876	0.013323303484178007	0.862415469280508	0.98315321	71407
"GO:0071392"	"cellular response to estradiol stimulus"	-3.6478174818886377	3.5703093854358796	0.009148848891684767	0.8717642223495063	0.78913488	71407
"GO:0071548"	"response to dexamethasone"	-4.533132379645891	3.2278867046136734	0.004157225121887429	0.8727351488742375	0.92235511	71407
"GO:0071466"	"cellular response to xenobiotic stimulus"	-8.636388020107855	4.792216535439859	0.15253988733206128	0.8726383275489868	0.64195185	null
"GO:0006805"	"xenobiotic metabolic process"	-6.478861916295964	4.777216512043379	0.14736120073854372	0.8659210148427604	0.9834872	71466
"GO:0042178"	"xenobiotic catabolic process"	-3.87942606879415	4.519210883619447	0.08135263749474439	0.8676176754657672	0.94052403	71466
"GO:0071495"	"cellular response to endogenous stimulus"	-20.642065152999546	5.451290473578162	0.6957654047096807	0.8880792043927616	0.36345271	null
"GO:0009725"	"response to hormone"	-20.220403508742177	5.403883727818924	0.6238151354598208	0.8567011061186434	0.94764641	71495
"GO:0009755"	"hormone-mediated signaling pathway"	-15.485452247339714	5.13002160770718	0.3320414348092705	0.6986673592224852	0.89167001	71495
"GO:0032870"	"cellular response to hormone stimulus"	-11.66354026615147	5.304944834393971	0.4967256375654837	0.8478431615730133	0.92663079	71495
"GO:0070848"	"response to growth factor"	-8.125518182300533	4.9209108146244525	0.20515376785631567	0.8978584381654796	0.85318869	71495
"GO:0071363"	"cellular response to growth factor stimulus"	-8.275724130399212	4.917090447138433	0.2033569802074241	0.8961300421894134	0.85251653	71495
"GO:0071559"	"response to transforming growth factor beta"	-3.5016894462103996	4.350984143686028	0.05522537599750635	0.9054650849304103	0.9017094	71495
"GO:0071560"	"cellular response to transforming growth factor beta stimulus"	-3.826813731587726	4.345667735635353	0.054553426643879785	0.9050010685158175	0.90090434	71495
"GO:0071496"	"cellular response to external stimulus"	-6.406713932979542	3.552911450216509	0.008789491361906458	0.9235623606675647	0.23619725	null
"GO:0071875"	"adrenergic receptor signaling pathway"	-9.27083521030723	4.32608996426356	0.05214868481789754	0.7719809998007412	0.62954642	null
"GO:0072347"	"response to anesthetic"	-7.473660722610156	1.9344984512435677	0.00020921500021339932	0.9212397517151615	0.24095963	null
"GO:0072488"	"ammonium transmembrane transport"	-4.889410289700751	4.421324177463862	0.06493541336035177	0.9629045544858993	0.5841351	null
"GO:0080090"	"regulation of primary metabolic process"	-3.7328282715969863	6.766150778424015	14.365627383358822	0.7402882418712871	0.58115211	null
"GO:0031323"	"regulation of cellular metabolic process"	-3.712198270069774	6.776818384108402	14.72286076554673	0.7335501136018727	0.80738335	80090
"GO:0060255"	"regulation of macromolecule metabolic process"	-3.393618634889395	6.788579695073296	15.12702476431192	0.7388693884847062	0.81834336	80090
"GO:0090066"	"regulation of anatomical structure size"	-16.560667306169737	5.195708742179063	0.38626011745280886	0.7918263795821627	0.59351112	null
"GO:0090218"	"positive regulation of lipid kinase activity"	-5.7594507517174005	1.9084850188786497	0.00019690823549496406	0.7701193269578239	0.6470058	null
"GO:0097164"	"ammonium ion metabolic process"	-5.519993057042849	4.194264516025517	0.03849556003926547	0.9949393325777759	0.03803692	null
"GO:0097190"	"apoptotic signaling pathway"	-3.640164517660112	4.6552441130877975	0.11127776658409155	0.768101456240635	0.53470923	null
"GO:0097327"	"response to antineoplastic agent"	-3.9829666607012197	1.0413926851582251	2.4613529436870507E-05	0.9284552085218003	0.22195079	null
"GO:0097366"	"response to bronchodilator"	-5.966576244513051	4.74170298395774	0.13579084205394779	0.886350438209697	0.53241151	null
"GO:0097746"	"blood vessel diameter maintenance"	-24.30803489723264	4.471262365845785	0.07284866307430564	0.7316696585835777	0.64835777	null
"GO:0001990"	"regulation of systemic arterial blood pressure by hormone"	-3.3726341434072675	3.864748335629659	0.01802448760662027	0.7525643337557099	0.93255511	97746
"GO:0002003"	"angiotensin maturation"	-3.0540392964224314	2.8432327780980096	0.001713101648806187	0.7644926837981013	0.71805672	97746
"GO:0002025"	"norepinephrine-epinephrine-mediated vasodilation involved in regulation of systemic arterial blood pressure"	-5.347753658996677	3.250907699700856	0.004383669592706637	0.7673749881834384	0.83618404	97746
"GO:0003018"	"vascular process in circulatory system"	-25.454692883534175	4.530302174485271	0.08345709426159682	0.8918485798274077	0.90355134	97746
"GO:0003044"	"regulation of systemic arterial blood pressure mediated by a chemical signal"	-3.294992040666664	4.026328938722349	0.026149413673731227	0.7476870571469598	0.9158296	97746
"GO:0003073"	"regulation of systemic arterial blood pressure"	-3.6478174818886377	4.191283300818515	0.038232195274290955	0.7428019208547507	0.8681075	97746
"GO:0003084"	"positive regulation of systemic arterial blood pressure"	-4.847711655616943	2.8603380065709936	0.0017820195312294247	0.7806137511331016	0.71540235	97746
"GO:0003085"	"negative regulation of systemic arterial blood pressure"	-4.485452247339714	3.584218112117405	0.0094466725978709	0.7612227830215711	0.94899921	97746
"GO:0008217"	"regulation of blood pressure"	-15.133712660915805	4.401400540781544	0.062023632827969986	0.7372151317868492	0.88922309	97746
"GO:0008361"	"regulation of cell size"	-3.079876673709276	4.624374927964111	0.10364264975277432	0.8026124175354452	0.78705019	97746
"GO:0019229"	"regulation of vasoconstriction"	-17.928117992693874	4.095308861385381	0.03065122820773484	0.6252492466354106	0.94236892	97746
"GO:0035150"	"regulation of tube size"	-24.195179321278836	4.484925911049592	0.07517710295903358	0.8092649948957851	0.76780387	97746
"GO:0035296"	"regulation of tube diameter"	-24.30803489723264	4.472639451880648	0.07308003025101222	0.8072138390628785	0.99511494	97746
"GO:0042310"	"vasoconstriction"	-7.79317412396815	3.9429995933660407	0.02158360396319175	0.7500468735227651	0.92127003	97746
"GO:0042311"	"vasodilation"	-7.79317412396815	3.6892200372638357	0.012031093188742303	0.7580018766887369	0.88813603	97746
"GO:0043114"	"regulation of vascular permeability"	-3.7772835288524167	3.6327608884794387	0.010564126834304821	0.7616789278137515	0.86479557	97746
"GO:0045776"	"negative regulation of blood pressure"	-7.092588639225414	3.630834517828051	0.010517361128374769	0.7607374992523936	0.79291733	97746
"GO:0045777"	"positive regulation of blood pressure"	-6.931814138253839	3.6415732531781755	0.010780725893349281	0.7604175802617225	0.80686566	97746
"GO:0045907"	"positive regulation of vasoconstriction"	-13.87942606879415	3.7797407511767407	0.01481980607393973	0.5891589157172015	0.89967795	97746
"GO:0098657"	"import into cell"	-9.61798295742513	5.7162362968393845	1.2805877868356113	0.968225814782999	0.37295553	null
"GO:0098660"	"inorganic ion transmembrane transport"	-13.07727454200674	6.190487735959	3.8164655749516183	0.9570529539157432	0.53254035	null
"GO:0098662"	"inorganic cation transmembrane transport"	-13.459670525209127	6.125479313810896	3.285888950351606	0.9521374008131877	0.42763092	null
"GO:0035725"	"sodium ion transmembrane transport"	-8.443697499232712	5.326604139262278	0.5221267999443341	0.9523826075209706	0.7245691	98662
"GO:0051209"	"release of sequestered calcium ion into cytosol"	-6.43533393574791	4.467563712055963	0.07223086348544018	0.7239021503989173	0.84926673	98662
"GO:0051283"	"negative regulation of sequestering of calcium ion"	-6.35261702988538	4.477208104931312	0.07385289507532995	0.7591619192703212	0.97111511	98662
"GO:0070509"	"calcium ion import"	-3.309803919971486	4.414103889258189	0.0638647248298479	0.9637409919478358	0.84113293	98662
"GO:0070588"	"calcium ion transmembrane transport"	-8.016824927962187	5.221510737005474	0.40990387382986665	0.9511654229976184	0.70489604	98662
"GO:0071805"	"potassium ion transmembrane transport"	-4.13430394008393	5.353237054922488	0.5551483110368395	0.9516355918725653	0.72973032	98662
"GO:0097553"	"calcium ion transmembrane import into cytosol"	-7.549750891680639	4.717429161244508	0.12840878307215342	0.9555552343257148	0.88946734	98662
"GO:0098664"	"G protein-coupled serotonin receptor signaling pathway"	-10.067019178076801	4.327930804554236	0.05237020658282938	0.7719204824257088	0.62974831	null
"GO:0098739"	"import across plasma membrane"	-7.580044251510242	5.284613437501947	0.4740073498952522	0.957065639766448	0.32863898	null
"GO:0006897"	"endocytosis"	-3.0236500209967265	5.373257828645101	0.5813395677106135	0.9569679635016065	0.8194923	98739
"GO:0006898"	"receptor-mediated endocytosis"	-3.369572124974976	4.814906530466386	0.16072142451687704	0.9610087669011629	0.73009099	98739
"GO:0098659"	"inorganic cation import across plasma membrane"	-5.823908740944319	4.932539715606996	0.2107213482149358	0.9546779030346556	0.74726606	98739
"GO:0099587"	"inorganic ion import across plasma membrane"	-5.823908740944319	4.9329960244977835	0.2109428699798676	0.9552964679293842	0.86440331	98739
"GO:1990573"	"potassium ion import across plasma membrane"	-3.4710832997223453	4.580514424693191	0.0936864770955602	0.9508101781331111	0.93615112	98739
"GO:0098810"	"neurotransmitter reuptake"	-5.503070351926785	3.7456212213069384	0.013699890484562124	0.9655543177888996	0.60391273	null
"GO:0001504"	"neurotransmitter uptake"	-4.910094888560602	3.7666358863102674	0.01437922389701975	0.9681846718407386	0.73691723	98810
"GO:0098700"	"neurotransmitter loading into synaptic vesicle"	-4.3585258894959	3.655234507034294	0.011125315305465469	0.9703701604470649	0.72641321	98810
"GO:0098838"	"folate transmembrane transport"	-4.063486257521107	3.5281450782531065	0.008302143479056423	0.9649671038509288	0.63937037	null
"GO:0015884"	"folic acid transport"	-3.6270879970298933	3.5390760987927767	0.008513819832213507	0.9696541073798173	0.72192848	98838
"GO:1904447"	"folate import across plasma membrane"	-4.3585258894959	2.27415784926368	0.0004602730004694785	0.9640401113975668	0.86422127	98838
"GO:0098900"	"regulation of action potential"	-4.767003889607846	3.523226041965701	0.008208612067196313	0.8235238762531345	0.69680767	null
"GO:0099177"	"regulation of trans-synaptic signaling"	-9.371611069949688	5.00105405543172	0.24673094178107735	0.802022869866627	0.69824703	null
"GO:0104004"	"cellular response to environmental stimulus"	-3.0052430554123717	4.812679442785524	0.15989933263368555	0.9158143739382477	0.30768993	null
"GO:0120161"	"regulation of cold-induced thermogenesis"	-3.2676062401770314	3.6514718521990424	0.011029322540661673	0.7405309704168381	0.6040813	null
"GO:0120162"	"positive regulation of cold-induced thermogenesis"	-3.7520267336381936	3.479719235439571	0.007425901831103832	0.6925810133110977	0.58915191	null
"GO:1901342"	"regulation of vasculature development"	-4.798602875679548	4.425159104599705	0.06551136994917453	0.7115867600394084	0.68190806	null
"GO:0051960"	"regulation of nervous system development"	-4.718966632752273	4.88899899184618	0.19061947872384363	0.6920452259969987	0.80670446	1901342
"GO:1901615"	"organic hydroxy compound metabolic process"	-8.694648630553376	5.82401057106121	1.6412842926152864	0.9928943200414535	0.03771529	null
"GO:1901652"	"response to peptide"	-8.899629454882437	5.073641379946688	0.29161617406215434	0.880028662649356	0.57100285	null
"GO:1901653"	"cellular response to peptide"	-6.844663962534939	2.2430380486862944	0.00042827541220154676	0.9077876537436872	0.6311684	null
"GO:1901654"	"response to ketone"	-9.621602099051863	4.0050088206723675	0.02489658502539452	0.8867979724513564	0.69212269	null
"GO:1901655"	"cellular response to ketone"	-5.818156412055227	3.7424894645817752	0.013601436366814641	0.8805460224906574	0.66241331	null
"GO:0033574"	"response to testosterone"	-4.3325470471100465	2.598790506763115	0.000974695765700072	0.8916304979868953	0.81170245	1901655
"GO:1901657"	"glycosyl compound metabolic process"	-3.657577319177794	5.376452855189143	0.5856321672444037	0.993024500672522	0.04923076	null
"GO:1901698"	"response to nitrogen compound"	-24.33161408331	5.194450511165822	0.3851426632163749	0.8775458239450833	0.58647438	null
"GO:1901699"	"cellular response to nitrogen compound"	-11.709965388637482	4.935814488495356	0.212316304922445	0.8592459746582494	0.66067631	null
"GO:0043279"	"response to alkaloid"	-10.71669877129645	3.422917980767662	0.006515201241939623	0.8945312303429207	0.70128253	1901699
"GO:0043434"	"response to peptide hormone"	-5.422508200162775	4.731693498907015	0.13269645990005627	0.8519926817681108	0.86667077	1901699
"GO:0071375"	"cellular response to peptide hormone stimulus"	-4.211831628858833	4.664529157142216	0.11368250841007381	0.8446866255716204	0.85630809	1901699
"GO:1901700"	"response to oxygen-containing compound"	-34.97061622231479	5.564509832144328	0.9029891703916372	0.869242548440853	0.37551818	null
"GO:0009636"	"response to toxic substance"	-19.029188389127484	5.620163132442645	1.0264457113410923	0.8678934169689962	0.7161887	1901700
"GO:0070887"	"cellular response to chemical stimulus"	-20.610833915635467	5.946342695005116	2.1752846591599666	0.8539779341492141	0.70543593	1901700
"GO:1901701"	"cellular response to oxygen-containing compound"	-20.61798295742513	5.358646658683822	0.5621065558086429	0.8506509292588311	0.6088978	null
"GO:0097305"	"response to alcohol"	-12.785156151952302	4.451279718904047	0.06957260230625817	0.8792848423782909	0.74924324	1901701
"GO:1901889"	"negative regulation of cell junction assembly"	-3.2211255279972604	3.2538224387080734	0.004413205828030882	0.8362209765763087	0.63852415	null
"GO:1902653"	"secondary alcohol biosynthetic process"	-3.3615107430453626	4.583096708442514	0.09424520421377716	0.9619867266139099	0.60573922	null
"GO:0006695"	"cholesterol biosynthetic process"	-3.3615107430453626	4.1361813269606005	0.033676230975526224	0.9607127109730161	0.81102465	1902653
"GO:0008203"	"cholesterol metabolic process"	-3.2628073572952627	4.630193882888373	0.10504069822478856	0.9595232402322542	0.87775487	1902653
"GO:0016126"	"sterol biosynthetic process"	-3.162411561764489	4.786389359196785	0.15050680980057576	0.9637727707429813	0.88032117	1902653
"GO:1902803"	"regulation of synaptic vesicle transport"	-3.011887159731648	3.0211892990699383	0.002581959237927716	0.82329073474341	0.60055617	null
"GO:1902895"	"positive regulation of miRNA transcription"	-4.3325470471100465	3.447623097760286	0.006896710948211115	0.7749686201207777	0.4062403	null
"GO:1902893"	"regulation of miRNA transcription"	-4.709965388637482	3.533772058384718	0.008410443008578652	0.84384171290331	0.96536786	1902895
"GO:1902930"	"regulation of alcohol biosynthetic process"	-5.555955204081924	3.6114046377115936	0.01005708812790529	0.8377935982162419	0.19382338	null
"GO:0010565"	"regulation of cellular ketone metabolic process"	-4.552841968657781	4.4752497618479286	0.0735206124279322	0.8132662330463365	0.81154979	1902930
"GO:0062013"	"positive regulation of small molecule metabolic process"	-5.437707135543525	3.9484618700612835	0.02185681413994101	0.7614490794171452	0.71999414	1902930
"GO:1903522"	"regulation of blood circulation"	-19.43651891460559	4.515357149738369	0.08063392243518777	0.7112760591725259	0.69230565	null
"GO:0001996"	"positive regulation of heart rate by epinephrine-norepinephrine"	-6.441291429466834	3.29928933408768	0.004900553710880918	0.6088968258406572	0.94986616	1903522
"GO:0001997"	"positive regulation of the force of heart contraction by epinephrine-norepinephrine"	-3.563837352959244	1.8864907251724818	0.00018706282372021584	0.6618126759190276	0.81195009	1903522
"GO:0002027"	"regulation of heart rate"	-8.8153085691824	4.072213122603382	0.02906365555905669	0.6949060267725562	0.90841007	1903522
"GO:0003099"	"positive regulation of the force of heart contraction by chemical signal"	-3.0915149811213505	1.8920946026904804	0.0001895241766639029	0.7164461957407194	0.93508598	1903522
"GO:0006937"	"regulation of muscle contraction"	-8.730487055782083	4.259163671340216	0.044700630810300526	0.719038051126457	0.87471015	1903522
"GO:0006940"	"regulation of smooth muscle contraction"	-7.8696662315049934	3.7429606702141522	0.013616204484476762	0.7368749416294623	0.91368561	1903522
"GO:0006942"	"regulation of striated muscle contraction"	-3.4485500020271247	3.919601023784111	0.020451381609095706	0.7309953159354562	0.93661764	1903522
"GO:0008016"	"regulation of heart contraction"	-8.616184634019568	4.34022592125719	0.05387409323142216	0.7160227933319115	0.88585576	1903522
"GO:0010460"	"positive regulation of heart rate"	-7.068542129310995	3.5690225860295635	0.00912177400930421	0.6605123864783805	0.79007243	1903522
"GO:0010611"	"regulation of cardiac muscle hypertrophy"	-3.6798537138889458	3.111598524880394	0.0031800680032436695	0.7263438108097313	0.74244117	1903522
"GO:0014743"	"regulation of muscle hypertrophy"	-3.58838029403677	3.1565491513317814	0.0035271187683035437	0.7547804938045345	0.74686702	1903522
"GO:0031644"	"regulation of nervous system process"	-7.667561540084395	4.030073230712518	0.026375858144550433	0.7293131611589346	0.84467508	1903522
"GO:0031646"	"positive regulation of nervous system process"	-3.54515513999149	3.4614985267830187	0.007120694066086637	0.6939576667040215	0.79726866	1903522
"GO:0043502"	"regulation of muscle adaptation"	-3.114638779968488	3.292256071356476	0.004821790416682932	0.7205849280511257	0.76784182	1903522
"GO:0045822"	"negative regulation of heart contraction"	-3.453457336521869	3.0394141191761372	0.0026927201203936334	0.7320434147681727	0.73544185	1903522
"GO:0045823"	"positive regulation of heart contraction"	-6.889410289700751	3.642958879409791	0.0108151848345609	0.6840381233343171	0.99043312	1903522
"GO:0045933"	"positive regulation of muscle contraction"	-6.79317412396815	3.339650157613684	0.005378056181956205	0.696968516049027	0.76545083	1903522
"GO:0045986"	"negative regulation of smooth muscle contraction"	-3.0540392964224314	3.024074987307426	0.0025991887085335254	0.7329849641179899	0.86590973	1903522
"GO:0045987"	"positive regulation of smooth muscle contraction"	-5.578396073130169	3.266231696689893	0.0045411961811026086	0.6993361333663833	0.77754518	1903522
"GO:0051930"	"regulation of sensory perception of pain"	-6.129596094720973	2.7528164311882715	0.0013906644131831836	0.7668839689077499	0.70889569	1903522
"GO:0051931"	"regulation of sensory perception"	-6.032452023781138	2.781755374652469	0.0014866571779869786	0.7661379388712856	0.73887651	1903522
"GO:0055117"	"regulation of cardiac muscle contraction"	-3.9318141382538383	3.828788748184953	0.016591980193394407	0.731208257402165	0.92468632	1903522
"GO:0086091"	"regulation of heart rate by cardiac conduction"	-3.5287082889410613	3.7895102040902544	0.015157011427224858	0.7046325652546324	0.89972865	1903522
"GO:0090257"	"regulation of muscle system process"	-10.809668301829708	4.310778251612534	0.05034205175723125	0.719167647127422	0.88177418	1903522
"GO:0098801"	"regulation of renal system process"	-5.0835460514500745	3.1000257301078626	0.00309638200315831	0.758220913103109	0.74131013	1903522
"GO:1903524"	"positive regulation of blood circulation"	-15.549750891680638	3.643847310299714	0.010837337011054084	0.6859671568618617	0.79844972	1903522
"GO:1903597"	"negative regulation of gap junction assembly"	-3.563837352959244	1.919078092376074	0.00020183094138233817	0.8594853878026594	0.35946548	null
"GO:1903831"	"signal transduction involved in cellular response to ammonium ion"	-5.367542707815276	0.47712125471966244	4.922705887374102E-06	0.8299650210946818	0.38541523	null
"GO:1903995"	"regulation of non-membrane spanning protein tyrosine kinase activity"	-3.6270879970298933	1.462397997898956	6.891788242323742E-05	0.8433970108597667	0.3792702	null
"GO:1903997"	"positive regulation of non-membrane spanning protein tyrosine kinase activity"	-3.826813731587726	0.3010299956639812	2.461352943687051E-06	0.8174535789612402	0.5300871	null
"GO:1904645"	"response to amyloid-beta"	-5.146910470148135	3.1231980750319988	0.0032662153562727165	0.8924752626527281	0.67190642	null
"GO:1904646"	"cellular response to amyloid-beta"	-3.586700235918748	3.042181594515766	0.0027099495909994427	0.8855785994801519	0.66438153	null
"GO:1904892"	"regulation of receptor signaling pathway via STAT"	-7.623423042943488	3.951094556841663	0.02198972719890011	0.8018226685557263	0.52275566	null
"GO:1904999"	"positive regulation of leukocyte adhesion to arterial endothelial cell"	-3.563837352959244	1.8976270912904414	0.00019198552960758992	0.8148677689263546	0.6250849	null
"GO:1990384"	"hyaloid vascular plexus regression"	-6.441291429466834	2.27415784926368	0.0004602730004694785	0.9177590066389474	0.39938121	null
"GO:1990637"	"response to prolactin"	-3.0915149811213505	1.3010299956639813	4.676570593005396E-05	0.9027024515582931	0.48707349	null
"GO:2000145"	"regulation of cell motility"	-9.87942606879415	5.201752062778252	0.3916726325759767	0.812113808555235	0.20304387	null
"GO:0010632"	"regulation of epithelial cell migration"	-4.126098402135539	3.6870828446043706	0.011972020718093813	0.7393010842379619	0.75198739	2000145
"GO:0010634"	"positive regulation of epithelial cell migration"	-3.869666231504994	3.6184664921990803	0.010221998775132322	0.6923290327333572	0.74392021	2000145
"GO:0030334"	"regulation of cell migration"	-9.075204004202087	5.046436630136641	0.2739092009852698	0.8168552164416776	0.95769969	2000145
"GO:0030335"	"positive regulation of cell migration"	-9.423658649794207	4.785621639804695	0.15024098368265756	0.7405793175587482	0.90994218	2000145
"GO:0040017"	"positive regulation of locomotion"	-9.795880017344075	4.836387419326411	0.16887096411342487	0.7479027668202387	0.91886089	2000145
"GO:0050920"	"regulation of chemotaxis"	-5.2580609222708015	4.5081659713033675	0.07930971455148415	0.7898519421403503	0.86410234	2000145
"GO:0050921"	"positive regulation of chemotaxis"	-7.366531544420414	4.080590414453501	0.029629766736104717	0.7356284553557499	0.80185013	2000145
"GO:0050926"	"regulation of positive chemotaxis"	-4.22767829327708	3.65667304588485	0.011162235599620774	0.8126064256476593	0.82834194	2000145
"GO:0050927"	"positive regulation of positive chemotaxis"	-4.315154638355588	3.6497241859295224	0.010985018187675307	0.7501316080517285	0.82757302	2000145
"GO:2000147"	"positive regulation of cell motility"	-9.7281583934635	4.823161111289468	0.1638054997553169	0.7391835367826988	0.98692132	2000145
"GO:2000241"	"regulation of reproductive process"	-3.657577319177794	4.755791036368597	0.14026758155483765	0.8436439764777834	0.18233146	null
"GO:2000377"	"regulation of reactive oxygen species metabolic process"	-10.490797477668897	3.8928734068887656	0.019230550549026927	0.8397597103658022	0.20197413	null
"GO:2000379"	"positive regulation of reactive oxygen species metabolic process"	-8.443697499232712	3.3242824552976926	0.00519099335823599	0.7787377474613237	0.3990033	null
"GO:1903426"	"regulation of reactive oxygen species biosynthetic process"	-7.220403508742176	3.3191060593097763	0.005129459534643814	0.8468484840822307	0.86657335	2000379
"GO:1903427"	"negative regulation of reactive oxygen species biosynthetic process"	-3.2211255279972604	2.552668216112193	0.0008762416479525901	0.8323873008951147	0.86157914	2000379
"GO:1903428"	"positive regulation of reactive oxygen species biosynthetic process"	-3.9829666607012197	2.709269960975831	0.0012577513542240829	0.7928655801213208	0.80897792	2000379
